/*
SQLyog Professional v12.3.1 (64 bit)
MySQL - 5.5.20 : Database - damai
*********************************************************************
*/


/*!40101 SET NAMES utf8 */;

/*!40101 SET SQL_MODE=''*/;

/*!40014 SET @OLD_UNIQUE_CHECKS=@@UNIQUE_CHECKS, UNIQUE_CHECKS=0 */;
/*!40014 SET @OLD_FOREIGN_KEY_CHECKS=@@FOREIGN_KEY_CHECKS, FOREIGN_KEY_CHECKS=0 */;
/*!40101 SET @OLD_SQL_MODE=@@SQL_MODE, SQL_MODE='NO_AUTO_VALUE_ON_ZERO' */;
/*!40111 SET @OLD_SQL_NOTES=@@SQL_NOTES, SQL_NOTES=0 */;
CREATE DATABASE /*!32312 IF NOT EXISTS*/`damai` /*!40100 DEFAULT CHARACTER SET utf8 */;

USE `damai`;

/*Table structure for table `city` */

DROP TABLE IF EXISTS `city`;

CREATE TABLE `city` (
  `city_id` INT(10) NOT NULL AUTO_INCREMENT,
  `city_name` VARCHAR(255) NOT NULL,
  `count` INT(10) NOT NULL DEFAULT '0',
  `areainfo_id` VARCHAR(255) NOT NULL,
  PRIMARY KEY (`city_id`)
) ENGINE=INNODB AUTO_INCREMENT=136 DEFAULT CHARSET=utf8;

/*Data for the table `city` */

INSERT  INTO `city`(`city_id`,`city_name`,`count`,`areainfo_id`) VALUES

(1,'上海',641,'310000'),

(2,'北京',581,'110000'),

(3,'成都',214,'510100'),

(4,'深圳',187,'440300'),

(5,'杭州',175,'330100'),

(6,'广州',168,'440100'),

(7,'天津',160,'120000'),

(8,'重庆',159,'500000'),

(9,'南京',149,'320100'),

(10,'武汉',122,'420100'),

(11,'西安',106,'610100'),

(12,'长沙',84,'430100'),

(13,'苏州',78,'320500'),

(14,'济南',55,'370100'),

(15,'昆明',51,'530100'),

(16,'南昌',45,'360100'),

(17,'厦门',44,'350200'),

(18,'宁波',44,'330200'),

(19,'大连',42,'210200'),

(20,'石家庄',40,'130100'),

(21,'合肥',39,'340100'),

(22,'无锡',38,'320200'),

(23,'贵阳',38,'520100'),

(24,'香港',38,'810000'),

(25,'佛山',34,'440600'),

(26,'太原',33,'140100'),

(27,'福州',33,'350100'),

(28,'郑州',33,'410100'),

(29,'沈阳',31,'210100'),

(30,'哈尔滨',29,'230100'),

(31,'长春',28,'220100'),

(32,'青岛',28,'370200'),

(33,'常州',24,'320400'),

(34,'南宁',23,'450100'),

(35,'珠海',23,'440400'),

(36,'绍兴',22,'330600'),

(37,'澳门',20,'820000'),

(38,'东莞',18,'441900'),

(39,'中山',16,'442000'),

(40,'呼和浩特',16,'150100'),

(41,'潍坊',14,'370700'),

(42,'烟台',13,'370600'),

(43,'银川',13,'640100'),

(44,'包头',12,'150200'),

(45,'台州',11,'331000'),

(46,'南通',10,'320600'),

(47,'河源',10,'441600'),

(48,'海口',10,'460100'),

(49,'泉州',9,'350500'),

(50,'宜昌',8,'420500'),

(51,'江门',8,'440700'),

(52,'兰州',7,'620100'),

(53,'温州',7,'330300'),

(54,'嘉兴',6,'330400'),

(55,'扬州',6,'321000'),

(56,'金华',6,'330700'),

(57,'唐山',5,'130200'),

(58,'惠州',5,'441300'),

(59,'柳州',5,'450200'),

(60,'萍乡',5,'360300'),

(61,'马鞍山',5,'340500'),

(62,'乌鲁木齐',4,'650100'),

(63,'晋中',4,'140700'),

(64,'东营',3,'370500'),

(65,'乐山',3,'511100'),

(66,'德州',3,'371400'),

(67,'新乡',3,'410700'),

(68,'桂林',3,'450300'),

(69,'汕头',3,'440500'),

(70,'泰安',3,'370900'),

(71,'蚌埠',3,'340300'),

(72,'丽水',2,'331100'),

(73,'九江',2,'360400'),

(74,'北海',2,'450500'),

(76,'安庆',2,'340800'),

(77,'广安',2,'511600'),

(78,'廊坊',2,'131000'),

(79,'徐州',2,'320300'),

(80,'泰州',2,'321200'),

(81,'淄博',2,'370300'),

(82,'绵阳',2,'510700'),

(83,'芜湖',2,'340200'),

(84,'荆州',2,'421000'),

(86,'三亚',1,'460200'),

(87,'上饶',1,'361100'),

(89,'临沂',1,'371300'),

(90,'丽江',1,'530700'),

(91,'凉山',1,'513400'),

(93,'咸宁',1,'421200'),

(95,'大庆',1,'230600'),

(98,'安阳',1,'410500'),

(99,'宜宾',1,'511500'),

(100,'岳阳',1,'430600'),

(101,'崇左',1,'451400'),

(102,'巴中',1,'511900'),

(104,'开封',1,'410200'),

(106,'抚顺',1,'210400'),

(107,'文山',1,'532601'),

(108,'新余',1,'360500'),

(110,'日照',1,'371100'),

(111,'昌吉',1,'652301'),

(112,'本溪',1,'210500'),

(115,'湖州',1,'330500'),

(116,'湛江',1,'440800'),

(117,'滨州',1,'371600'),

(118,'盐城',1,'320900'),

(120,'肇庆',1,'441200'),

(121,'菏泽',1,'371700'),

(122,'营口',1,'210800'),

(123,'衡水',1,'131100'),

(124,'襄阳',1,'420600'),

(125,'贵港',1,'450800'),

(126,'赣州',1,'360700'),

(127,'遵义',1,'520300'),

(128,'邯郸',1,'130400'),

(129,'铜陵',1,'340700'),

(130,'阳江',1,'441700'),

(132,'黄冈',1,'421100'),

(133,'黄山',1,'341000'),

(134,'黔东南',1,'522600'),

(135,'黔西南',1,'522300');

/*Table structure for table `t_address` */

DROP TABLE IF EXISTS `t_address`;

CREATE TABLE `t_address` (
  `address_id` BIGINT(20) NOT NULL AUTO_INCREMENT COMMENT '主键，地址id',
  `user_id` INT(11) NOT NULL COMMENT '外键，用户id',
  `address_alias` VARCHAR(255) NOT NULL COMMENT '地址别名',
  `address_addressee` VARCHAR(255) NOT NULL COMMENT '收件人',
  `phone` VARCHAR(11) NOT NULL COMMENT '手机号',
  `tele_phone` VARCHAR(32) DEFAULT NULL COMMENT '座机号',
  `province_id` VARCHAR(255) NOT NULL COMMENT '外键，省id',
  `city_id` VARCHAR(255) NOT NULL COMMENT '外键，市id',
  `area_id` VARCHAR(255) NOT NULL COMMENT '外键，区id',
  `detailed` VARCHAR(255) NOT NULL COMMENT '地址详细描述',
  `preferred` INT(10) NOT NULL COMMENT '是否首选地址(1.为首选,0.为非首选)',
  PRIMARY KEY (`address_id`),
  KEY `user_id` (`user_id`),
  CONSTRAINT `t_address_ibfk_4` FOREIGN KEY (`user_id`) REFERENCES `t_user` (`id`) ON DELETE CASCADE ON UPDATE CASCADE,
  CONSTRAINT `t_address_ibfk_1` FOREIGN KEY (`user_id`) REFERENCES `t_user` (`id`),
  CONSTRAINT `t_address_ibfk_2` FOREIGN KEY (`user_id`) REFERENCES `t_user` (`id`) ON DELETE CASCADE ON UPDATE CASCADE,
  CONSTRAINT `t_address_ibfk_3` FOREIGN KEY (`user_id`) REFERENCES `t_user` (`id`) ON DELETE CASCADE ON UPDATE CASCADE
) ENGINE=INNODB AUTO_INCREMENT=12 DEFAULT CHARSET=utf8;

/*Data for the table `t_address` */

INSERT  INTO `t_address`(`address_id`,`user_id`,`address_alias`,`address_addressee`,`phone`,`tele_phone`,`province_id`,`city_id`,`area_id`,`detailed`,`preferred`) VALUES

(1,10,'新建地址','侯亮平','13366015011',NULL,'130000','130100','130102','振华路名雅阁5楼B门',1),

(2,13,'新建地址','段誉','13323055010',NULL,'210000','210100','210102','振华路名雅阁5楼B门',1),

(3,14,'新建地址','虚竹','13316055010',NULL,'440000','440300','440304','振华路名雅阁5楼B门',1),

(4,15,'新建地址','萧峰','13423796068',NULL,'440000','440300','440305','振华路名雅阁5楼B门',1),

(5,11,'新建地址','杨过','13366050010',NULL,'440000','440300','440305','振华路名雅阁5楼B门',1),

(6,12,'新建地址','郭靖','13423796021',NULL,'440000','440300','440305','振华路名雅阁5楼B门',1),

(7,16,'新建地址','高育良','13423796022',NULL,'440000','440300','440305','振华路名雅阁5楼B门',1),

(8,18,'新建地址','黄蓉','13423796023',NULL,'440000','440300','440305','振华路名雅阁5楼B门',1),

(9,19,'新建地址','张无忌','13423796024',NULL,'440000','440300','440305','振华路名雅阁5楼B门',1),

(10,10,'新建地址','侯亮平','13366015011',NULL,'130000','130100','130102','振新路雍颐阁29楼A门',0),

(11,19,'新建地址','张无忌','13423796024',NULL,'440000','440300','440305','振新路雍颐阁29楼A门',0);

/*Table structure for table `t_areainfo` */

DROP TABLE IF EXISTS `t_areainfo`;

CREATE TABLE `t_areainfo` (
  `areainfo_id` VARCHAR(255) NOT NULL,
  `areainfo_name` VARCHAR(255) NOT NULL,
  `parent_id` VARCHAR(255) DEFAULT NULL,
  PRIMARY KEY (`areainfo_id`)
) ENGINE=INNODB DEFAULT CHARSET=utf8;

/*Data for the table `t_areainfo` */

INSERT  INTO `t_areainfo`(`areainfo_id`,`areainfo_name`,`parent_id`) VALUES

('110000','北京市',NULL),

('110100','市辖区','110000'),

('110101','东城区','110100'),

('110102','西城区','110100'),

('110105','朝阳区','110100'),

('110106','丰台区','110100'),

('110107','石景山区','110100'),

('110108','海淀区','110100'),

('110109','门头沟区','110100'),

('110111','房山区','110100'),

('110112','通州区','110100'),

('110113','顺义区','110100'),

('110114','昌平区','110100'),

('110115','大兴区','110100'),

('110116','怀柔区','110100'),

('110117','平谷区','110100'),

('110118','密云区','110100'),

('110119','延庆区','110100'),

('120000','天津市',NULL),

('120100','市辖区','120000'),

('120101','和平区','120100'),

('120102','河东区','120100'),

('120103','河西区','120100'),

('120104','南开区','120100'),

('120105','河北区','120100'),

('120106','红桥区','120100'),

('120110','东丽区','120100'),

('120111','西青区','120100'),

('120112','津南区','120100'),

('120113','北辰区','120100'),

('120114','武清区','120100'),

('120115','宝坻区','120100'),

('120116','滨海新区','120100'),

('120117','宁河区','120100'),

('120118','静海区','120100'),

('120119','蓟州区','120100'),

('130000','河北省',NULL),

('130100','石家庄市','130000'),

('130101','市辖区','130100'),

('130102','长安区','130100'),

('130104','桥西区','130100'),

('130105','新华区','130100'),

('130107','井陉矿区','130100'),

('130108','裕华区','130100'),

('130109','藁城区','130100'),

('130110','鹿泉区','130100'),

('130111','栾城区','130100'),

('130121','井陉县','130100'),

('130123','正定县','130100'),

('130125','行唐县','130100'),

('130126','灵寿县','130100'),

('130127','高邑县','130100'),

('130128','深泽县','130100'),

('130129','赞皇县','130100'),

('130130','无极县','130100'),

('130131','平山县','130100'),

('130132','元氏县','130100'),

('130133','赵县','130100'),

('130183','晋州市','130100'),

('130184','新乐市','130100'),

('130200','唐山市','130000'),

('130201','市辖区','130200'),

('130202','路南区','130200'),

('130203','路北区','130200'),

('130204','古冶区','130200'),

('130205','开平区','130200'),

('130207','丰南区','130200'),

('130208','丰润区','130200'),

('130209','曹妃甸区','130200'),

('130223','滦县','130200'),

('130224','滦南县','130200'),

('130225','乐亭县','130200'),

('130227','迁西县','130200'),

('130229','玉田县','130200'),

('130281','遵化市','130200'),

('130283','迁安市','130200'),

('130300','秦皇岛市','130000'),

('130301','市辖区','130300'),

('130302','海港区','130300'),

('130303','山海关区','130300'),

('130304','北戴河区','130300'),

('130306','抚宁区','130300'),

('130321','青龙满族自治县','130300'),

('130322','昌黎县','130300'),

('130324','卢龙县','130300'),

('130400','邯郸市','130000'),

('130401','市辖区','130400'),

('130402','邯山区','130400'),

('130403','丛台区','130400'),

('130404','复兴区','130400'),

('130406','峰峰矿区','130400'),

('130421','邯郸县','130400'),

('130423','临漳县','130400'),

('130424','成安县','130400'),

('130425','大名县','130400'),

('130426','涉县','130400'),

('130427','磁县','130400'),

('130428','肥乡县','130400'),

('130429','永年县','130400'),

('130430','邱县','130400'),

('130431','鸡泽县','130400'),

('130432','广平县','130400'),

('130433','馆陶县','130400'),

('130434','魏县','130400'),

('130435','曲周县','130400'),

('130481','武安市','130400'),

('130500','邢台市','130000'),

('130501','市辖区','130500'),

('130502','桥东区','130500'),

('130503','桥西区','130500'),

('130521','邢台县','130500'),

('130522','临城县','130500'),

('130523','内丘县','130500'),

('130524','柏乡县','130500'),

('130525','隆尧县','130500'),

('130526','任县','130500'),

('130527','南和县','130500'),

('130528','宁晋县','130500'),

('130529','巨鹿县','130500'),

('130530','新河县','130500'),

('130531','广宗县','130500'),

('130532','平乡县','130500'),

('130533','威县','130500'),

('130534','清河县','130500'),

('130535','临西县','130500'),

('130581','南宫市','130500'),

('130582','沙河市','130500'),

('130600','保定市','130000'),

('130601','市辖区','130600'),

('130602','竞秀区','130600'),

('130606','莲池区','130600'),

('130607','满城区','130600'),

('130608','清苑区','130600'),

('130609','徐水区','130600'),

('130623','涞水县','130600'),

('130624','阜平县','130600'),

('130626','定兴县','130600'),

('130627','唐县','130600'),

('130628','高阳县','130600'),

('130629','容城县','130600'),

('130630','涞源县','130600'),

('130631','望都县','130600'),

('130632','安新县','130600'),

('130633','易县','130600'),

('130634','曲阳县','130600'),

('130635','蠡县','130600'),

('130636','顺平县','130600'),

('130637','博野县','130600'),

('130638','雄县','130600'),

('130681','涿州市','130600'),

('130683','安国市','130600'),

('130684','高碑店市','130600'),

('130700','张家口市','130000'),

('130701','市辖区','130700'),

('130702','桥东区','130700'),

('130703','桥西区','130700'),

('130705','宣化区','130700'),

('130706','下花园区','130700'),

('130708','万全区','130700'),

('130709','崇礼区','130700'),

('130722','张北县','130700'),

('130723','康保县','130700'),

('130724','沽源县','130700'),

('130725','尚义县','130700'),

('130726','蔚县','130700'),

('130727','阳原县','130700'),

('130728','怀安县','130700'),

('130730','怀来县','130700'),

('130731','涿鹿县','130700'),

('130732','赤城县','130700'),

('130800','承德市','130000'),

('130801','市辖区','130800'),

('130802','双桥区','130800'),

('130803','双滦区','130800'),

('130804','鹰手营子矿区','130800'),

('130821','承德县','130800'),

('130822','兴隆县','130800'),

('130823','平泉县','130800'),

('130824','滦平县','130800'),

('130825','隆化县','130800'),

('130826','丰宁满族自治县','130800'),

('130827','宽城满族自治县','130800'),

('130828','围场满族蒙古族自治县','130800'),

('130900','沧州市','130000'),

('130901','市辖区','130900'),

('130902','新华区','130900'),

('130903','运河区','130900'),

('130921','沧县','130900'),

('130922','青县','130900'),

('130923','东光县','130900'),

('130924','海兴县','130900'),

('130925','盐山县','130900'),

('130926','肃宁县','130900'),

('130927','南皮县','130900'),

('130928','吴桥县','130900'),

('130929','献县','130900'),

('130930','孟村回族自治县','130900'),

('130981','泊头市','130900'),

('130982','任丘市','130900'),

('130983','黄骅市','130900'),

('130984','河间市','130900'),

('131000','廊坊市','130000'),

('131001','市辖区','131000'),

('131002','安次区','131000'),

('131003','广阳区','131000'),

('131022','固安县','131000'),

('131023','永清县','131000'),

('131024','香河县','131000'),

('131025','大城县','131000'),

('131026','文安县','131000'),

('131028','大厂回族自治县','131000'),

('131081','霸州市','131000'),

('131082','三河市','131000'),

('131100','衡水市','130000'),

('131101','市辖区','131100'),

('131102','桃城区','131100'),

('131103','冀州区','131100'),

('131121','枣强县','131100'),

('131122','武邑县','131100'),

('131123','武强县','131100'),

('131124','饶阳县','131100'),

('131125','安平县','131100'),

('131126','故城县','131100'),

('131127','景县','131100'),

('131128','阜城县','131100'),

('131182','深州市','131100'),

('139000','省直辖县级行政区划','130000'),

('139001','定州市','139000'),

('139002','辛集市','139000'),

('140000','山西省',NULL),

('140100','太原市','140000'),

('140101','市辖区','140100'),

('140105','小店区','140100'),

('140106','迎泽区','140100'),

('140107','杏花岭区','140100'),

('140108','尖草坪区','140100'),

('140109','万柏林区','140100'),

('140110','晋源区','140100'),

('140121','清徐县','140100'),

('140122','阳曲县','140100'),

('140123','娄烦县','140100'),

('140181','古交市','140100'),

('140200','大同市','140000'),

('140201','市辖区','140200'),

('140202','城区','140200'),

('140203','矿区','140200'),

('140211','南郊区','140200'),

('140212','新荣区','140200'),

('140221','阳高县','140200'),

('140222','天镇县','140200'),

('140223','广灵县','140200'),

('140224','灵丘县','140200'),

('140225','浑源县','140200'),

('140226','左云县','140200'),

('140227','大同县','140200'),

('140300','阳泉市','140000'),

('140301','市辖区','140300'),

('140302','城区','140300'),

('140303','矿区','140300'),

('140311','郊区','140300'),

('140321','平定县','140300'),

('140322','盂县','140300'),

('140400','长治市','140000'),

('140401','市辖区','140400'),

('140402','城区','140400'),

('140411','郊区','140400'),

('140421','长治县','140400'),

('140423','襄垣县','140400'),

('140424','屯留县','140400'),

('140425','平顺县','140400'),

('140426','黎城县','140400'),

('140427','壶关县','140400'),

('140428','长子县','140400'),

('140429','武乡县','140400'),

('140430','沁县','140400'),

('140431','沁源县','140400'),

('140481','潞城市','140400'),

('140500','晋城市','140000'),

('140501','市辖区','140500'),

('140502','城区','140500'),

('140521','沁水县','140500'),

('140522','阳城县','140500'),

('140524','陵川县','140500'),

('140525','泽州县','140500'),

('140581','高平市','140500'),

('140600','朔州市','140000'),

('140601','市辖区','140600'),

('140602','朔城区','140600'),

('140603','平鲁区','140600'),

('140621','山阴县','140600'),

('140622','应县','140600'),

('140623','右玉县','140600'),

('140624','怀仁县','140600'),

('140700','晋中市','140000'),

('140701','市辖区','140700'),

('140702','榆次区','140700'),

('140721','榆社县','140700'),

('140722','左权县','140700'),

('140723','和顺县','140700'),

('140724','昔阳县','140700'),

('140725','寿阳县','140700'),

('140726','太谷县','140700'),

('140727','祁县','140700'),

('140728','平遥县','140700'),

('140729','灵石县','140700'),

('140781','介休市','140700'),

('140800','运城市','140000'),

('140801','市辖区','140800'),

('140802','盐湖区','140800'),

('140821','临猗县','140800'),

('140822','万荣县','140800'),

('140823','闻喜县','140800'),

('140824','稷山县','140800'),

('140825','新绛县','140800'),

('140826','绛县','140800'),

('140827','垣曲县','140800'),

('140828','夏县','140800'),

('140829','平陆县','140800'),

('140830','芮城县','140800'),

('140881','永济市','140800'),

('140882','河津市','140800'),

('140900','忻州市','140000'),

('140901','市辖区','140900'),

('140902','忻府区','140900'),

('140921','定襄县','140900'),

('140922','五台县','140900'),

('140923','代县','140900'),

('140924','繁峙县','140900'),

('140925','宁武县','140900'),

('140926','静乐县','140900'),

('140927','神池县','140900'),

('140928','五寨县','140900'),

('140929','岢岚县','140900'),

('140930','河曲县','140900'),

('140931','保德县','140900'),

('140932','偏关县','140900'),

('140981','原平市','140900'),

('141000','临汾市','140000'),

('141001','市辖区','141000'),

('141002','尧都区','141000'),

('141021','曲沃县','141000'),

('141022','翼城县','141000'),

('141023','襄汾县','141000'),

('141024','洪洞县','141000'),

('141025','古县','141000'),

('141026','安泽县','141000'),

('141027','浮山县','141000'),

('141028','吉县','141000'),

('141029','乡宁县','141000'),

('141030','大宁县','141000'),

('141031','隰县','141000'),

('141032','永和县','141000'),

('141033','蒲县','141000'),

('141034','汾西县','141000'),

('141081','侯马市','141000'),

('141082','霍州市','141000'),

('141100','吕梁市','140000'),

('141101','市辖区','141100'),

('141102','离石区','141100'),

('141121','文水县','141100'),

('141122','交城县','141100'),

('141123','兴县','141100'),

('141124','临县','141100'),

('141125','柳林县','141100'),

('141126','石楼县','141100'),

('141127','岚县','141100'),

('141128','方山县','141100'),

('141129','中阳县','141100'),

('141130','交口县','141100'),

('141181','孝义市','141100'),

('141182','汾阳市','141100'),

('150000','内蒙古自治区',NULL),

('150100','呼和浩特市','150000'),

('150101','市辖区','150100'),

('150102','新城区','150100'),

('150103','回民区','150100'),

('150104','玉泉区','150100'),

('150105','赛罕区','150100'),

('150121','土默特左旗','150100'),

('150122','托克托县','150100'),

('150123','和林格尔县','150100'),

('150124','清水河县','150100'),

('150125','武川县','150100'),

('150200','包头市','150000'),

('150201','市辖区','150200'),

('150202','东河区','150200'),

('150203','昆都仑区','150200'),

('150204','青山区','150200'),

('150205','石拐区','150200'),

('150206','白云鄂博矿区','150200'),

('150207','九原区','150200'),

('150221','土默特右旗','150200'),

('150222','固阳县','150200'),

('150223','达尔罕茂明安联合旗','150200'),

('150300','乌海市','150000'),

('150301','市辖区','150300'),

('150302','海勃湾区','150300'),

('150303','海南区','150300'),

('150304','乌达区','150300'),

('150400','赤峰市','150000'),

('150401','市辖区','150400'),

('150402','红山区','150400'),

('150403','元宝山区','150400'),

('150404','松山区','150400'),

('150421','阿鲁科尔沁旗','150400'),

('150422','巴林左旗','150400'),

('150423','巴林右旗','150400'),

('150424','林西县','150400'),

('150425','克什克腾旗','150400'),

('150426','翁牛特旗','150400'),

('150428','喀喇沁旗','150400'),

('150429','宁城县','150400'),

('150430','敖汉旗','150400'),

('150500','通辽市','150000'),

('150501','市辖区','150500'),

('150502','科尔沁区','150500'),

('150521','科尔沁左翼中旗','150500'),

('150522','科尔沁左翼后旗','150500'),

('150523','开鲁县','150500'),

('150524','库伦旗','150500'),

('150525','奈曼旗','150500'),

('150526','扎鲁特旗','150500'),

('150581','霍林郭勒市','150500'),

('150600','鄂尔多斯市','150000'),

('150601','市辖区','150600'),

('150602','东胜区','150600'),

('150603','康巴什区','150600'),

('150621','达拉特旗','150600'),

('150622','准格尔旗','150600'),

('150623','鄂托克前旗','150600'),

('150624','鄂托克旗','150600'),

('150625','杭锦旗','150600'),

('150626','乌审旗','150600'),

('150627','伊金霍洛旗','150600'),

('150700','呼伦贝尔市','150000'),

('150701','市辖区','150700'),

('150702','海拉尔区','150700'),

('150703','扎赉诺尔区','150700'),

('150721','阿荣旗','150700'),

('150722','莫力达瓦达斡尔族自治旗','150700'),

('150723','鄂伦春自治旗','150700'),

('150724','鄂温克族自治旗','150700'),

('150725','陈巴尔虎旗','150700'),

('150726','新巴尔虎左旗','150700'),

('150727','新巴尔虎右旗','150700'),

('150781','满洲里市','150700'),

('150782','牙克石市','150700'),

('150783','扎兰屯市','150700'),

('150784','额尔古纳市','150700'),

('150785','根河市','150700'),

('150800','巴彦淖尔市','150000'),

('150801','市辖区','150800'),

('150802','临河区','150800'),

('150821','五原县','150800'),

('150822','磴口县','150800'),

('150823','乌拉特前旗','150800'),

('150824','乌拉特中旗','150800'),

('150825','乌拉特后旗','150800'),

('150826','杭锦后旗','150800'),

('150900','乌兰察布市','150000'),

('150901','市辖区','150900'),

('150902','集宁区','150900'),

('150921','卓资县','150900'),

('150922','化德县','150900'),

('150923','商都县','150900'),

('150924','兴和县','150900'),

('150925','凉城县','150900'),

('150926','察哈尔右翼前旗','150900'),

('150927','察哈尔右翼中旗','150900'),

('150928','察哈尔右翼后旗','150900'),

('150929','四子王旗','150900'),

('150981','丰镇市','150900'),

('152200','兴安盟','150000'),

('152201','乌兰浩特市','152200'),

('152202','阿尔山市','152200'),

('152221','科尔沁右翼前旗','152200'),

('152222','科尔沁右翼中旗','152200'),

('152223','扎赉特旗','152200'),

('152224','突泉县','152200'),

('152500','锡林郭勒盟','150000'),

('152501','二连浩特市','152500'),

('152502','锡林浩特市','152500'),

('152522','阿巴嘎旗','152500'),

('152523','苏尼特左旗','152500'),

('152524','苏尼特右旗','152500'),

('152525','东乌珠穆沁旗','152500'),

('152526','西乌珠穆沁旗','152500'),

('152527','太仆寺旗','152500'),

('152528','镶黄旗','152500'),

('152529','正镶白旗','152500'),

('152530','正蓝旗','152500'),

('152531','多伦县','152500'),

('152900','阿拉善盟','150000'),

('152921','阿拉善左旗','152900'),

('152922','阿拉善右旗','152900'),

('152923','额济纳旗','152900'),

('210000','辽宁省',NULL),

('210100','沈阳市','210000'),

('210101','市辖区','210100'),

('210102','和平区','210100'),

('210103','沈河区','210100'),

('210104','大东区','210100'),

('210105','皇姑区','210100'),

('210106','铁西区','210100'),

('210111','苏家屯区','210100'),

('210112','浑南区','210100'),

('210113','沈北新区','210100'),

('210114','于洪区','210100'),

('210115','辽中区','210100'),

('210123','康平县','210100'),

('210124','法库县','210100'),

('210181','新民市','210100'),

('210200','大连市','210000'),

('210201','市辖区','210200'),

('210202','中山区','210200'),

('210203','西岗区','210200'),

('210204','沙河口区','210200'),

('210211','甘井子区','210200'),

('210212','旅顺口区','210200'),

('210213','金州区','210200'),

('210214','普兰店区','210200'),

('210224','长海县','210200'),

('210281','瓦房店市','210200'),

('210283','庄河市','210200'),

('210300','鞍山市','210000'),

('210301','市辖区','210300'),

('210302','铁东区','210300'),

('210303','铁西区','210300'),

('210304','立山区','210300'),

('210311','千山区','210300'),

('210321','台安县','210300'),

('210323','岫岩满族自治县','210300'),

('210381','海城市','210300'),

('210400','抚顺市','210000'),

('210401','市辖区','210400'),

('210402','新抚区','210400'),

('210403','东洲区','210400'),

('210404','望花区','210400'),

('210411','顺城区','210400'),

('210421','抚顺县','210400'),

('210422','新宾满族自治县','210400'),

('210423','清原满族自治县','210400'),

('210500','本溪市','210000'),

('210501','市辖区','210500'),

('210502','平山区','210500'),

('210503','溪湖区','210500'),

('210504','明山区','210500'),

('210505','南芬区','210500'),

('210521','本溪满族自治县','210500'),

('210522','桓仁满族自治县','210500'),

('210600','丹东市','210000'),

('210601','市辖区','210600'),

('210602','元宝区','210600'),

('210603','振兴区','210600'),

('210604','振安区','210600'),

('210624','宽甸满族自治县','210600'),

('210681','东港市','210600'),

('210682','凤城市','210600'),

('210700','锦州市','210000'),

('210701','市辖区','210700'),

('210702','古塔区','210700'),

('210703','凌河区','210700'),

('210711','太和区','210700'),

('210726','黑山县','210700'),

('210727','义县','210700'),

('210781','凌海市','210700'),

('210782','北镇市','210700'),

('210800','营口市','210000'),

('210801','市辖区','210800'),

('210802','站前区','210800'),

('210803','西市区','210800'),

('210804','鲅鱼圈区','210800'),

('210811','老边区','210800'),

('210881','盖州市','210800'),

('210882','大石桥市','210800'),

('210900','阜新市','210000'),

('210901','市辖区','210900'),

('210902','海州区','210900'),

('210903','新邱区','210900'),

('210904','太平区','210900'),

('210905','清河门区','210900'),

('210911','细河区','210900'),

('210921','阜新蒙古族自治县','210900'),

('210922','彰武县','210900'),

('211000','辽阳市','210000'),

('211001','市辖区','211000'),

('211002','白塔区','211000'),

('211003','文圣区','211000'),

('211004','宏伟区','211000'),

('211005','弓长岭区','211000'),

('211011','太子河区','211000'),

('211021','辽阳县','211000'),

('211081','灯塔市','211000'),

('211100','盘锦市','210000'),

('211101','市辖区','211100'),

('211102','双台子区','211100'),

('211103','兴隆台区','211100'),

('211104','大洼区','211100'),

('211122','盘山县','211100'),

('211200','铁岭市','210000'),

('211201','市辖区','211200'),

('211202','银州区','211200'),

('211204','清河区','211200'),

('211221','铁岭县','211200'),

('211223','西丰县','211200'),

('211224','昌图县','211200'),

('211281','调兵山市','211200'),

('211282','开原市','211200'),

('211300','朝阳市','210000'),

('211301','市辖区','211300'),

('211302','双塔区','211300'),

('211303','龙城区','211300'),

('211321','朝阳县','211300'),

('211322','建平县','211300'),

('211324','喀喇沁左翼蒙古族自治县','211300'),

('211381','北票市','211300'),

('211382','凌源市','211300'),

('211400','葫芦岛市','210000'),

('211401','市辖区','211400'),

('211402','连山区','211400'),

('211403','龙港区','211400'),

('211404','南票区','211400'),

('211421','绥中县','211400'),

('211422','建昌县','211400'),

('211481','兴城市','211400'),

('220000','吉林省',NULL),

('220100','长春市','220000'),

('220101','市辖区','220100'),

('220102','南关区','220100'),

('220103','宽城区','220100'),

('220104','朝阳区','220100'),

('220105','二道区','220100'),

('220106','绿园区','220100'),

('220112','双阳区','220100'),

('220113','九台区','220100'),

('220122','农安县','220100'),

('220182','榆树市','220100'),

('220183','德惠市','220100'),

('220200','吉林市','220000'),

('220201','市辖区','220200'),

('220202','昌邑区','220200'),

('220203','龙潭区','220200'),

('220204','船营区','220200'),

('220211','丰满区','220200'),

('220221','永吉县','220200'),

('220281','蛟河市','220200'),

('220282','桦甸市','220200'),

('220283','舒兰市','220200'),

('220284','磐石市','220200'),

('220300','四平市','220000'),

('220301','市辖区','220300'),

('220302','铁西区','220300'),

('220303','铁东区','220300'),

('220322','梨树县','220300'),

('220323','伊通满族自治县','220300'),

('220381','公主岭市','220300'),

('220382','双辽市','220300'),

('220400','辽源市','220000'),

('220401','市辖区','220400'),

('220402','龙山区','220400'),

('220403','西安区','220400'),

('220421','东丰县','220400'),

('220422','东辽县','220400'),

('220500','通化市','220000'),

('220501','市辖区','220500'),

('220502','东昌区','220500'),

('220503','二道江区','220500'),

('220521','通化县','220500'),

('220523','辉南县','220500'),

('220524','柳河县','220500'),

('220581','梅河口市','220500'),

('220582','集安市','220500'),

('220600','白山市','220000'),

('220601','市辖区','220600'),

('220602','浑江区','220600'),

('220605','江源区','220600'),

('220621','抚松县','220600'),

('220622','靖宇县','220600'),

('220623','长白朝鲜族自治县','220600'),

('220681','临江市','220600'),

('220700','松原市','220000'),

('220701','市辖区','220700'),

('220702','宁江区','220700'),

('220721','前郭尔罗斯蒙古族自治县','220700'),

('220722','长岭县','220700'),

('220723','乾安县','220700'),

('220781','扶余市','220700'),

('220800','白城市','220000'),

('220801','市辖区','220800'),

('220802','洮北区','220800'),

('220821','镇赉县','220800'),

('220822','通榆县','220800'),

('220881','洮南市','220800'),

('220882','大安市','220800'),

('222400','延边朝鲜族自治州','220000'),

('222401','延吉市','222400'),

('222402','图们市','222400'),

('222403','敦化市','222400'),

('222404','珲春市','222400'),

('222405','龙井市','222400'),

('222406','和龙市','222400'),

('222424','汪清县','222400'),

('222426','安图县','222400'),

('230000','黑龙江省',NULL),

('230100','哈尔滨市','230000'),

('230101','市辖区','230100'),

('230102','道里区','230100'),

('230103','南岗区','230100'),

('230104','道外区','230100'),

('230108','平房区','230100'),

('230109','松北区','230100'),

('230110','香坊区','230100'),

('230111','呼兰区','230100'),

('230112','阿城区','230100'),

('230113','双城区','230100'),

('230123','依兰县','230100'),

('230124','方正县','230100'),

('230125','宾县','230100'),

('230126','巴彦县','230100'),

('230127','木兰县','230100'),

('230128','通河县','230100'),

('230129','延寿县','230100'),

('230183','尚志市','230100'),

('230184','五常市','230100'),

('230200','齐齐哈尔市','230000'),

('230201','市辖区','230200'),

('230202','龙沙区','230200'),

('230203','建华区','230200'),

('230204','铁锋区','230200'),

('230205','昂昂溪区','230200'),

('230206','富拉尔基区','230200'),

('230207','碾子山区','230200'),

('230208','梅里斯达斡尔族区','230200'),

('230221','龙江县','230200'),

('230223','依安县','230200'),

('230224','泰来县','230200'),

('230225','甘南县','230200'),

('230227','富裕县','230200'),

('230229','克山县','230200'),

('230230','克东县','230200'),

('230231','拜泉县','230200'),

('230281','讷河市','230200'),

('230300','鸡西市','230000'),

('230301','市辖区','230300'),

('230302','鸡冠区','230300'),

('230303','恒山区','230300'),

('230304','滴道区','230300'),

('230305','梨树区','230300'),

('230306','城子河区','230300'),

('230307','麻山区','230300'),

('230321','鸡东县','230300'),

('230381','虎林市','230300'),

('230382','密山市','230300'),

('230400','鹤岗市','230000'),

('230401','市辖区','230400'),

('230402','向阳区','230400'),

('230403','工农区','230400'),

('230404','南山区','230400'),

('230405','兴安区','230400'),

('230406','东山区','230400'),

('230407','兴山区','230400'),

('230421','萝北县','230400'),

('230422','绥滨县','230400'),

('230500','双鸭山市','230000'),

('230501','市辖区','230500'),

('230502','尖山区','230500'),

('230503','岭东区','230500'),

('230505','四方台区','230500'),

('230506','宝山区','230500'),

('230521','集贤县','230500'),

('230522','友谊县','230500'),

('230523','宝清县','230500'),

('230524','饶河县','230500'),

('230600','大庆市','230000'),

('230601','市辖区','230600'),

('230602','萨尔图区','230600'),

('230603','龙凤区','230600'),

('230604','让胡路区','230600'),

('230605','红岗区','230600'),

('230606','大同区','230600'),

('230621','肇州县','230600'),

('230622','肇源县','230600'),

('230623','林甸县','230600'),

('230624','杜尔伯特蒙古族自治县','230600'),

('230700','伊春市','230000'),

('230701','市辖区','230700'),

('230702','伊春区','230700'),

('230703','南岔区','230700'),

('230704','友好区','230700'),

('230705','西林区','230700'),

('230706','翠峦区','230700'),

('230707','新青区','230700'),

('230708','美溪区','230700'),

('230709','金山屯区','230700'),

('230710','五营区','230700'),

('230711','乌马河区','230700'),

('230712','汤旺河区','230700'),

('230713','带岭区','230700'),

('230714','乌伊岭区','230700'),

('230715','红星区','230700'),

('230716','上甘岭区','230700'),

('230722','嘉荫县','230700'),

('230781','铁力市','230700'),

('230800','佳木斯市','230000'),

('230801','市辖区','230800'),

('230803','向阳区','230800'),

('230804','前进区','230800'),

('230805','东风区','230800'),

('230811','郊区','230800'),

('230822','桦南县','230800'),

('230826','桦川县','230800'),

('230828','汤原县','230800'),

('230881','同江市','230800'),

('230882','富锦市','230800'),

('230883','抚远市','230800'),

('230900','七台河市','230000'),

('230901','市辖区','230900'),

('230902','新兴区','230900'),

('230903','桃山区','230900'),

('230904','茄子河区','230900'),

('230921','勃利县','230900'),

('231000','牡丹江市','230000'),

('231001','市辖区','231000'),

('231002','东安区','231000'),

('231003','阳明区','231000'),

('231004','爱民区','231000'),

('231005','西安区','231000'),

('231025','林口县','231000'),

('231081','绥芬河市','231000'),

('231083','海林市','231000'),

('231084','宁安市','231000'),

('231085','穆棱市','231000'),

('231086','东宁市','231000'),

('231100','黑河市','230000'),

('231101','市辖区','231100'),

('231102','爱辉区','231100'),

('231121','嫩江县','231100'),

('231123','逊克县','231100'),

('231124','孙吴县','231100'),

('231181','北安市','231100'),

('231182','五大连池市','231100'),

('231200','绥化市','230000'),

('231201','市辖区','231200'),

('231202','北林区','231200'),

('231221','望奎县','231200'),

('231222','兰西县','231200'),

('231223','青冈县','231200'),

('231224','庆安县','231200'),

('231225','明水县','231200'),

('231226','绥棱县','231200'),

('231281','安达市','231200'),

('231282','肇东市','231200'),

('231283','海伦市','231200'),

('232700','大兴安岭地区','230000'),

('232721','呼玛县','232700'),

('232722','塔河县','232700'),

('232723','漠河县','232700'),

('310000','上海市',NULL),

('310100','市辖区','310000'),

('310101','黄浦区','310100'),

('310104','徐汇区','310100'),

('310105','长宁区','310100'),

('310106','静安区','310100'),

('310107','普陀区','310100'),

('310109','虹口区','310100'),

('310110','杨浦区','310100'),

('310112','闵行区','310100'),

('310113','宝山区','310100'),

('310114','嘉定区','310100'),

('310115','浦东新区','310100'),

('310116','金山区','310100'),

('310117','松江区','310100'),

('310118','青浦区','310100'),

('310120','奉贤区','310100'),

('310151','崇明区','310100'),

('320000','江苏省',NULL),

('320100','南京市','320000'),

('320101','市辖区','320100'),

('320102','玄武区','320100'),

('320104','秦淮区','320100'),

('320105','建邺区','320100'),

('320106','鼓楼区','320100'),

('320111','浦口区','320100'),

('320113','栖霞区','320100'),

('320114','雨花台区','320100'),

('320115','江宁区','320100'),

('320116','六合区','320100'),

('320117','溧水区','320100'),

('320118','高淳区','320100'),

('320200','无锡市','320000'),

('320201','市辖区','320200'),

('320205','锡山区','320200'),

('320206','惠山区','320200'),

('320211','滨湖区','320200'),

('320213','梁溪区','320200'),

('320214','新吴区','320200'),

('320281','江阴市','320200'),

('320282','宜兴市','320200'),

('320300','徐州市','320000'),

('320301','市辖区','320300'),

('320302','鼓楼区','320300'),

('320303','云龙区','320300'),

('320305','贾汪区','320300'),

('320311','泉山区','320300'),

('320312','铜山区','320300'),

('320321','丰县','320300'),

('320322','沛县','320300'),

('320324','睢宁县','320300'),

('320381','新沂市','320300'),

('320382','邳州市','320300'),

('320400','常州市','320000'),

('320401','市辖区','320400'),

('320402','天宁区','320400'),

('320404','钟楼区','320400'),

('320411','新北区','320400'),

('320412','武进区','320400'),

('320413','金坛区','320400'),

('320481','溧阳市','320400'),

('320500','苏州市','320000'),

('320501','市辖区','320500'),

('320505','虎丘区','320500'),

('320506','吴中区','320500'),

('320507','相城区','320500'),

('320508','姑苏区','320500'),

('320509','吴江区','320500'),

('320581','常熟市','320500'),

('320582','张家港市','320500'),

('320583','昆山市','320500'),

('320585','太仓市','320500'),

('320600','南通市','320000'),

('320601','市辖区','320600'),

('320602','崇川区','320600'),

('320611','港闸区','320600'),

('320612','通州区','320600'),

('320621','海安县','320600'),

('320623','如东县','320600'),

('320681','启东市','320600'),

('320682','如皋市','320600'),

('320684','海门市','320600'),

('320700','连云港市','320000'),

('320701','市辖区','320700'),

('320703','连云区','320700'),

('320706','海州区','320700'),

('320707','赣榆区','320700'),

('320722','东海县','320700'),

('320723','灌云县','320700'),

('320724','灌南县','320700'),

('320800','淮安市','320000'),

('320801','市辖区','320800'),

('320803','淮安区','320800'),

('320804','淮阴区','320800'),

('320812','清江浦区','320800'),

('320813','洪泽区','320800'),

('320826','涟水县','320800'),

('320830','盱眙县','320800'),

('320831','金湖县','320800'),

('320900','盐城市','320000'),

('320901','市辖区','320900'),

('320902','亭湖区','320900'),

('320903','盐都区','320900'),

('320904','大丰区','320900'),

('320921','响水县','320900'),

('320922','滨海县','320900'),

('320923','阜宁县','320900'),

('320924','射阳县','320900'),

('320925','建湖县','320900'),

('320981','东台市','320900'),

('321000','扬州市','320000'),

('321001','市辖区','321000'),

('321002','广陵区','321000'),

('321003','邗江区','321000'),

('321012','江都区','321000'),

('321023','宝应县','321000'),

('321081','仪征市','321000'),

('321084','高邮市','321000'),

('321100','镇江市','320000'),

('321101','市辖区','321100'),

('321102','京口区','321100'),

('321111','润州区','321100'),

('321112','丹徒区','321100'),

('321181','丹阳市','321100'),

('321182','扬中市','321100'),

('321183','句容市','321100'),

('321200','泰州市','320000'),

('321201','市辖区','321200'),

('321202','海陵区','321200'),

('321203','高港区','321200'),

('321204','姜堰区','321200'),

('321281','兴化市','321200'),

('321282','靖江市','321200'),

('321283','泰兴市','321200'),

('321300','宿迁市','320000'),

('321301','市辖区','321300'),

('321302','宿城区','321300'),

('321311','宿豫区','321300'),

('321322','沭阳县','321300'),

('321323','泗阳县','321300'),

('321324','泗洪县','321300'),

('330000','浙江省',NULL),

('330100','杭州市','330000'),

('330101','市辖区','330100'),

('330102','上城区','330100'),

('330103','下城区','330100'),

('330104','江干区','330100'),

('330105','拱墅区','330100'),

('330106','西湖区','330100'),

('330108','滨江区','330100'),

('330109','萧山区','330100'),

('330110','余杭区','330100'),

('330111','富阳区','330100'),

('330122','桐庐县','330100'),

('330127','淳安县','330100'),

('330182','建德市','330100'),

('330185','临安市','330100'),

('330200','宁波市','330000'),

('330201','市辖区','330200'),

('330203','海曙区','330200'),

('330204','江东区','330200'),

('330205','江北区','330200'),

('330206','北仑区','330200'),

('330211','镇海区','330200'),

('330212','鄞州区','330200'),

('330225','象山县','330200'),

('330226','宁海县','330200'),

('330281','余姚市','330200'),

('330282','慈溪市','330200'),

('330283','奉化市','330200'),

('330300','温州市','330000'),

('330301','市辖区','330300'),

('330302','鹿城区','330300'),

('330303','龙湾区','330300'),

('330304','瓯海区','330300'),

('330305','洞头区','330300'),

('330324','永嘉县','330300'),

('330326','平阳县','330300'),

('330327','苍南县','330300'),

('330328','文成县','330300'),

('330329','泰顺县','330300'),

('330381','瑞安市','330300'),

('330382','乐清市','330300'),

('330400','嘉兴市','330000'),

('330401','市辖区','330400'),

('330402','南湖区','330400'),

('330411','秀洲区','330400'),

('330421','嘉善县','330400'),

('330424','海盐县','330400'),

('330481','海宁市','330400'),

('330482','平湖市','330400'),

('330483','桐乡市','330400'),

('330500','湖州市','330000'),

('330501','市辖区','330500'),

('330502','吴兴区','330500'),

('330503','南浔区','330500'),

('330521','德清县','330500'),

('330522','长兴县','330500'),

('330523','安吉县','330500'),

('330600','绍兴市','330000'),

('330601','市辖区','330600'),

('330602','越城区','330600'),

('330603','柯桥区','330600'),

('330604','上虞区','330600'),

('330624','新昌县','330600'),

('330681','诸暨市','330600'),

('330683','嵊州市','330600'),

('330700','金华市','330000'),

('330701','市辖区','330700'),

('330702','婺城区','330700'),

('330703','金东区','330700'),

('330723','武义县','330700'),

('330726','浦江县','330700'),

('330727','磐安县','330700'),

('330781','兰溪市','330700'),

('330782','义乌市','330700'),

('330783','东阳市','330700'),

('330784','永康市','330700'),

('330800','衢州市','330000'),

('330801','市辖区','330800'),

('330802','柯城区','330800'),

('330803','衢江区','330800'),

('330822','常山县','330800'),

('330824','开化县','330800'),

('330825','龙游县','330800'),

('330881','江山市','330800'),

('330900','舟山市','330000'),

('330901','市辖区','330900'),

('330902','定海区','330900'),

('330903','普陀区','330900'),

('330921','岱山县','330900'),

('330922','嵊泗县','330900'),

('331000','台州市','330000'),

('331001','市辖区','331000'),

('331002','椒江区','331000'),

('331003','黄岩区','331000'),

('331004','路桥区','331000'),

('331021','玉环县','331000'),

('331022','三门县','331000'),

('331023','天台县','331000'),

('331024','仙居县','331000'),

('331081','温岭市','331000'),

('331082','临海市','331000'),

('331100','丽水市','330000'),

('331101','市辖区','331100'),

('331102','莲都区','331100'),

('331121','青田县','331100'),

('331122','缙云县','331100'),

('331123','遂昌县','331100'),

('331124','松阳县','331100'),

('331125','云和县','331100'),

('331126','庆元县','331100'),

('331127','景宁畲族自治县','331100'),

('331181','龙泉市','331100'),

('340000','安徽省',NULL),

('340100','合肥市','340000'),

('340101','市辖区','340100'),

('340102','瑶海区','340100'),

('340103','庐阳区','340100'),

('340104','蜀山区','340100'),

('340111','包河区','340100'),

('340121','长丰县','340100'),

('340122','肥东县','340100'),

('340123','肥西县','340100'),

('340124','庐江县','340100'),

('340181','巢湖市','340100'),

('340200','芜湖市','340000'),

('340201','市辖区','340200'),

('340202','镜湖区','340200'),

('340203','弋江区','340200'),

('340207','鸠江区','340200'),

('340208','三山区','340200'),

('340221','芜湖县','340200'),

('340222','繁昌县','340200'),

('340223','南陵县','340200'),

('340225','无为县','340200'),

('340300','蚌埠市','340000'),

('340301','市辖区','340300'),

('340302','龙子湖区','340300'),

('340303','蚌山区','340300'),

('340304','禹会区','340300'),

('340311','淮上区','340300'),

('340321','怀远县','340300'),

('340322','五河县','340300'),

('340323','固镇县','340300'),

('340400','淮南市','340000'),

('340401','市辖区','340400'),

('340402','大通区','340400'),

('340403','田家庵区','340400'),

('340404','谢家集区','340400'),

('340405','八公山区','340400'),

('340406','潘集区','340400'),

('340421','凤台县','340400'),

('340422','寿县','340400'),

('340500','马鞍山市','340000'),

('340501','市辖区','340500'),

('340503','花山区','340500'),

('340504','雨山区','340500'),

('340506','博望区','340500'),

('340521','当涂县','340500'),

('340522','含山县','340500'),

('340523','和县','340500'),

('340600','淮北市','340000'),

('340601','市辖区','340600'),

('340602','杜集区','340600'),

('340603','相山区','340600'),

('340604','烈山区','340600'),

('340621','濉溪县','340600'),

('340700','铜陵市','340000'),

('340701','市辖区','340700'),

('340705','铜官区','340700'),

('340706','义安区','340700'),

('340711','郊区','340700'),

('340722','枞阳县','340700'),

('340800','安庆市','340000'),

('340801','市辖区','340800'),

('340802','迎江区','340800'),

('340803','大观区','340800'),

('340811','宜秀区','340800'),

('340822','怀宁县','340800'),

('340824','潜山县','340800'),

('340825','太湖县','340800'),

('340826','宿松县','340800'),

('340827','望江县','340800'),

('340828','岳西县','340800'),

('340881','桐城市','340800'),

('341000','黄山市','340000'),

('341001','市辖区','341000'),

('341002','屯溪区','341000'),

('341003','黄山区','341000'),

('341004','徽州区','341000'),

('341021','歙县','341000'),

('341022','休宁县','341000'),

('341023','黟县','341000'),

('341024','祁门县','341000'),

('341100','滁州市','340000'),

('341101','市辖区','341100'),

('341102','琅琊区','341100'),

('341103','南谯区','341100'),

('341122','来安县','341100'),

('341124','全椒县','341100'),

('341125','定远县','341100'),

('341126','凤阳县','341100'),

('341181','天长市','341100'),

('341182','明光市','341100'),

('341200','阜阳市','340000'),

('341201','市辖区','341200'),

('341202','颍州区','341200'),

('341203','颍东区','341200'),

('341204','颍泉区','341200'),

('341221','临泉县','341200'),

('341222','太和县','341200'),

('341225','阜南县','341200'),

('341226','颍上县','341200'),

('341282','界首市','341200'),

('341300','宿州市','340000'),

('341301','市辖区','341300'),

('341302','埇桥区','341300'),

('341321','砀山县','341300'),

('341322','萧县','341300'),

('341323','灵璧县','341300'),

('341324','泗县','341300'),

('341500','六安市','340000'),

('341501','市辖区','341500'),

('341502','金安区','341500'),

('341503','裕安区','341500'),

('341504','叶集区','341500'),

('341522','霍邱县','341500'),

('341523','舒城县','341500'),

('341524','金寨县','341500'),

('341525','霍山县','341500'),

('341600','亳州市','340000'),

('341601','市辖区','341600'),

('341602','谯城区','341600'),

('341621','涡阳县','341600'),

('341622','蒙城县','341600'),

('341623','利辛县','341600'),

('341700','池州市','340000'),

('341701','市辖区','341700'),

('341702','贵池区','341700'),

('341721','东至县','341700'),

('341722','石台县','341700'),

('341723','青阳县','341700'),

('341800','宣城市','340000'),

('341801','市辖区','341800'),

('341802','宣州区','341800'),

('341821','郎溪县','341800'),

('341822','广德县','341800'),

('341823','泾县','341800'),

('341824','绩溪县','341800'),

('341825','旌德县','341800'),

('341881','宁国市','341800'),

('350000','福建省',NULL),

('350100','福州市','350000'),

('350101','市辖区','350100'),

('350102','鼓楼区','350100'),

('350103','台江区','350100'),

('350104','仓山区','350100'),

('350105','马尾区','350100'),

('350111','晋安区','350100'),

('350121','闽侯县','350100'),

('350122','连江县','350100'),

('350123','罗源县','350100'),

('350124','闽清县','350100'),

('350125','永泰县','350100'),

('350128','平潭县','350100'),

('350181','福清市','350100'),

('350182','长乐市','350100'),

('350200','厦门市','350000'),

('350201','市辖区','350200'),

('350203','思明区','350200'),

('350205','海沧区','350200'),

('350206','湖里区','350200'),

('350211','集美区','350200'),

('350212','同安区','350200'),

('350213','翔安区','350200'),

('350300','莆田市','350000'),

('350301','市辖区','350300'),

('350302','城厢区','350300'),

('350303','涵江区','350300'),

('350304','荔城区','350300'),

('350305','秀屿区','350300'),

('350322','仙游县','350300'),

('350400','三明市','350000'),

('350401','市辖区','350400'),

('350402','梅列区','350400'),

('350403','三元区','350400'),

('350421','明溪县','350400'),

('350423','清流县','350400'),

('350424','宁化县','350400'),

('350425','大田县','350400'),

('350426','尤溪县','350400'),

('350427','沙县','350400'),

('350428','将乐县','350400'),

('350429','泰宁县','350400'),

('350430','建宁县','350400'),

('350481','永安市','350400'),

('350500','泉州市','350000'),

('350501','市辖区','350500'),

('350502','鲤城区','350500'),

('350503','丰泽区','350500'),

('350504','洛江区','350500'),

('350505','泉港区','350500'),

('350521','惠安县','350500'),

('350524','安溪县','350500'),

('350525','永春县','350500'),

('350526','德化县','350500'),

('350527','金门县','350500'),

('350581','石狮市','350500'),

('350582','晋江市','350500'),

('350583','南安市','350500'),

('350600','漳州市','350000'),

('350601','市辖区','350600'),

('350602','芗城区','350600'),

('350603','龙文区','350600'),

('350622','云霄县','350600'),

('350623','漳浦县','350600'),

('350624','诏安县','350600'),

('350625','长泰县','350600'),

('350626','东山县','350600'),

('350627','南靖县','350600'),

('350628','平和县','350600'),

('350629','华安县','350600'),

('350681','龙海市','350600'),

('350700','南平市','350000'),

('350701','市辖区','350700'),

('350702','延平区','350700'),

('350703','建阳区','350700'),

('350721','顺昌县','350700'),

('350722','浦城县','350700'),

('350723','光泽县','350700'),

('350724','松溪县','350700'),

('350725','政和县','350700'),

('350781','邵武市','350700'),

('350782','武夷山市','350700'),

('350783','建瓯市','350700'),

('350800','龙岩市','350000'),

('350801','市辖区','350800'),

('350802','新罗区','350800'),

('350803','永定区','350800'),

('350821','长汀县','350800'),

('350823','上杭县','350800'),

('350824','武平县','350800'),

('350825','连城县','350800'),

('350881','漳平市','350800'),

('350900','宁德市','350000'),

('350901','市辖区','350900'),

('350902','蕉城区','350900'),

('350921','霞浦县','350900'),

('350922','古田县','350900'),

('350923','屏南县','350900'),

('350924','寿宁县','350900'),

('350925','周宁县','350900'),

('350926','柘荣县','350900'),

('350981','福安市','350900'),

('350982','福鼎市','350900'),

('360000','江西省',NULL),

('360100','南昌市','360000'),

('360101','市辖区','360100'),

('360102','东湖区','360100'),

('360103','西湖区','360100'),

('360104','青云谱区','360100'),

('360105','湾里区','360100'),

('360111','青山湖区','360100'),

('360112','新建区','360100'),

('360121','南昌县','360100'),

('360123','安义县','360100'),

('360124','进贤县','360100'),

('360200','景德镇市','360000'),

('360201','市辖区','360200'),

('360202','昌江区','360200'),

('360203','珠山区','360200'),

('360222','浮梁县','360200'),

('360281','乐平市','360200'),

('360300','萍乡市','360000'),

('360301','市辖区','360300'),

('360302','安源区','360300'),

('360313','湘东区','360300'),

('360321','莲花县','360300'),

('360322','上栗县','360300'),

('360323','芦溪县','360300'),

('360400','九江市','360000'),

('360401','市辖区','360400'),

('360402','濂溪区','360400'),

('360403','浔阳区','360400'),

('360421','九江县','360400'),

('360423','武宁县','360400'),

('360424','修水县','360400'),

('360425','永修县','360400'),

('360426','德安县','360400'),

('360428','都昌县','360400'),

('360429','湖口县','360400'),

('360430','彭泽县','360400'),

('360481','瑞昌市','360400'),

('360482','共青城市','360400'),

('360483','庐山市','360400'),

('360500','新余市','360000'),

('360501','市辖区','360500'),

('360502','渝水区','360500'),

('360521','分宜县','360500'),

('360600','鹰潭市','360000'),

('360601','市辖区','360600'),

('360602','月湖区','360600'),

('360622','余江县','360600'),

('360681','贵溪市','360600'),

('360700','赣州市','360000'),

('360701','市辖区','360700'),

('360702','章贡区','360700'),

('360703','南康区','360700'),

('360721','赣县','360700'),

('360722','信丰县','360700'),

('360723','大余县','360700'),

('360724','上犹县','360700'),

('360725','崇义县','360700'),

('360726','安远县','360700'),

('360727','龙南县','360700'),

('360728','定南县','360700'),

('360729','全南县','360700'),

('360730','宁都县','360700'),

('360731','于都县','360700'),

('360732','兴国县','360700'),

('360733','会昌县','360700'),

('360734','寻乌县','360700'),

('360735','石城县','360700'),

('360781','瑞金市','360700'),

('360800','吉安市','360000'),

('360801','市辖区','360800'),

('360802','吉州区','360800'),

('360803','青原区','360800'),

('360821','吉安县','360800'),

('360822','吉水县','360800'),

('360823','峡江县','360800'),

('360824','新干县','360800'),

('360825','永丰县','360800'),

('360826','泰和县','360800'),

('360827','遂川县','360800'),

('360828','万安县','360800'),

('360829','安福县','360800'),

('360830','永新县','360800'),

('360881','井冈山市','360800'),

('360900','宜春市','360000'),

('360901','市辖区','360900'),

('360902','袁州区','360900'),

('360921','奉新县','360900'),

('360922','万载县','360900'),

('360923','上高县','360900'),

('360924','宜丰县','360900'),

('360925','靖安县','360900'),

('360926','铜鼓县','360900'),

('360981','丰城市','360900'),

('360982','樟树市','360900'),

('360983','高安市','360900'),

('361000','抚州市','360000'),

('361001','市辖区','361000'),

('361002','临川区','361000'),

('361021','南城县','361000'),

('361022','黎川县','361000'),

('361023','南丰县','361000'),

('361024','崇仁县','361000'),

('361025','乐安县','361000'),

('361026','宜黄县','361000'),

('361027','金溪县','361000'),

('361028','资溪县','361000'),

('361029','东乡县','361000'),

('361030','广昌县','361000'),

('361100','上饶市','360000'),

('361101','市辖区','361100'),

('361102','信州区','361100'),

('361103','广丰区','361100'),

('361121','上饶县','361100'),

('361123','玉山县','361100'),

('361124','铅山县','361100'),

('361125','横峰县','361100'),

('361126','弋阳县','361100'),

('361127','余干县','361100'),

('361128','鄱阳县','361100'),

('361129','万年县','361100'),

('361130','婺源县','361100'),

('361181','德兴市','361100'),

('370000','山东省',NULL),

('370100','济南市','370000'),

('370101','市辖区','370100'),

('370102','历下区','370100'),

('370103','市中区','370100'),

('370104','槐荫区','370100'),

('370105','天桥区','370100'),

('370112','历城区','370100'),

('370113','长清区','370100'),

('370124','平阴县','370100'),

('370125','济阳县','370100'),

('370126','商河县','370100'),

('370181','章丘市','370100'),

('370200','青岛市','370000'),

('370201','市辖区','370200'),

('370202','市南区','370200'),

('370203','市北区','370200'),

('370211','黄岛区','370200'),

('370212','崂山区','370200'),

('370213','李沧区','370200'),

('370214','城阳区','370200'),

('370281','胶州市','370200'),

('370282','即墨市','370200'),

('370283','平度市','370200'),

('370285','莱西市','370200'),

('370300','淄博市','370000'),

('370301','市辖区','370300'),

('370302','淄川区','370300'),

('370303','张店区','370300'),

('370304','博山区','370300'),

('370305','临淄区','370300'),

('370306','周村区','370300'),

('370321','桓台县','370300'),

('370322','高青县','370300'),

('370323','沂源县','370300'),

('370400','枣庄市','370000'),

('370401','市辖区','370400'),

('370402','市中区','370400'),

('370403','薛城区','370400'),

('370404','峄城区','370400'),

('370405','台儿庄区','370400'),

('370406','山亭区','370400'),

('370481','滕州市','370400'),

('370500','东营市','370000'),

('370501','市辖区','370500'),

('370502','东营区','370500'),

('370503','河口区','370500'),

('370505','垦利区','370500'),

('370522','利津县','370500'),

('370523','广饶县','370500'),

('370600','烟台市','370000'),

('370601','市辖区','370600'),

('370602','芝罘区','370600'),

('370611','福山区','370600'),

('370612','牟平区','370600'),

('370613','莱山区','370600'),

('370634','长岛县','370600'),

('370681','龙口市','370600'),

('370682','莱阳市','370600'),

('370683','莱州市','370600'),

('370684','蓬莱市','370600'),

('370685','招远市','370600'),

('370686','栖霞市','370600'),

('370687','海阳市','370600'),

('370700','潍坊市','370000'),

('370701','市辖区','370700'),

('370702','潍城区','370700'),

('370703','寒亭区','370700'),

('370704','坊子区','370700'),

('370705','奎文区','370700'),

('370724','临朐县','370700'),

('370725','昌乐县','370700'),

('370781','青州市','370700'),

('370782','诸城市','370700'),

('370783','寿光市','370700'),

('370784','安丘市','370700'),

('370785','高密市','370700'),

('370786','昌邑市','370700'),

('370800','济宁市','370000'),

('370801','市辖区','370800'),

('370811','任城区','370800'),

('370812','兖州区','370800'),

('370826','微山县','370800'),

('370827','鱼台县','370800'),

('370828','金乡县','370800'),

('370829','嘉祥县','370800'),

('370830','汶上县','370800'),

('370831','泗水县','370800'),

('370832','梁山县','370800'),

('370881','曲阜市','370800'),

('370883','邹城市','370800'),

('370900','泰安市','370000'),

('370901','市辖区','370900'),

('370902','泰山区','370900'),

('370911','岱岳区','370900'),

('370921','宁阳县','370900'),

('370923','东平县','370900'),

('370982','新泰市','370900'),

('370983','肥城市','370900'),

('371000','威海市','370000'),

('371001','市辖区','371000'),

('371002','环翠区','371000'),

('371003','文登区','371000'),

('371082','荣成市','371000'),

('371083','乳山市','371000'),

('371100','日照市','370000'),

('371101','市辖区','371100'),

('371102','东港区','371100'),

('371103','岚山区','371100'),

('371121','五莲县','371100'),

('371122','莒县','371100'),

('371200','莱芜市','370000'),

('371201','市辖区','371200'),

('371202','莱城区','371200'),

('371203','钢城区','371200'),

('371300','临沂市','370000'),

('371301','市辖区','371300'),

('371302','兰山区','371300'),

('371311','罗庄区','371300'),

('371312','河东区','371300'),

('371321','沂南县','371300'),

('371322','郯城县','371300'),

('371323','沂水县','371300'),

('371324','兰陵县','371300'),

('371325','费县','371300'),

('371326','平邑县','371300'),

('371327','莒南县','371300'),

('371328','蒙阴县','371300'),

('371329','临沭县','371300'),

('371400','德州市','370000'),

('371401','市辖区','371400'),

('371402','德城区','371400'),

('371403','陵城区','371400'),

('371422','宁津县','371400'),

('371423','庆云县','371400'),

('371424','临邑县','371400'),

('371425','齐河县','371400'),

('371426','平原县','371400'),

('371427','夏津县','371400'),

('371428','武城县','371400'),

('371481','乐陵市','371400'),

('371482','禹城市','371400'),

('371500','聊城市','370000'),

('371501','市辖区','371500'),

('371502','东昌府区','371500'),

('371521','阳谷县','371500'),

('371522','莘县','371500'),

('371523','茌平县','371500'),

('371524','东阿县','371500'),

('371525','冠县','371500'),

('371526','高唐县','371500'),

('371581','临清市','371500'),

('371600','滨州市','370000'),

('371601','市辖区','371600'),

('371602','滨城区','371600'),

('371603','沾化区','371600'),

('371621','惠民县','371600'),

('371622','阳信县','371600'),

('371623','无棣县','371600'),

('371625','博兴县','371600'),

('371626','邹平县','371600'),

('371700','菏泽市','370000'),

('371701','市辖区','371700'),

('371702','牡丹区','371700'),

('371703','定陶区','371700'),

('371721','曹县','371700'),

('371722','单县','371700'),

('371723','成武县','371700'),

('371724','巨野县','371700'),

('371725','郓城县','371700'),

('371726','鄄城县','371700'),

('371728','东明县','371700'),

('410000','河南省',NULL),

('410100','郑州市','410000'),

('410101','市辖区','410100'),

('410102','中原区','410100'),

('410103','二七区','410100'),

('410104','管城回族区','410100'),

('410105','金水区','410100'),

('410106','上街区','410100'),

('410108','惠济区','410100'),

('410122','中牟县','410100'),

('410181','巩义市','410100'),

('410182','荥阳市','410100'),

('410183','新密市','410100'),

('410184','新郑市','410100'),

('410185','登封市','410100'),

('410200','开封市','410000'),

('410201','市辖区','410200'),

('410202','龙亭区','410200'),

('410203','顺河回族区','410200'),

('410204','鼓楼区','410200'),

('410205','禹王台区','410200'),

('410211','金明区','410200'),

('410212','祥符区','410200'),

('410221','杞县','410200'),

('410222','通许县','410200'),

('410223','尉氏县','410200'),

('410225','兰考县','410200'),

('410300','洛阳市','410000'),

('410301','市辖区','410300'),

('410302','老城区','410300'),

('410303','西工区','410300'),

('410304','瀍河回族区','410300'),

('410305','涧西区','410300'),

('410306','吉利区','410300'),

('410311','洛龙区','410300'),

('410322','孟津县','410300'),

('410323','新安县','410300'),

('410324','栾川县','410300'),

('410325','嵩县','410300'),

('410326','汝阳县','410300'),

('410327','宜阳县','410300'),

('410328','洛宁县','410300'),

('410329','伊川县','410300'),

('410381','偃师市','410300'),

('410400','平顶山市','410000'),

('410401','市辖区','410400'),

('410402','新华区','410400'),

('410403','卫东区','410400'),

('410404','石龙区','410400'),

('410411','湛河区','410400'),

('410421','宝丰县','410400'),

('410422','叶县','410400'),

('410423','鲁山县','410400'),

('410425','郏县','410400'),

('410481','舞钢市','410400'),

('410482','汝州市','410400'),

('410500','安阳市','410000'),

('410501','市辖区','410500'),

('410502','文峰区','410500'),

('410503','北关区','410500'),

('410505','殷都区','410500'),

('410506','龙安区','410500'),

('410522','安阳县','410500'),

('410523','汤阴县','410500'),

('410526','滑县','410500'),

('410527','内黄县','410500'),

('410581','林州市','410500'),

('410600','鹤壁市','410000'),

('410601','市辖区','410600'),

('410602','鹤山区','410600'),

('410603','山城区','410600'),

('410611','淇滨区','410600'),

('410621','浚县','410600'),

('410622','淇县','410600'),

('410700','新乡市','410000'),

('410701','市辖区','410700'),

('410702','红旗区','410700'),

('410703','卫滨区','410700'),

('410704','凤泉区','410700'),

('410711','牧野区','410700'),

('410721','新乡县','410700'),

('410724','获嘉县','410700'),

('410725','原阳县','410700'),

('410726','延津县','410700'),

('410727','封丘县','410700'),

('410728','长垣县','410700'),

('410781','卫辉市','410700'),

('410782','辉县市','410700'),

('410800','焦作市','410000'),

('410801','市辖区','410800'),

('410802','解放区','410800'),

('410803','中站区','410800'),

('410804','马村区','410800'),

('410811','山阳区','410800'),

('410821','修武县','410800'),

('410822','博爱县','410800'),

('410823','武陟县','410800'),

('410825','温县','410800'),

('410882','沁阳市','410800'),

('410883','孟州市','410800'),

('410900','濮阳市','410000'),

('410901','市辖区','410900'),

('410902','华龙区','410900'),

('410922','清丰县','410900'),

('410923','南乐县','410900'),

('410926','范县','410900'),

('410927','台前县','410900'),

('410928','濮阳县','410900'),

('411000','许昌市','410000'),

('411001','市辖区','411000'),

('411002','魏都区','411000'),

('411023','许昌县','411000'),

('411024','鄢陵县','411000'),

('411025','襄城县','411000'),

('411081','禹州市','411000'),

('411082','长葛市','411000'),

('411100','漯河市','410000'),

('411101','市辖区','411100'),

('411102','源汇区','411100'),

('411103','郾城区','411100'),

('411104','召陵区','411100'),

('411121','舞阳县','411100'),

('411122','临颍县','411100'),

('411200','三门峡市','410000'),

('411201','市辖区','411200'),

('411202','湖滨区','411200'),

('411203','陕州区','411200'),

('411221','渑池县','411200'),

('411224','卢氏县','411200'),

('411281','义马市','411200'),

('411282','灵宝市','411200'),

('411300','南阳市','410000'),

('411301','市辖区','411300'),

('411302','宛城区','411300'),

('411303','卧龙区','411300'),

('411321','南召县','411300'),

('411322','方城县','411300'),

('411323','西峡县','411300'),

('411324','镇平县','411300'),

('411325','内乡县','411300'),

('411326','淅川县','411300'),

('411327','社旗县','411300'),

('411328','唐河县','411300'),

('411329','新野县','411300'),

('411330','桐柏县','411300'),

('411381','邓州市','411300'),

('411400','商丘市','410000'),

('411401','市辖区','411400'),

('411402','梁园区','411400'),

('411403','睢阳区','411400'),

('411421','民权县','411400'),

('411422','睢县','411400'),

('411423','宁陵县','411400'),

('411424','柘城县','411400'),

('411425','虞城县','411400'),

('411426','夏邑县','411400'),

('411481','永城市','411400'),

('411500','信阳市','410000'),

('411501','市辖区','411500'),

('411502','浉河区','411500'),

('411503','平桥区','411500'),

('411521','罗山县','411500'),

('411522','光山县','411500'),

('411523','新县','411500'),

('411524','商城县','411500'),

('411525','固始县','411500'),

('411526','潢川县','411500'),

('411527','淮滨县','411500'),

('411528','息县','411500'),

('411600','周口市','410000'),

('411601','市辖区','411600'),

('411602','川汇区','411600'),

('411621','扶沟县','411600'),

('411622','西华县','411600'),

('411623','商水县','411600'),

('411624','沈丘县','411600'),

('411625','郸城县','411600'),

('411626','淮阳县','411600'),

('411627','太康县','411600'),

('411628','鹿邑县','411600'),

('411681','项城市','411600'),

('411700','驻马店市','410000'),

('411701','市辖区','411700'),

('411702','驿城区','411700'),

('411721','西平县','411700'),

('411722','上蔡县','411700'),

('411723','平舆县','411700'),

('411724','正阳县','411700'),

('411725','确山县','411700'),

('411726','泌阳县','411700'),

('411727','汝南县','411700'),

('411728','遂平县','411700'),

('411729','新蔡县','411700'),

('419000','省直辖县级行政区划','410000'),

('419001','济源市','419000'),

('420000','湖北省',NULL),

('420100','武汉市','420000'),

('420101','市辖区','420100'),

('420102','江岸区','420100'),

('420103','江汉区','420100'),

('420104','硚口区','420100'),

('420105','汉阳区','420100'),

('420106','武昌区','420100'),

('420107','青山区','420100'),

('420111','洪山区','420100'),

('420112','东西湖区','420100'),

('420113','汉南区','420100'),

('420114','蔡甸区','420100'),

('420115','江夏区','420100'),

('420116','黄陂区','420100'),

('420117','新洲区','420100'),

('420200','黄石市','420000'),

('420201','市辖区','420200'),

('420202','黄石港区','420200'),

('420203','西塞山区','420200'),

('420204','下陆区','420200'),

('420205','铁山区','420200'),

('420222','阳新县','420200'),

('420281','大冶市','420200'),

('420300','十堰市','420000'),

('420301','市辖区','420300'),

('420302','茅箭区','420300'),

('420303','张湾区','420300'),

('420304','郧阳区','420300'),

('420322','郧西县','420300'),

('420323','竹山县','420300'),

('420324','竹溪县','420300'),

('420325','房县','420300'),

('420381','丹江口市','420300'),

('420500','宜昌市','420000'),

('420501','市辖区','420500'),

('420502','西陵区','420500'),

('420503','伍家岗区','420500'),

('420504','点军区','420500'),

('420505','猇亭区','420500'),

('420506','夷陵区','420500'),

('420525','远安县','420500'),

('420526','兴山县','420500'),

('420527','秭归县','420500'),

('420528','长阳土家族自治县','420500'),

('420529','五峰土家族自治县','420500'),

('420581','宜都市','420500'),

('420582','当阳市','420500'),

('420583','枝江市','420500'),

('420600','襄阳市','420000'),

('420601','市辖区','420600'),

('420602','襄城区','420600'),

('420606','樊城区','420600'),

('420607','襄州区','420600'),

('420624','南漳县','420600'),

('420625','谷城县','420600'),

('420626','保康县','420600'),

('420682','老河口市','420600'),

('420683','枣阳市','420600'),

('420684','宜城市','420600'),

('420700','鄂州市','420000'),

('420701','市辖区','420700'),

('420702','梁子湖区','420700'),

('420703','华容区','420700'),

('420704','鄂城区','420700'),

('420800','荆门市','420000'),

('420801','市辖区','420800'),

('420802','东宝区','420800'),

('420804','掇刀区','420800'),

('420821','京山县','420800'),

('420822','沙洋县','420800'),

('420881','钟祥市','420800'),

('420900','孝感市','420000'),

('420901','市辖区','420900'),

('420902','孝南区','420900'),

('420921','孝昌县','420900'),

('420922','大悟县','420900'),

('420923','云梦县','420900'),

('420981','应城市','420900'),

('420982','安陆市','420900'),

('420984','汉川市','420900'),

('421000','荆州市','420000'),

('421001','市辖区','421000'),

('421002','沙市区','421000'),

('421003','荆州区','421000'),

('421022','公安县','421000'),

('421023','监利县','421000'),

('421024','江陵县','421000'),

('421081','石首市','421000'),

('421083','洪湖市','421000'),

('421087','松滋市','421000'),

('421100','黄冈市','420000'),

('421101','市辖区','421100'),

('421102','黄州区','421100'),

('421121','团风县','421100'),

('421122','红安县','421100'),

('421123','罗田县','421100'),

('421124','英山县','421100'),

('421125','浠水县','421100'),

('421126','蕲春县','421100'),

('421127','黄梅县','421100'),

('421181','麻城市','421100'),

('421182','武穴市','421100'),

('421200','咸宁市','420000'),

('421201','市辖区','421200'),

('421202','咸安区','421200'),

('421221','嘉鱼县','421200'),

('421222','通城县','421200'),

('421223','崇阳县','421200'),

('421224','通山县','421200'),

('421281','赤壁市','421200'),

('421300','随州市','420000'),

('421301','市辖区','421300'),

('421303','曾都区','421300'),

('421321','随县','421300'),

('421381','广水市','421300'),

('422800','恩施土家族苗族自治州','420000'),

('422801','恩施市','422800'),

('422802','利川市','422800'),

('422822','建始县','422800'),

('422823','巴东县','422800'),

('422825','宣恩县','422800'),

('422826','咸丰县','422800'),

('422827','来凤县','422800'),

('422828','鹤峰县','422800'),

('429000','省直辖县级行政区划','420000'),

('429004','仙桃市','429000'),

('429005','潜江市','429000'),

('429006','天门市','429000'),

('429021','神农架林区','429000'),

('430000','湖南省',NULL),

('430100','长沙市','430000'),

('430101','市辖区','430100'),

('430102','芙蓉区','430100'),

('430103','天心区','430100'),

('430104','岳麓区','430100'),

('430105','开福区','430100'),

('430111','雨花区','430100'),

('430112','望城区','430100'),

('430121','长沙县','430100'),

('430124','宁乡县','430100'),

('430181','浏阳市','430100'),

('430200','株洲市','430000'),

('430201','市辖区','430200'),

('430202','荷塘区','430200'),

('430203','芦淞区','430200'),

('430204','石峰区','430200'),

('430211','天元区','430200'),

('430221','株洲县','430200'),

('430223','攸县','430200'),

('430224','茶陵县','430200'),

('430225','炎陵县','430200'),

('430281','醴陵市','430200'),

('430300','湘潭市','430000'),

('430301','市辖区','430300'),

('430302','雨湖区','430300'),

('430304','岳塘区','430300'),

('430321','湘潭县','430300'),

('430381','湘乡市','430300'),

('430382','韶山市','430300'),

('430400','衡阳市','430000'),

('430401','市辖区','430400'),

('430405','珠晖区','430400'),

('430406','雁峰区','430400'),

('430407','石鼓区','430400'),

('430408','蒸湘区','430400'),

('430412','南岳区','430400'),

('430421','衡阳县','430400'),

('430422','衡南县','430400'),

('430423','衡山县','430400'),

('430424','衡东县','430400'),

('430426','祁东县','430400'),

('430481','耒阳市','430400'),

('430482','常宁市','430400'),

('430500','邵阳市','430000'),

('430501','市辖区','430500'),

('430502','双清区','430500'),

('430503','大祥区','430500'),

('430511','北塔区','430500'),

('430521','邵东县','430500'),

('430522','新邵县','430500'),

('430523','邵阳县','430500'),

('430524','隆回县','430500'),

('430525','洞口县','430500'),

('430527','绥宁县','430500'),

('430528','新宁县','430500'),

('430529','城步苗族自治县','430500'),

('430581','武冈市','430500'),

('430600','岳阳市','430000'),

('430601','市辖区','430600'),

('430602','岳阳楼区','430600'),

('430603','云溪区','430600'),

('430611','君山区','430600'),

('430621','岳阳县','430600'),

('430623','华容县','430600'),

('430624','湘阴县','430600'),

('430626','平江县','430600'),

('430681','汨罗市','430600'),

('430682','临湘市','430600'),

('430700','常德市','430000'),

('430701','市辖区','430700'),

('430702','武陵区','430700'),

('430703','鼎城区','430700'),

('430721','安乡县','430700'),

('430722','汉寿县','430700'),

('430723','澧县','430700'),

('430724','临澧县','430700'),

('430725','桃源县','430700'),

('430726','石门县','430700'),

('430781','津市市','430700'),

('430800','张家界市','430000'),

('430801','市辖区','430800'),

('430802','永定区','430800'),

('430811','武陵源区','430800'),

('430821','慈利县','430800'),

('430822','桑植县','430800'),

('430900','益阳市','430000'),

('430901','市辖区','430900'),

('430902','资阳区','430900'),

('430903','赫山区','430900'),

('430921','南县','430900'),

('430922','桃江县','430900'),

('430923','安化县','430900'),

('430981','沅江市','430900'),

('431000','郴州市','430000'),

('431001','市辖区','431000'),

('431002','北湖区','431000'),

('431003','苏仙区','431000'),

('431021','桂阳县','431000'),

('431022','宜章县','431000'),

('431023','永兴县','431000'),

('431024','嘉禾县','431000'),

('431025','临武县','431000'),

('431026','汝城县','431000'),

('431027','桂东县','431000'),

('431028','安仁县','431000'),

('431081','资兴市','431000'),

('431100','永州市','430000'),

('431101','市辖区','431100'),

('431102','零陵区','431100'),

('431103','冷水滩区','431100'),

('431121','祁阳县','431100'),

('431122','东安县','431100'),

('431123','双牌县','431100'),

('431124','道县','431100'),

('431125','江永县','431100'),

('431126','宁远县','431100'),

('431127','蓝山县','431100'),

('431128','新田县','431100'),

('431129','江华瑶族自治县','431100'),

('431200','怀化市','430000'),

('431201','市辖区','431200'),

('431202','鹤城区','431200'),

('431221','中方县','431200'),

('431222','沅陵县','431200'),

('431223','辰溪县','431200'),

('431224','溆浦县','431200'),

('431225','会同县','431200'),

('431226','麻阳苗族自治县','431200'),

('431227','新晃侗族自治县','431200'),

('431228','芷江侗族自治县','431200'),

('431229','靖州苗族侗族自治县','431200'),

('431230','通道侗族自治县','431200'),

('431281','洪江市','431200'),

('431300','娄底市','430000'),

('431301','市辖区','431300'),

('431302','娄星区','431300'),

('431321','双峰县','431300'),

('431322','新化县','431300'),

('431381','冷水江市','431300'),

('431382','涟源市','431300'),

('433100','湘西土家族苗族自治州','430000'),

('433101','吉首市','433100'),

('433122','泸溪县','433100'),

('433123','凤凰县','433100'),

('433124','花垣县','433100'),

('433125','保靖县','433100'),

('433126','古丈县','433100'),

('433127','永顺县','433100'),

('433130','龙山县','433100'),

('440000','广东省',NULL),

('440100','广州市','440000'),

('440101','市辖区','440100'),

('440103','荔湾区','440100'),

('440104','越秀区','440100'),

('440105','海珠区','440100'),

('440106','天河区','440100'),

('440111','白云区','440100'),

('440112','黄埔区','440100'),

('440113','番禺区','440100'),

('440114','花都区','440100'),

('440115','南沙区','440100'),

('440117','从化区','440100'),

('440118','增城区','440100'),

('440200','韶关市','440000'),

('440201','市辖区','440200'),

('440203','武江区','440200'),

('440204','浈江区','440200'),

('440205','曲江区','440200'),

('440222','始兴县','440200'),

('440224','仁化县','440200'),

('440229','翁源县','440200'),

('440232','乳源瑶族自治县','440200'),

('440233','新丰县','440200'),

('440281','乐昌市','440200'),

('440282','南雄市','440200'),

('440300','深圳市','440000'),

('440301','市辖区','440300'),

('440303','罗湖区','440300'),

('440304','福田区','440300'),

('440305','南山区','440300'),

('440306','宝安区','440300'),

('440307','龙岗区','440300'),

('440308','盐田区','440300'),

('440400','珠海市','440000'),

('440401','市辖区','440400'),

('440402','香洲区','440400'),

('440403','斗门区','440400'),

('440404','金湾区','440400'),

('440500','汕头市','440000'),

('440501','市辖区','440500'),

('440507','龙湖区','440500'),

('440511','金平区','440500'),

('440512','濠江区','440500'),

('440513','潮阳区','440500'),

('440514','潮南区','440500'),

('440515','澄海区','440500'),

('440523','南澳县','440500'),

('440600','佛山市','440000'),

('440601','市辖区','440600'),

('440604','禅城区','440600'),

('440605','南海区','440600'),

('440606','顺德区','440600'),

('440607','三水区','440600'),

('440608','高明区','440600'),

('440700','江门市','440000'),

('440701','市辖区','440700'),

('440703','蓬江区','440700'),

('440704','江海区','440700'),

('440705','新会区','440700'),

('440781','台山市','440700'),

('440783','开平市','440700'),

('440784','鹤山市','440700'),

('440785','恩平市','440700'),

('440800','湛江市','440000'),

('440801','市辖区','440800'),

('440802','赤坎区','440800'),

('440803','霞山区','440800'),

('440804','坡头区','440800'),

('440811','麻章区','440800'),

('440823','遂溪县','440800'),

('440825','徐闻县','440800'),

('440881','廉江市','440800'),

('440882','雷州市','440800'),

('440883','吴川市','440800'),

('440900','茂名市','440000'),

('440901','市辖区','440900'),

('440902','茂南区','440900'),

('440904','电白区','440900'),

('440981','高州市','440900'),

('440982','化州市','440900'),

('440983','信宜市','440900'),

('441200','肇庆市','440000'),

('441201','市辖区','441200'),

('441202','端州区','441200'),

('441203','鼎湖区','441200'),

('441204','高要区','441200'),

('441223','广宁县','441200'),

('441224','怀集县','441200'),

('441225','封开县','441200'),

('441226','德庆县','441200'),

('441284','四会市','441200'),

('441300','惠州市','440000'),

('441301','市辖区','441300'),

('441302','惠城区','441300'),

('441303','惠阳区','441300'),

('441322','博罗县','441300'),

('441323','惠东县','441300'),

('441324','龙门县','441300'),

('441400','梅州市','440000'),

('441401','市辖区','441400'),

('441402','梅江区','441400'),

('441403','梅县区','441400'),

('441422','大埔县','441400'),

('441423','丰顺县','441400'),

('441424','五华县','441400'),

('441426','平远县','441400'),

('441427','蕉岭县','441400'),

('441481','兴宁市','441400'),

('441500','汕尾市','440000'),

('441501','市辖区','441500'),

('441502','城区','441500'),

('441521','海丰县','441500'),

('441523','陆河县','441500'),

('441581','陆丰市','441500'),

('441600','河源市','440000'),

('441601','市辖区','441600'),

('441602','源城区','441600'),

('441621','紫金县','441600'),

('441622','龙川县','441600'),

('441623','连平县','441600'),

('441624','和平县','441600'),

('441625','东源县','441600'),

('441700','阳江市','440000'),

('441701','市辖区','441700'),

('441702','江城区','441700'),

('441704','阳东区','441700'),

('441721','阳西县','441700'),

('441781','阳春市','441700'),

('441800','清远市','440000'),

('441801','市辖区','441800'),

('441802','清城区','441800'),

('441803','清新区','441800'),

('441821','佛冈县','441800'),

('441823','阳山县','441800'),

('441825','连山壮族瑶族自治县','441800'),

('441826','连南瑶族自治县','441800'),

('441881','英德市','441800'),

('441882','连州市','441800'),

('441900','东莞市','440000'),

('442000','中山市','440000'),

('445100','潮州市','440000'),

('445101','市辖区','445100'),

('445102','湘桥区','445100'),

('445103','潮安区','445100'),

('445122','饶平县','445100'),

('445200','揭阳市','440000'),

('445201','市辖区','445200'),

('445202','榕城区','445200'),

('445203','揭东区','445200'),

('445222','揭西县','445200'),

('445224','惠来县','445200'),

('445281','普宁市','445200'),

('445300','云浮市','440000'),

('445301','市辖区','445300'),

('445302','云城区','445300'),

('445303','云安区','445300'),

('445321','新兴县','445300'),

('445322','郁南县','445300'),

('445381','罗定市','445300'),

('450000','广西壮族自治区',NULL),

('450100','南宁市','450000'),

('450101','市辖区','450100'),

('450102','兴宁区','450100'),

('450103','青秀区','450100'),

('450105','江南区','450100'),

('450107','西乡塘区','450100'),

('450108','良庆区','450100'),

('450109','邕宁区','450100'),

('450110','武鸣区','450100'),

('450123','隆安县','450100'),

('450124','马山县','450100'),

('450125','上林县','450100'),

('450126','宾阳县','450100'),

('450127','横县','450100'),

('450200','柳州市','450000'),

('450201','市辖区','450200'),

('450202','城中区','450200'),

('450203','鱼峰区','450200'),

('450204','柳南区','450200'),

('450205','柳北区','450200'),

('450206','柳江区','450200'),

('450222','柳城县','450200'),

('450223','鹿寨县','450200'),

('450224','融安县','450200'),

('450225','融水苗族自治县','450200'),

('450226','三江侗族自治县','450200'),

('450300','桂林市','450000'),

('450301','市辖区','450300'),

('450302','秀峰区','450300'),

('450303','叠彩区','450300'),

('450304','象山区','450300'),

('450305','七星区','450300'),

('450311','雁山区','450300'),

('450312','临桂区','450300'),

('450321','阳朔县','450300'),

('450323','灵川县','450300'),

('450324','全州县','450300'),

('450325','兴安县','450300'),

('450326','永福县','450300'),

('450327','灌阳县','450300'),

('450328','龙胜各族自治县','450300'),

('450329','资源县','450300'),

('450330','平乐县','450300'),

('450331','荔浦县','450300'),

('450332','恭城瑶族自治县','450300'),

('450400','梧州市','450000'),

('450401','市辖区','450400'),

('450403','万秀区','450400'),

('450405','长洲区','450400'),

('450406','龙圩区','450400'),

('450421','苍梧县','450400'),

('450422','藤县','450400'),

('450423','蒙山县','450400'),

('450481','岑溪市','450400'),

('450500','北海市','450000'),

('450501','市辖区','450500'),

('450502','海城区','450500'),

('450503','银海区','450500'),

('450512','铁山港区','450500'),

('450521','合浦县','450500'),

('450600','防城港市','450000'),

('450601','市辖区','450600'),

('450602','港口区','450600'),

('450603','防城区','450600'),

('450621','上思县','450600'),

('450681','东兴市','450600'),

('450700','钦州市','450000'),

('450701','市辖区','450700'),

('450702','钦南区','450700'),

('450703','钦北区','450700'),

('450721','灵山县','450700'),

('450722','浦北县','450700'),

('450800','贵港市','450000'),

('450801','市辖区','450800'),

('450802','港北区','450800'),

('450803','港南区','450800'),

('450804','覃塘区','450800'),

('450821','平南县','450800'),

('450881','桂平市','450800'),

('450900','玉林市','450000'),

('450901','市辖区','450900'),

('450902','玉州区','450900'),

('450903','福绵区','450900'),

('450921','容县','450900'),

('450922','陆川县','450900'),

('450923','博白县','450900'),

('450924','兴业县','450900'),

('450981','北流市','450900'),

('451000','百色市','450000'),

('451001','市辖区','451000'),

('451002','右江区','451000'),

('451021','田阳县','451000'),

('451022','田东县','451000'),

('451023','平果县','451000'),

('451024','德保县','451000'),

('451026','那坡县','451000'),

('451027','凌云县','451000'),

('451028','乐业县','451000'),

('451029','田林县','451000'),

('451030','西林县','451000'),

('451031','隆林各族自治县','451000'),

('451081','靖西市','451000'),

('451100','贺州市','450000'),

('451101','市辖区','451100'),

('451102','八步区','451100'),

('451103','平桂区','451100'),

('451121','昭平县','451100'),

('451122','钟山县','451100'),

('451123','富川瑶族自治县','451100'),

('451200','河池市','450000'),

('451201','市辖区','451200'),

('451202','金城江区','451200'),

('451221','南丹县','451200'),

('451222','天峨县','451200'),

('451223','凤山县','451200'),

('451224','东兰县','451200'),

('451225','罗城仫佬族自治县','451200'),

('451226','环江毛南族自治县','451200'),

('451227','巴马瑶族自治县','451200'),

('451228','都安瑶族自治县','451200'),

('451229','大化瑶族自治县','451200'),

('451281','宜州市','451200'),

('451300','来宾市','450000'),

('451301','市辖区','451300'),

('451302','兴宾区','451300'),

('451321','忻城县','451300'),

('451322','象州县','451300'),

('451323','武宣县','451300'),

('451324','金秀瑶族自治县','451300'),

('451381','合山市','451300'),

('451400','崇左市','450000'),

('451401','市辖区','451400'),

('451402','江州区','451400'),

('451421','扶绥县','451400'),

('451422','宁明县','451400'),

('451423','龙州县','451400'),

('451424','大新县','451400'),

('451425','天等县','451400'),

('451481','凭祥市','451400'),

('460000','海南省',NULL),

('460100','海口市','460000'),

('460101','市辖区','460100'),

('460105','秀英区','460100'),

('460106','龙华区','460100'),

('460107','琼山区','460100'),

('460108','美兰区','460100'),

('460200','三亚市','460000'),

('460201','市辖区','460200'),

('460202','海棠区','460200'),

('460203','吉阳区','460200'),

('460204','天涯区','460200'),

('460205','崖州区','460200'),

('460300','三沙市','460000'),

('460400','儋州市','460000'),

('469000','省直辖县级行政区划','460000'),

('469001','五指山市','469000'),

('469002','琼海市','469000'),

('469005','文昌市','469000'),

('469006','万宁市','469000'),

('469007','东方市','469000'),

('469021','定安县','469000'),

('469022','屯昌县','469000'),

('469023','澄迈县','469000'),

('469024','临高县','469000'),

('469025','白沙黎族自治县','469000'),

('469026','昌江黎族自治县','469000'),

('469027','乐东黎族自治县','469000'),

('469028','陵水黎族自治县','469000'),

('469029','保亭黎族苗族自治县','469000'),

('469030','琼中黎族苗族自治县','469000'),

('500000','重庆市',NULL),

('500100','市辖区','500000'),

('500101','万州区','500100'),

('500102','涪陵区','500100'),

('500103','渝中区','500100'),

('500104','大渡口区','500100'),

('500105','江北区','500100'),

('500106','沙坪坝区','500100'),

('500107','九龙坡区','500100'),

('500108','南岸区','500100'),

('500109','北碚区','500100'),

('500110','綦江区','500100'),

('500111','大足区','500100'),

('500112','渝北区','500100'),

('500113','巴南区','500100'),

('500114','黔江区','500100'),

('500115','长寿区','500100'),

('500116','江津区','500100'),

('500117','合川区','500100'),

('500118','永川区','500100'),

('500119','南川区','500100'),

('500120','璧山区','500100'),

('500151','铜梁区','500100'),

('500152','潼南区','500100'),

('500153','荣昌区','500100'),

('500154','开州区','500100'),

('500200','县','500000'),

('500228','梁平县','500200'),

('500229','城口县','500200'),

('500230','丰都县','500200'),

('500231','垫江县','500200'),

('500232','武隆县','500200'),

('500233','忠县','500200'),

('500235','云阳县','500200'),

('500236','奉节县','500200'),

('500237','巫山县','500200'),

('500238','巫溪县','500200'),

('500240','石柱土家族自治县','500200'),

('500241','秀山土家族苗族自治县','500200'),

('500242','酉阳土家族苗族自治县','500200'),

('500243','彭水苗族土家族自治县','500200'),

('510000','四川省',NULL),

('510100','成都市','510000'),

('510101','市辖区','510100'),

('510104','锦江区','510100'),

('510105','青羊区','510100'),

('510106','金牛区','510100'),

('510107','武侯区','510100'),

('510108','成华区','510100'),

('510112','龙泉驿区','510100'),

('510113','青白江区','510100'),

('510114','新都区','510100'),

('510115','温江区','510100'),

('510116','双流区','510100'),

('510121','金堂县','510100'),

('510124','郫县','510100'),

('510129','大邑县','510100'),

('510131','蒲江县','510100'),

('510132','新津县','510100'),

('510181','都江堰市','510100'),

('510182','彭州市','510100'),

('510183','邛崃市','510100'),

('510184','崇州市','510100'),

('510185','简阳市','510100'),

('510300','自贡市','510000'),

('510301','市辖区','510300'),

('510302','自流井区','510300'),

('510303','贡井区','510300'),

('510304','大安区','510300'),

('510311','沿滩区','510300'),

('510321','荣县','510300'),

('510322','富顺县','510300'),

('510400','攀枝花市','510000'),

('510401','市辖区','510400'),

('510402','东区','510400'),

('510403','西区','510400'),

('510411','仁和区','510400'),

('510421','米易县','510400'),

('510422','盐边县','510400'),

('510500','泸州市','510000'),

('510501','市辖区','510500'),

('510502','江阳区','510500'),

('510503','纳溪区','510500'),

('510504','龙马潭区','510500'),

('510521','泸县','510500'),

('510522','合江县','510500'),

('510524','叙永县','510500'),

('510525','古蔺县','510500'),

('510600','德阳市','510000'),

('510601','市辖区','510600'),

('510603','旌阳区','510600'),

('510623','中江县','510600'),

('510626','罗江县','510600'),

('510681','广汉市','510600'),

('510682','什邡市','510600'),

('510683','绵竹市','510600'),

('510700','绵阳市','510000'),

('510701','市辖区','510700'),

('510703','涪城区','510700'),

('510704','游仙区','510700'),

('510705','安州区','510700'),

('510722','三台县','510700'),

('510723','盐亭县','510700'),

('510725','梓潼县','510700'),

('510726','北川羌族自治县','510700'),

('510727','平武县','510700'),

('510781','江油市','510700'),

('510800','广元市','510000'),

('510801','市辖区','510800'),

('510802','利州区','510800'),

('510811','昭化区','510800'),

('510812','朝天区','510800'),

('510821','旺苍县','510800'),

('510822','青川县','510800'),

('510823','剑阁县','510800'),

('510824','苍溪县','510800'),

('510900','遂宁市','510000'),

('510901','市辖区','510900'),

('510903','船山区','510900'),

('510904','安居区','510900'),

('510921','蓬溪县','510900'),

('510922','射洪县','510900'),

('510923','大英县','510900'),

('511000','内江市','510000'),

('511001','市辖区','511000'),

('511002','市中区','511000'),

('511011','东兴区','511000'),

('511024','威远县','511000'),

('511025','资中县','511000'),

('511028','隆昌县','511000'),

('511100','乐山市','510000'),

('511101','市辖区','511100'),

('511102','市中区','511100'),

('511111','沙湾区','511100'),

('511112','五通桥区','511100'),

('511113','金口河区','511100'),

('511123','犍为县','511100'),

('511124','井研县','511100'),

('511126','夹江县','511100'),

('511129','沐川县','511100'),

('511132','峨边彝族自治县','511100'),

('511133','马边彝族自治县','511100'),

('511181','峨眉山市','511100'),

('511300','南充市','510000'),

('511301','市辖区','511300'),

('511302','顺庆区','511300'),

('511303','高坪区','511300'),

('511304','嘉陵区','511300'),

('511321','南部县','511300'),

('511322','营山县','511300'),

('511323','蓬安县','511300'),

('511324','仪陇县','511300'),

('511325','西充县','511300'),

('511381','阆中市','511300'),

('511400','眉山市','510000'),

('511401','市辖区','511400'),

('511402','东坡区','511400'),

('511403','彭山区','511400'),

('511421','仁寿县','511400'),

('511423','洪雅县','511400'),

('511424','丹棱县','511400'),

('511425','青神县','511400'),

('511500','宜宾市','510000'),

('511501','市辖区','511500'),

('511502','翠屏区','511500'),

('511503','南溪区','511500'),

('511521','宜宾县','511500'),

('511523','江安县','511500'),

('511524','长宁县','511500'),

('511525','高县','511500'),

('511526','珙县','511500'),

('511527','筠连县','511500'),

('511528','兴文县','511500'),

('511529','屏山县','511500'),

('511600','广安市','510000'),

('511601','市辖区','511600'),

('511602','广安区','511600'),

('511603','前锋区','511600'),

('511621','岳池县','511600'),

('511622','武胜县','511600'),

('511623','邻水县','511600'),

('511681','华蓥市','511600'),

('511700','达州市','510000'),

('511701','市辖区','511700'),

('511702','通川区','511700'),

('511703','达川区','511700'),

('511722','宣汉县','511700'),

('511723','开江县','511700'),

('511724','大竹县','511700'),

('511725','渠县','511700'),

('511781','万源市','511700'),

('511800','雅安市','510000'),

('511801','市辖区','511800'),

('511802','雨城区','511800'),

('511803','名山区','511800'),

('511822','荥经县','511800'),

('511823','汉源县','511800'),

('511824','石棉县','511800'),

('511825','天全县','511800'),

('511826','芦山县','511800'),

('511827','宝兴县','511800'),

('511900','巴中市','510000'),

('511901','市辖区','511900'),

('511902','巴州区','511900'),

('511903','恩阳区','511900'),

('511921','通江县','511900'),

('511922','南江县','511900'),

('511923','平昌县','511900'),

('512000','资阳市','510000'),

('512001','市辖区','512000'),

('512002','雁江区','512000'),

('512021','安岳县','512000'),

('512022','乐至县','512000'),

('513200','阿坝藏族羌族自治州','510000'),

('513201','马尔康市','513200'),

('513221','汶川县','513200'),

('513222','理县','513200'),

('513223','茂县','513200'),

('513224','松潘县','513200'),

('513225','九寨沟县','513200'),

('513226','金川县','513200'),

('513227','小金县','513200'),

('513228','黑水县','513200'),

('513230','壤塘县','513200'),

('513231','阿坝县','513200'),

('513232','若尔盖县','513200'),

('513233','红原县','513200'),

('513300','甘孜藏族自治州','510000'),

('513301','康定市','513300'),

('513322','泸定县','513300'),

('513323','丹巴县','513300'),

('513324','九龙县','513300'),

('513325','雅江县','513300'),

('513326','道孚县','513300'),

('513327','炉霍县','513300'),

('513328','甘孜县','513300'),

('513329','新龙县','513300'),

('513330','德格县','513300'),

('513331','白玉县','513300'),

('513332','石渠县','513300'),

('513333','色达县','513300'),

('513334','理塘县','513300'),

('513335','巴塘县','513300'),

('513336','乡城县','513300'),

('513337','稻城县','513300'),

('513338','得荣县','513300'),

('513400','凉山彝族自治州','510000'),

('513401','西昌市','513400'),

('513422','木里藏族自治县','513400'),

('513423','盐源县','513400'),

('513424','德昌县','513400'),

('513425','会理县','513400'),

('513426','会东县','513400'),

('513427','宁南县','513400'),

('513428','普格县','513400'),

('513429','布拖县','513400'),

('513430','金阳县','513400'),

('513431','昭觉县','513400'),

('513432','喜德县','513400'),

('513433','冕宁县','513400'),

('513434','越西县','513400'),

('513435','甘洛县','513400'),

('513436','美姑县','513400'),

('513437','雷波县','513400'),

('520000','贵州省',NULL),

('520100','贵阳市','520000'),

('520101','市辖区','520100'),

('520102','南明区','520100'),

('520103','云岩区','520100'),

('520111','花溪区','520100'),

('520112','乌当区','520100'),

('520113','白云区','520100'),

('520115','观山湖区','520100'),

('520121','开阳县','520100'),

('520122','息烽县','520100'),

('520123','修文县','520100'),

('520181','清镇市','520100'),

('520200','六盘水市','520000'),

('520201','钟山区','520200'),

('520203','六枝特区','520200'),

('520221','水城县','520200'),

('520222','盘县','520200'),

('520300','遵义市','520000'),

('520301','市辖区','520300'),

('520302','红花岗区','520300'),

('520303','汇川区','520300'),

('520304','播州区','520300'),

('520322','桐梓县','520300'),

('520323','绥阳县','520300'),

('520324','正安县','520300'),

('520325','道真仡佬族苗族自治县','520300'),

('520326','务川仡佬族苗族自治县','520300'),

('520327','凤冈县','520300'),

('520328','湄潭县','520300'),

('520329','余庆县','520300'),

('520330','习水县','520300'),

('520381','赤水市','520300'),

('520382','仁怀市','520300'),

('520400','安顺市','520000'),

('520401','市辖区','520400'),

('520402','西秀区','520400'),

('520403','平坝区','520400'),

('520422','普定县','520400'),

('520423','镇宁布依族苗族自治县','520400'),

('520424','关岭布依族苗族自治县','520400'),

('520425','紫云苗族布依族自治县','520400'),

('520500','毕节市','520000'),

('520501','市辖区','520500'),

('520502','七星关区','520500'),

('520521','大方县','520500'),

('520522','黔西县','520500'),

('520523','金沙县','520500'),

('520524','织金县','520500'),

('520525','纳雍县','520500'),

('520526','威宁彝族回族苗族自治县','520500'),

('520527','赫章县','520500'),

('520600','铜仁市','520000'),

('520601','市辖区','520600'),

('520602','碧江区','520600'),

('520603','万山区','520600'),

('520621','江口县','520600'),

('520622','玉屏侗族自治县','520600'),

('520623','石阡县','520600'),

('520624','思南县','520600'),

('520625','印江土家族苗族自治县','520600'),

('520626','德江县','520600'),

('520627','沿河土家族自治县','520600'),

('520628','松桃苗族自治县','520600'),

('522300','黔西南布依族苗族自治州','520000'),

('522301','兴义市','522300'),

('522322','兴仁县','522300'),

('522323','普安县','522300'),

('522324','晴隆县','522300'),

('522325','贞丰县','522300'),

('522326','望谟县','522300'),

('522327','册亨县','522300'),

('522328','安龙县','522300'),

('522600','黔东南苗族侗族自治州','520000'),

('522601','凯里市','522600'),

('522622','黄平县','522600'),

('522623','施秉县','522600'),

('522624','三穗县','522600'),

('522625','镇远县','522600'),

('522626','岑巩县','522600'),

('522627','天柱县','522600'),

('522628','锦屏县','522600'),

('522629','剑河县','522600'),

('522630','台江县','522600'),

('522631','黎平县','522600'),

('522632','榕江县','522600'),

('522633','从江县','522600'),

('522634','雷山县','522600'),

('522635','麻江县','522600'),

('522636','丹寨县','522600'),

('522700','黔南布依族苗族自治州','520000'),

('522701','都匀市','522700'),

('522702','福泉市','522700'),

('522722','荔波县','522700'),

('522723','贵定县','522700'),

('522725','瓮安县','522700'),

('522726','独山县','522700'),

('522727','平塘县','522700'),

('522728','罗甸县','522700'),

('522729','长顺县','522700'),

('522730','龙里县','522700'),

('522731','惠水县','522700'),

('522732','三都水族自治县','522700'),

('530000','云南省',NULL),

('530100','昆明市','530000'),

('530101','市辖区','530100'),

('530102','五华区','530100'),

('530103','盘龙区','530100'),

('530111','官渡区','530100'),

('530112','西山区','530100'),

('530113','东川区','530100'),

('530114','呈贡区','530100'),

('530122','晋宁县','530100'),

('530124','富民县','530100'),

('530125','宜良县','530100'),

('530126','石林彝族自治县','530100'),

('530127','嵩明县','530100'),

('530128','禄劝彝族苗族自治县','530100'),

('530129','寻甸回族彝族自治县','530100'),

('530181','安宁市','530100'),

('530300','曲靖市','530000'),

('530301','市辖区','530300'),

('530302','麒麟区','530300'),

('530303','沾益区','530300'),

('530321','马龙县','530300'),

('530322','陆良县','530300'),

('530323','师宗县','530300'),

('530324','罗平县','530300'),

('530325','富源县','530300'),

('530326','会泽县','530300'),

('530381','宣威市','530300'),

('530400','玉溪市','530000'),

('530401','市辖区','530400'),

('530402','红塔区','530400'),

('530403','江川区','530400'),

('530422','澄江县','530400'),

('530423','通海县','530400'),

('530424','华宁县','530400'),

('530425','易门县','530400'),

('530426','峨山彝族自治县','530400'),

('530427','新平彝族傣族自治县','530400'),

('530428','元江哈尼族彝族傣族自治县','530400'),

('530500','保山市','530000'),

('530501','市辖区','530500'),

('530502','隆阳区','530500'),

('530521','施甸县','530500'),

('530523','龙陵县','530500'),

('530524','昌宁县','530500'),

('530581','腾冲市','530500'),

('530600','昭通市','530000'),

('530601','市辖区','530600'),

('530602','昭阳区','530600'),

('530621','鲁甸县','530600'),

('530622','巧家县','530600'),

('530623','盐津县','530600'),

('530624','大关县','530600'),

('530625','永善县','530600'),

('530626','绥江县','530600'),

('530627','镇雄县','530600'),

('530628','彝良县','530600'),

('530629','威信县','530600'),

('530630','水富县','530600'),

('530700','丽江市','530000'),

('530701','市辖区','530700'),

('530702','古城区','530700'),

('530721','玉龙纳西族自治县','530700'),

('530722','永胜县','530700'),

('530723','华坪县','530700'),

('530724','宁蒗彝族自治县','530700'),

('530800','普洱市','530000'),

('530801','市辖区','530800'),

('530802','思茅区','530800'),

('530821','宁洱哈尼族彝族自治县','530800'),

('530822','墨江哈尼族自治县','530800'),

('530823','景东彝族自治县','530800'),

('530824','景谷傣族彝族自治县','530800'),

('530825','镇沅彝族哈尼族拉祜族自治县','530800'),

('530826','江城哈尼族彝族自治县','530800'),

('530827','孟连傣族拉祜族佤族自治县','530800'),

('530828','澜沧拉祜族自治县','530800'),

('530829','西盟佤族自治县','530800'),

('530900','临沧市','530000'),

('530901','市辖区','530900'),

('530902','临翔区','530900'),

('530921','凤庆县','530900'),

('530922','云县','530900'),

('530923','永德县','530900'),

('530924','镇康县','530900'),

('530925','双江拉祜族佤族布朗族傣族自治县','530900'),

('530926','耿马傣族佤族自治县','530900'),

('530927','沧源佤族自治县','530900'),

('532300','楚雄彝族自治州','530000'),

('532301','楚雄市','532300'),

('532322','双柏县','532300'),

('532323','牟定县','532300'),

('532324','南华县','532300'),

('532325','姚安县','532300'),

('532326','大姚县','532300'),

('532327','永仁县','532300'),

('532328','元谋县','532300'),

('532329','武定县','532300'),

('532331','禄丰县','532300'),

('532500','红河哈尼族彝族自治州','530000'),

('532501','个旧市','532500'),

('532502','开远市','532500'),

('532503','蒙自市','532500'),

('532504','弥勒市','532500'),

('532523','屏边苗族自治县','532500'),

('532524','建水县','532500'),

('532525','石屏县','532500'),

('532527','泸西县','532500'),

('532528','元阳县','532500'),

('532529','红河县','532500'),

('532530','金平苗族瑶族傣族自治县','532500'),

('532531','绿春县','532500'),

('532532','河口瑶族自治县','532500'),

('532600','文山壮族苗族自治州','530000'),

('532601','文山市','532600'),

('532622','砚山县','532600'),

('532623','西畴县','532600'),

('532624','麻栗坡县','532600'),

('532625','马关县','532600'),

('532626','丘北县','532600'),

('532627','广南县','532600'),

('532628','富宁县','532600'),

('532800','西双版纳傣族自治州','530000'),

('532801','景洪市','532800'),

('532822','勐海县','532800'),

('532823','勐腊县','532800'),

('532900','大理白族自治州','530000'),

('532901','大理市','532900'),

('532922','漾濞彝族自治县','532900'),

('532923','祥云县','532900'),

('532924','宾川县','532900'),

('532925','弥渡县','532900'),

('532926','南涧彝族自治县','532900'),

('532927','巍山彝族回族自治县','532900'),

('532928','永平县','532900'),

('532929','云龙县','532900'),

('532930','洱源县','532900'),

('532931','剑川县','532900'),

('532932','鹤庆县','532900'),

('533100','德宏傣族景颇族自治州','530000'),

('533102','瑞丽市','533100'),

('533103','芒市','533100'),

('533122','梁河县','533100'),

('533123','盈江县','533100'),

('533124','陇川县','533100'),

('533300','怒江傈僳族自治州','530000'),

('533301','泸水市','533300'),

('533323','福贡县','533300'),

('533324','贡山独龙族怒族自治县','533300'),

('533325','兰坪白族普米族自治县','533300'),

('533400','迪庆藏族自治州','530000'),

('533401','香格里拉市','533400'),

('533422','德钦县','533400'),

('533423','维西傈僳族自治县','533400'),

('540000','西藏自治区',NULL),

('540100','拉萨市','540000'),

('540101','市辖区','540100'),

('540102','城关区','540100'),

('540103','堆龙德庆区','540100'),

('540121','林周县','540100'),

('540122','当雄县','540100'),

('540123','尼木县','540100'),

('540124','曲水县','540100'),

('540126','达孜县','540100'),

('540127','墨竹工卡县','540100'),

('540200','日喀则市','540000'),

('540202','桑珠孜区','540200'),

('540221','南木林县','540200'),

('540222','江孜县','540200'),

('540223','定日县','540200'),

('540224','萨迦县','540200'),

('540225','拉孜县','540200'),

('540226','昂仁县','540200'),

('540227','谢通门县','540200'),

('540228','白朗县','540200'),

('540229','仁布县','540200'),

('540230','康马县','540200'),

('540231','定结县','540200'),

('540232','仲巴县','540200'),

('540233','亚东县','540200'),

('540234','吉隆县','540200'),

('540235','聂拉木县','540200'),

('540236','萨嘎县','540200'),

('540237','岗巴县','540200'),

('540300','昌都市','540000'),

('540302','卡若区','540300'),

('540321','江达县','540300'),

('540322','贡觉县','540300'),

('540323','类乌齐县','540300'),

('540324','丁青县','540300'),

('540325','察雅县','540300'),

('540326','八宿县','540300'),

('540327','左贡县','540300'),

('540328','芒康县','540300'),

('540329','洛隆县','540300'),

('540330','边坝县','540300'),

('540400','林芝市','540000'),

('540402','巴宜区','540400'),

('540421','工布江达县','540400'),

('540422','米林县','540400'),

('540423','墨脱县','540400'),

('540424','波密县','540400'),

('540425','察隅县','540400'),

('540426','朗县','540400'),

('540500','山南市','540000'),

('540501','市辖区','540500'),

('540502','乃东区','540500'),

('540521','扎囊县','540500'),

('540522','贡嘎县','540500'),

('540523','桑日县','540500'),

('540524','琼结县','540500'),

('540525','曲松县','540500'),

('540526','措美县','540500'),

('540527','洛扎县','540500'),

('540528','加查县','540500'),

('540529','隆子县','540500'),

('540530','错那县','540500'),

('540531','浪卡子县','540500'),

('542400','那曲地区','540000'),

('542421','那曲县','542400'),

('542422','嘉黎县','542400'),

('542423','比如县','542400'),

('542424','聂荣县','542400'),

('542425','安多县','542400'),

('542426','申扎县','542400'),

('542427','索县','542400'),

('542428','班戈县','542400'),

('542429','巴青县','542400'),

('542430','尼玛县','542400'),

('542431','双湖县','542400'),

('542500','阿里地区','540000'),

('542521','普兰县','542500'),

('542522','札达县','542500'),

('542523','噶尔县','542500'),

('542524','日土县','542500'),

('542525','革吉县','542500'),

('542526','改则县','542500'),

('542527','措勤县','542500'),

('610000','陕西省',NULL),

('610100','西安市','610000'),

('610101','市辖区','610100'),

('610102','新城区','610100'),

('610103','碑林区','610100'),

('610104','莲湖区','610100'),

('610111','灞桥区','610100'),

('610112','未央区','610100'),

('610113','雁塔区','610100'),

('610114','阎良区','610100'),

('610115','临潼区','610100'),

('610116','长安区','610100'),

('610117','高陵区','610100'),

('610122','蓝田县','610100'),

('610124','周至县','610100'),

('610125','户县','610100'),

('610200','铜川市','610000'),

('610201','市辖区','610200'),

('610202','王益区','610200'),

('610203','印台区','610200'),

('610204','耀州区','610200'),

('610222','宜君县','610200'),

('610300','宝鸡市','610000'),

('610301','市辖区','610300'),

('610302','渭滨区','610300'),

('610303','金台区','610300'),

('610304','陈仓区','610300'),

('610322','凤翔县','610300'),

('610323','岐山县','610300'),

('610324','扶风县','610300'),

('610326','眉县','610300'),

('610327','陇县','610300'),

('610328','千阳县','610300'),

('610329','麟游县','610300'),

('610330','凤县','610300'),

('610331','太白县','610300'),

('610400','咸阳市','610000'),

('610401','市辖区','610400'),

('610402','秦都区','610400'),

('610403','杨陵区','610400'),

('610404','渭城区','610400'),

('610422','三原县','610400'),

('610423','泾阳县','610400'),

('610424','乾县','610400'),

('610425','礼泉县','610400'),

('610426','永寿县','610400'),

('610427','彬县','610400'),

('610428','长武县','610400'),

('610429','旬邑县','610400'),

('610430','淳化县','610400'),

('610431','武功县','610400'),

('610481','兴平市','610400'),

('610500','渭南市','610000'),

('610501','市辖区','610500'),

('610502','临渭区','610500'),

('610503','华州区','610500'),

('610522','潼关县','610500'),

('610523','大荔县','610500'),

('610524','合阳县','610500'),

('610525','澄城县','610500'),

('610526','蒲城县','610500'),

('610527','白水县','610500'),

('610528','富平县','610500'),

('610581','韩城市','610500'),

('610582','华阴市','610500'),

('610600','延安市','610000'),

('610601','市辖区','610600'),

('610602','宝塔区','610600'),

('610603','安塞区','610600'),

('610621','延长县','610600'),

('610622','延川县','610600'),

('610623','子长县','610600'),

('610625','志丹县','610600'),

('610626','吴起县','610600'),

('610627','甘泉县','610600'),

('610628','富县','610600'),

('610629','洛川县','610600'),

('610630','宜川县','610600'),

('610631','黄龙县','610600'),

('610632','黄陵县','610600'),

('610700','汉中市','610000'),

('610701','市辖区','610700'),

('610702','汉台区','610700'),

('610721','南郑县','610700'),

('610722','城固县','610700'),

('610723','洋县','610700'),

('610724','西乡县','610700'),

('610725','勉县','610700'),

('610726','宁强县','610700'),

('610727','略阳县','610700'),

('610728','镇巴县','610700'),

('610729','留坝县','610700'),

('610730','佛坪县','610700'),

('610800','榆林市','610000'),

('610801','市辖区','610800'),

('610802','榆阳区','610800'),

('610803','横山区','610800'),

('610821','神木县','610800'),

('610822','府谷县','610800'),

('610824','靖边县','610800'),

('610825','定边县','610800'),

('610826','绥德县','610800'),

('610827','米脂县','610800'),

('610828','佳县','610800'),

('610829','吴堡县','610800'),

('610830','清涧县','610800'),

('610831','子洲县','610800'),

('610900','安康市','610000'),

('610901','市辖区','610900'),

('610902','汉滨区','610900'),

('610921','汉阴县','610900'),

('610922','石泉县','610900'),

('610923','宁陕县','610900'),

('610924','紫阳县','610900'),

('610925','岚皋县','610900'),

('610926','平利县','610900'),

('610927','镇坪县','610900'),

('610928','旬阳县','610900'),

('610929','白河县','610900'),

('611000','商洛市','610000'),

('611001','市辖区','611000'),

('611002','商州区','611000'),

('611021','洛南县','611000'),

('611022','丹凤县','611000'),

('611023','商南县','611000'),

('611024','山阳县','611000'),

('611025','镇安县','611000'),

('611026','柞水县','611000'),

('620000','甘肃省',NULL),

('620100','兰州市','620000'),

('620101','市辖区','620100'),

('620102','城关区','620100'),

('620103','七里河区','620100'),

('620104','西固区','620100'),

('620105','安宁区','620100'),

('620111','红古区','620100'),

('620121','永登县','620100'),

('620122','皋兰县','620100'),

('620123','榆中县','620100'),

('620200','嘉峪关市','620000'),

('620201','市辖区','620200'),

('620300','金昌市','620000'),

('620301','市辖区','620300'),

('620302','金川区','620300'),

('620321','永昌县','620300'),

('620400','白银市','620000'),

('620401','市辖区','620400'),

('620402','白银区','620400'),

('620403','平川区','620400'),

('620421','靖远县','620400'),

('620422','会宁县','620400'),

('620423','景泰县','620400'),

('620500','天水市','620000'),

('620501','市辖区','620500'),

('620502','秦州区','620500'),

('620503','麦积区','620500'),

('620521','清水县','620500'),

('620522','秦安县','620500'),

('620523','甘谷县','620500'),

('620524','武山县','620500'),

('620525','张家川回族自治县','620500'),

('620600','武威市','620000'),

('620601','市辖区','620600'),

('620602','凉州区','620600'),

('620621','民勤县','620600'),

('620622','古浪县','620600'),

('620623','天祝藏族自治县','620600'),

('620700','张掖市','620000'),

('620701','市辖区','620700'),

('620702','甘州区','620700'),

('620721','肃南裕固族自治县','620700'),

('620722','民乐县','620700'),

('620723','临泽县','620700'),

('620724','高台县','620700'),

('620725','山丹县','620700'),

('620800','平凉市','620000'),

('620801','市辖区','620800'),

('620802','崆峒区','620800'),

('620821','泾川县','620800'),

('620822','灵台县','620800'),

('620823','崇信县','620800'),

('620824','华亭县','620800'),

('620825','庄浪县','620800'),

('620826','静宁县','620800'),

('620900','酒泉市','620000'),

('620901','市辖区','620900'),

('620902','肃州区','620900'),

('620921','金塔县','620900'),

('620922','瓜州县','620900'),

('620923','肃北蒙古族自治县','620900'),

('620924','阿克塞哈萨克族自治县','620900'),

('620981','玉门市','620900'),

('620982','敦煌市','620900'),

('621000','庆阳市','620000'),

('621001','市辖区','621000'),

('621002','西峰区','621000'),

('621021','庆城县','621000'),

('621022','环县','621000'),

('621023','华池县','621000'),

('621024','合水县','621000'),

('621025','正宁县','621000'),

('621026','宁县','621000'),

('621027','镇原县','621000'),

('621100','定西市','620000'),

('621101','市辖区','621100'),

('621102','安定区','621100'),

('621121','通渭县','621100'),

('621122','陇西县','621100'),

('621123','渭源县','621100'),

('621124','临洮县','621100'),

('621125','漳县','621100'),

('621126','岷县','621100'),

('621200','陇南市','620000'),

('621201','市辖区','621200'),

('621202','武都区','621200'),

('621221','成县','621200'),

('621222','文县','621200'),

('621223','宕昌县','621200'),

('621224','康县','621200'),

('621225','西和县','621200'),

('621226','礼县','621200'),

('621227','徽县','621200'),

('621228','两当县','621200'),

('622900','临夏回族自治州','620000'),

('622901','临夏市','622900'),

('622921','临夏县','622900'),

('622922','康乐县','622900'),

('622923','永靖县','622900'),

('622924','广河县','622900'),

('622925','和政县','622900'),

('622926','东乡族自治县','622900'),

('622927','积石山保安族东乡族撒拉族自治县','622900'),

('623000','甘南藏族自治州','620000'),

('623001','合作市','623000'),

('623021','临潭县','623000'),

('623022','卓尼县','623000'),

('623023','舟曲县','623000'),

('623024','迭部县','623000'),

('623025','玛曲县','623000'),

('623026','碌曲县','623000'),

('623027','夏河县','623000'),

('630000','青海省',NULL),

('630100','西宁市','630000'),

('630101','市辖区','630100'),

('630102','城东区','630100'),

('630103','城中区','630100'),

('630104','城西区','630100'),

('630105','城北区','630100'),

('630121','大通回族土族自治县','630100'),

('630122','湟中县','630100'),

('630123','湟源县','630100'),

('630200','海东市','630000'),

('630202','乐都区','630200'),

('630203','平安区','630200'),

('630222','民和回族土族自治县','630200'),

('630223','互助土族自治县','630200'),

('630224','化隆回族自治县','630200'),

('630225','循化撒拉族自治县','630200'),

('632200','海北藏族自治州','630000'),

('632221','门源回族自治县','632200'),

('632222','祁连县','632200'),

('632223','海晏县','632200'),

('632224','刚察县','632200'),

('632300','黄南藏族自治州','630000'),

('632321','同仁县','632300'),

('632322','尖扎县','632300'),

('632323','泽库县','632300'),

('632324','河南蒙古族自治县','632300'),

('632500','海南藏族自治州','630000'),

('632521','共和县','632500'),

('632522','同德县','632500'),

('632523','贵德县','632500'),

('632524','兴海县','632500'),

('632525','贵南县','632500'),

('632600','果洛藏族自治州','630000'),

('632621','玛沁县','632600'),

('632622','班玛县','632600'),

('632623','甘德县','632600'),

('632624','达日县','632600'),

('632625','久治县','632600'),

('632626','玛多县','632600'),

('632700','玉树藏族自治州','630000'),

('632701','玉树市','632700'),

('632722','杂多县','632700'),

('632723','称多县','632700'),

('632724','治多县','632700'),

('632725','囊谦县','632700'),

('632726','曲麻莱县','632700'),

('632800','海西蒙古族藏族自治州','630000'),

('632801','格尔木市','632800'),

('632802','德令哈市','632800'),

('632821','乌兰县','632800'),

('632822','都兰县','632800'),

('632823','天峻县','632800'),

('640000','宁夏回族自治区',NULL),

('640100','银川市','640000'),

('640101','市辖区','640100'),

('640104','兴庆区','640100'),

('640105','西夏区','640100'),

('640106','金凤区','640100'),

('640121','永宁县','640100'),

('640122','贺兰县','640100'),

('640181','灵武市','640100'),

('640200','石嘴山市','640000'),

('640201','市辖区','640200'),

('640202','大武口区','640200'),

('640205','惠农区','640200'),

('640221','平罗县','640200'),

('640300','吴忠市','640000'),

('640301','市辖区','640300'),

('640302','利通区','640300'),

('640303','红寺堡区','640300'),

('640323','盐池县','640300'),

('640324','同心县','640300'),

('640381','青铜峡市','640300'),

('640400','固原市','640000'),

('640401','市辖区','640400'),

('640402','原州区','640400'),

('640422','西吉县','640400'),

('640423','隆德县','640400'),

('640424','泾源县','640400'),

('640425','彭阳县','640400'),

('640500','中卫市','640000'),

('640501','市辖区','640500'),

('640502','沙坡头区','640500'),

('640521','中宁县','640500'),

('640522','海原县','640500'),

('650000','新疆维吾尔自治区',NULL),

('650100','乌鲁木齐市','650000'),

('650101','市辖区','650100'),

('650102','天山区','650100'),

('650103','沙依巴克区','650100'),

('650104','新市区','650100'),

('650105','水磨沟区','650100'),

('650106','头屯河区','650100'),

('650107','达坂城区','650100'),

('650109','米东区','650100'),

('650121','乌鲁木齐县','650100'),

('650200','克拉玛依市','650000'),

('650201','市辖区','650200'),

('650202','独山子区','650200'),

('650203','克拉玛依区','650200'),

('650204','白碱滩区','650200'),

('650205','乌尔禾区','650200'),

('650400','吐鲁番市','650000'),

('650402','高昌区','650400'),

('650421','鄯善县','650400'),

('650422','托克逊县','650400'),

('650500','哈密市','650000'),

('650502','伊州区','650500'),

('650521','巴里坤哈萨克自治县','650500'),

('650522','伊吾县','650500'),

('652300','昌吉回族自治州','650000'),

('652301','昌吉市','652300'),

('652302','阜康市','652300'),

('652323','呼图壁县','652300'),

('652324','玛纳斯县','652300'),

('652325','奇台县','652300'),

('652327','吉木萨尔县','652300'),

('652328','木垒哈萨克自治县','652300'),

('652700','博尔塔拉蒙古自治州','650000'),

('652701','博乐市','652700'),

('652702','阿拉山口市','652700'),

('652722','精河县','652700'),

('652723','温泉县','652700'),

('652800','巴音郭楞蒙古自治州','650000'),

('652801','库尔勒市','652800'),

('652822','轮台县','652800'),

('652823','尉犁县','652800'),

('652824','若羌县','652800'),

('652825','且末县','652800'),

('652826','焉耆回族自治县','652800'),

('652827','和静县','652800'),

('652828','和硕县','652800'),

('652829','博湖县','652800'),

('652900','阿克苏地区','650000'),

('652901','阿克苏市','652900'),

('652922','温宿县','652900'),

('652923','库车县','652900'),

('652924','沙雅县','652900'),

('652925','新和县','652900'),

('652926','拜城县','652900'),

('652927','乌什县','652900'),

('652928','阿瓦提县','652900'),

('652929','柯坪县','652900'),

('653000','克孜勒苏柯尔克孜自治州','650000'),

('653001','阿图什市','653000'),

('653022','阿克陶县','653000'),

('653023','阿合奇县','653000'),

('653024','乌恰县','653000'),

('653100','喀什地区','650000'),

('653101','喀什市','653100'),

('653121','疏附县','653100'),

('653122','疏勒县','653100'),

('653123','英吉沙县','653100'),

('653124','泽普县','653100'),

('653125','莎车县','653100'),

('653126','叶城县','653100'),

('653127','麦盖提县','653100'),

('653128','岳普湖县','653100'),

('653129','伽师县','653100'),

('653130','巴楚县','653100'),

('653131','塔什库尔干塔吉克自治县','653100'),

('653200','和田地区','650000'),

('653201','和田市','653200'),

('653221','和田县','653200'),

('653222','墨玉县','653200'),

('653223','皮山县','653200'),

('653224','洛浦县','653200'),

('653225','策勒县','653200'),

('653226','于田县','653200'),

('653227','民丰县','653200'),

('654000','伊犁哈萨克自治州','650000'),

('654002','伊宁市','654000'),

('654003','奎屯市','654000'),

('654004','霍尔果斯市','654000'),

('654021','伊宁县','654000'),

('654022','察布查尔锡伯自治县','654000'),

('654023','霍城县','654000'),

('654024','巩留县','654000'),

('654025','新源县','654000'),

('654026','昭苏县','654000'),

('654027','特克斯县','654000'),

('654028','尼勒克县','654000'),

('654200','塔城地区','650000'),

('654201','塔城市','654200'),

('654202','乌苏市','654200'),

('654221','额敏县','654200'),

('654223','沙湾县','654200'),

('654224','托里县','654200'),

('654225','裕民县','654200'),

('654226','和布克赛尔蒙古自治县','654200'),

('654300','阿勒泰地区','650000'),

('654301','阿勒泰市','654300'),

('654321','布尔津县','654300'),

('654322','富蕴县','654300'),

('654323','福海县','654300'),

('654324','哈巴河县','654300'),

('654325','青河县','654300'),

('654326','吉木乃县','654300'),

('659000','自治区直辖县级行政区划','650000'),

('659001','石河子市','659000'),

('659002','阿拉尔市','659000'),

('659003','图木舒克市','659000'),

('659004','五家渠市','659000'),

('659006','铁门关市','659000'),

('710000','台湾省',NULL),

('810000','香港特别行政区',NULL),

('820000','澳门特别行政区',NULL);

/*Table structure for table `t_categorie` */

DROP TABLE IF EXISTS `t_categorie`;

CREATE TABLE `t_categorie` (
  `categorie_id` BIGINT(20) NOT NULL AUTO_INCREMENT,
  `categorie_name` VARCHAR(255) NOT NULL,
  `categorie_shorthand` VARCHAR(255) NOT NULL,
  PRIMARY KEY (`categorie_id`)
) ENGINE=INNODB AUTO_INCREMENT=13 DEFAULT CHARSET=utf8;

/*Data for the table `t_categorie` */

INSERT  INTO `t_categorie`(`categorie_id`,`categorie_name`,`categorie_shorthand`) VALUES

(1,'演唱会','ych'),

(2,'话剧歌剧','gjhj'),

(3,'音乐会','yyh'),

(4,'曲苑杂坛','xsxq'),

(5,'度假休闲','zlxx'),

(6,'舞蹈芭蕾','wdbl'),

(7,'体育赛事','tyjj'),

(8,'周边商品','lyzl'),

(9,'儿童亲子','qz'),

(10,'动漫','dm'),

(11,'旅游展览','lyzl'),

(12,'旅游演艺','lyyy');

/*Table structure for table `t_order` */

DROP TABLE IF EXISTS `t_order`;

CREATE TABLE `t_order` (
  `id` BIGINT(20) NOT NULL AUTO_INCREMENT COMMENT '订单id(主键)',
  `number` VARCHAR(255) NOT NULL COMMENT '订单编号',
  `mode` INT(10) NOT NULL COMMENT '配送方式(1.为电子票,2.快递票)',
  `num` BIGINT(20) NOT NULL COMMENT '票数',
  `price` DOUBLE NOT NULL COMMENT '票价(演出门票单价)',
  `transport` DOUBLE DEFAULT '0' COMMENT '运费',
  `discount` DOUBLE DEFAULT '0' COMMENT '优惠价格(使用优惠券优惠了多少钱)',
  `status` BIGINT(20) NOT NULL COMMENT '交易状态,0:交易关闭,1:待付款,2:已付款',
  `user_id` INT(10) NOT NULL COMMENT '用户id(外键)',
  `show_id` BIGINT(20) NOT NULL COMMENT '演出id(外键)',
  `address_id` BIGINT(20) NOT NULL COMMENT '收货地址id(外键)',
  `createDate` DATETIME NOT NULL COMMENT '创建时间',
  `deliveryDate` DATETIME NOT NULL COMMENT '发货时间',
  `address` VARCHAR(255) DEFAULT NULL COMMENT '收货地址',
  PRIMARY KEY (`id`),
  UNIQUE KEY `number` (`number`),
  KEY `user_id` (`user_id`),
  KEY `address_id` (`address_id`),
  KEY `show_id` (`show_id`),
  CONSTRAINT `t_order_ibfk_11` FOREIGN KEY (`address_id`) REFERENCES `t_address` (`address_id`) ON DELETE CASCADE ON UPDATE CASCADE,
  CONSTRAINT `t_address_id_1` FOREIGN KEY (`address_id`) REFERENCES `t_address` (`address_id`),
  CONSTRAINT `t_order_ibfk_1` FOREIGN KEY (`user_id`) REFERENCES `t_user` (`id`) ON DELETE CASCADE ON UPDATE CASCADE,
  CONSTRAINT `t_order_ibfk_10` FOREIGN KEY (`show_id`) REFERENCES `t_show` (`show_id`) ON DELETE CASCADE ON UPDATE CASCADE,
  CONSTRAINT `t_order_ibfk_2` FOREIGN KEY (`address_id`) REFERENCES `t_address` (`address_id`) ON DELETE CASCADE ON UPDATE CASCADE,
  CONSTRAINT `t_order_ibfk_3` FOREIGN KEY (`show_id`) REFERENCES `t_show` (`show_id`) ON DELETE CASCADE ON UPDATE CASCADE,
  CONSTRAINT `t_order_ibfk_4` FOREIGN KEY (`user_id`) REFERENCES `t_user` (`id`) ON DELETE CASCADE ON UPDATE CASCADE,
  CONSTRAINT `t_order_ibfk_5` FOREIGN KEY (`address_id`) REFERENCES `t_address` (`address_id`) ON DELETE CASCADE ON UPDATE CASCADE,
  CONSTRAINT `t_order_ibfk_6` FOREIGN KEY (`show_id`) REFERENCES `t_show` (`show_id`) ON DELETE CASCADE ON UPDATE CASCADE,
  CONSTRAINT `t_order_ibfk_7` FOREIGN KEY (`address_id`) REFERENCES `t_address` (`address_id`) ON DELETE CASCADE ON UPDATE CASCADE,
  CONSTRAINT `t_order_ibfk_8` FOREIGN KEY (`user_id`) REFERENCES `t_user` (`id`) ON DELETE CASCADE ON UPDATE CASCADE,
  CONSTRAINT `t_order_ibfk_9` FOREIGN KEY (`address_id`) REFERENCES `t_address` (`address_id`) ON DELETE CASCADE ON UPDATE CASCADE,
  CONSTRAINT `t_show_id_1` FOREIGN KEY (`show_id`) REFERENCES `t_show` (`show_id`),
  CONSTRAINT `t_user_id_1` FOREIGN KEY (`user_id`) REFERENCES `t_user` (`id`)
) ENGINE=INNODB AUTO_INCREMENT=41 DEFAULT CHARSET=utf8 COMMENT='订单表';

/*Data for the table `t_order` */

INSERT  INTO `t_order`(`id`,`number`,`mode`,`num`,`price`,`transport`,`discount`,`status`,`user_id`,`show_id`,`address_id`,`createDate`,`deliveryDate`,`address`) VALUES

(1,'1023103962320',2,1,100,16,0,2,10,174,1,'2018-11-06 15:38:00','2018-11-06 15:38:00','河北省 石家庄 长安区'),

(2,'1023103862321',1,1,100,0,0,2,19,174,9,'2018-11-06 15:38:00','2018-11-06 15:38:00','广东省 深圳市 南山区'),

(3,'1023103762322',1,2,220,0,0,2,10,177,1,'2018-11-07 11:32:00','2018-11-07 11:32:00','河北省 石家庄 长安区'),

(4,'1023103662323',1,2,220,0,0,2,19,177,11,'2018-11-07 11:32:00','2018-11-07 11:32:00','广东省 深圳市 南山区'),

(5,'1023103562324',2,1,488,16,0,2,19,180,11,'2018-11-02 15:08:00','2018-11-02 15:08:00','广东省 深圳市 南山区'),

(6,'1027103562325',2,1,380,16,0,2,19,197,9,'2018-11-09 10:09:00','2018-11-09 10:09:00','广东省 深圳市 南山区'),

(7,'1023103162326',2,3,380,16,0,2,10,197,1,'2018-11-09 10:09:00','2018-11-09 10:09:00','河北省 石家庄 长安区'),

(8,'1023103362327',2,1,488,16,0,2,11,180,5,'2018-11-09 10:09:00','2018-11-09 10:09:00','广东省 深圳市 南山区'),

(33,'20181120164550767',2,1,100,0,0,2,10,175,1,'2018-11-20 16:45:50','2018-11-20 16:45:50','河北省石家庄市长安区'),

(34,'20181120164936178',2,6,2760,0,0,2,10,347,10,'2018-11-20 16:49:36','2018-11-20 16:49:36','河北省石家庄市长安区'),

(35,'20181120165604970',2,1,200,0,0,1,10,175,10,'2018-11-20 16:56:04','2018-11-20 16:56:04','河北省石家庄市长安区'),

(36,'20181120172722510',2,2,300,0,0,1,10,175,10,'2018-11-20 17:27:22','2018-11-20 17:27:22','河北省石家庄市长安区'),

(37,'20181120172835775',2,2,300,0,0,2,10,175,10,'2018-11-20 17:28:35','2018-11-20 17:28:35','河北省石家庄市长安区'),

(38,'20181120173839624',2,3,500,0,0,2,10,175,1,'2018-11-20 17:38:39','2018-11-20 17:38:39','河北省石家庄市长安区'),

(40,'20181120191408335',2,2,980,0,0,1,10,468,10,'2018-11-20 19:14:08','2018-11-20 19:14:08','河北省石家庄市长安区');

/*Table structure for table `t_reduce` */

DROP TABLE IF EXISTS `t_reduce`;

CREATE TABLE `t_reduce` (
  `id` BIGINT(20) NOT NULL AUTO_INCREMENT COMMENT '订单id(主键)',
  `user_id` INT(10) NOT NULL COMMENT '用户id(外键)',
  `number` VARCHAR(50) NOT NULL COMMENT '优惠劵号码',
  `name` VARCHAR(50) NOT NULL COMMENT '优惠劵名称',
  `de` VARCHAR(255) NOT NULL COMMENT '优惠说明',
  `tot` DOUBLE NOT NULL COMMENT '优惠券使用需要满足的金额',
  `sub` DOUBLE NOT NULL COMMENT '优惠券满减的金额',
  `type` INT(10) NOT NULL COMMENT '优惠劵类型(1.未使用,2.已过期,3.已使用)',
  `createDate` DATETIME NOT NULL COMMENT '有效日期开始时间',
  `exitDate` DATETIME NOT NULL COMMENT '有效日期结束时间',
  PRIMARY KEY (`id`),
  UNIQUE KEY `number` (`number`),
  KEY `user_id` (`user_id`),
  CONSTRAINT `t_reduce_ibfk_3` FOREIGN KEY (`user_id`) REFERENCES `t_user` (`id`) ON DELETE CASCADE ON UPDATE CASCADE,
  CONSTRAINT `t_reduce_ibfk_1` FOREIGN KEY (`user_id`) REFERENCES `t_user` (`id`) ON DELETE CASCADE ON UPDATE CASCADE,
  CONSTRAINT `t_reduce_ibfk_2` FOREIGN KEY (`user_id`) REFERENCES `t_user` (`id`) ON DELETE CASCADE ON UPDATE CASCADE,
  CONSTRAINT `t_userReduce_id_1` FOREIGN KEY (`user_id`) REFERENCES `t_user` (`id`)
) ENGINE=INNODB AUTO_INCREMENT=21 DEFAULT CHARSET=utf8 COMMENT='优惠券表';

/*Data for the table `t_reduce` */

INSERT  INTO `t_reduce`(`id`,`user_id`,`number`,`name`,`de`,`tot`,`sub`,`type`,`createDate`,`exitDate`) VALUES

(1,10,'2023103962320','演唱会专用','只能用于抵扣演唱会门票',500,35,1,'2018-11-06 12:00:00','2018-12-06 12:00:00'),

(2,10,'2023103962321','音乐会专用','只能用于抵扣音乐会门票',300,25,1,'2018-11-10 12:00:00','2019-01-05 12:00:00'),

(3,11,'2023103962322','演唱会专用','只能用于抵扣演唱会门票',500,35,1,'2018-11-11 12:00:00','2018-12-06 12:00:00'),

(4,11,'2023103962323','音乐会专用','只能用于抵扣音乐会门票',300,25,1,'2018-11-09 12:00:00','2019-01-05 12:00:00'),

(5,10,'2023103962324','动漫类专用','只能用于抵扣动漫类门票',200,15,1,'2018-11-11 12:00:00','2019-04-25 12:00:00'),

(6,19,'2023103962325','动漫类专用','只能用于抵扣动漫类门票',200,15,1,'2018-11-11 12:00:00','2019-04-25 12:00:00'),

(7,13,'2023103962326','演唱会专用','只能用于抵扣演唱会门票',500,35,1,'2018-11-09 12:00:00','2018-12-06 12:00:00'),

(8,13,'2023103962327','音乐会专用','只能用于抵扣音乐会门票',300,25,1,'2018-11-09 12:00:00','2019-01-05 12:00:00'),

(9,14,'2023103962328','演唱会专用','只能用于抵扣演唱会门票',500,35,1,'2018-11-09 12:00:00','2018-12-06 12:00:00'),

(10,14,'2023103962329','音乐会专用','只能用于抵扣音乐会门票',300,25,1,'2018-11-11 12:00:00','2019-01-05 12:00:00'),

(11,15,'2023103962310','演唱会专用','只能用于抵扣演唱会门票',500,35,1,'2018-11-11 12:00:00','2018-12-06 12:00:00'),

(12,15,'2023103962311','音乐会专用','只能用于抵扣音乐会门票',300,25,1,'2018-11-11 12:00:00','2019-01-05 12:00:00'),

(13,16,'2023103962312','演唱会专用','只能用于抵扣演唱会门票',500,35,1,'2018-11-16 12:00:00','2018-12-06 12:00:00'),

(14,16,'2023103962313','音乐会专用','只能用于抵扣音乐会门票',300,25,1,'2018-11-11 12:00:00','2019-01-05 12:00:00'),

(15,18,'2023103962314','演唱会专用','只能用于抵扣演唱会门票',500,35,1,'2018-11-12 12:00:00','2018-12-06 12:00:00'),

(16,18,'2023103962315','音乐会专用','只能用于抵扣音乐会门票',300,25,1,'2018-11-05 12:00:00','2019-01-05 12:00:00'),

(17,19,'2023103962316','演唱会专用','只能用于抵扣演唱会门票',500,35,1,'2018-11-06 12:00:00','2018-12-06 12:00:00'),

(18,19,'2023103962317','音乐会专用','只能用于抵扣音乐会门票',300,25,1,'2018-11-07 12:00:00','2019-01-05 12:00:00'),

(19,20,'2023103962318','演唱会专用','只能用于抵扣演唱会门票',500,35,1,'2018-11-08 12:00:00','2018-12-06 12:00:00'),

(20,20,'2023103962319','音乐会专用','只能用于抵扣音乐会门票',300,25,1,'2018-11-09 12:00:00','2019-01-05 12:00:00');

/*Table structure for table `t_show` */

DROP TABLE IF EXISTS `t_show`;

CREATE TABLE `t_show` (
  `show_id` BIGINT(20) NOT NULL AUTO_INCREMENT COMMENT '主键，演出Id',
  `show_name` VARCHAR(255) NOT NULL COMMENT '演出名称',
  `show_img` VARCHAR(255) NOT NULL COMMENT '演出图片',
  `show_min_price` DOUBLE DEFAULT NULL COMMENT '最低票价票价',
  `show_place` VARCHAR(255) NOT NULL COMMENT '演出地点',
  `categorie_id` BIGINT(20) NOT NULL COMMENT '外键，分类ID',
  `areainfo_id` VARCHAR(255) NOT NULL COMMENT '外键，城市ID',
  `show_title` VARCHAR(255) DEFAULT NULL COMMENT '演出简介',
  `count` INT(20) NOT NULL DEFAULT '0',
  `show_status` BIGINT(20) NOT NULL COMMENT '演出状态，1:项目待定，2:预定/预售，3:售票中,4:退票，5:演出开始',
  `show_begin_time` DATETIME NOT NULL DEFAULT '2018-01-06 00:00:00',
  `show_end_time` DATETIME DEFAULT NULL,
  `show_max_price` DOUBLE DEFAULT NULL COMMENT '最高票价',
  `show_ipt_num` INT(10) NOT NULL DEFAULT '1000' COMMENT '票数',
  PRIMARY KEY (`show_id`),
  KEY `areainfo_id` (`areainfo_id`),
  KEY `categorie_id` (`categorie_id`),
  CONSTRAINT `tt_show_ibfk_1` FOREIGN KEY (`areainfo_id`) REFERENCES `t_areainfo` (`areainfo_id`),
  CONSTRAINT `tt_show_ibfk_2` FOREIGN KEY (`categorie_id`) REFERENCES `t_categorie` (`categorie_id`)
) ENGINE=INNODB AUTO_INCREMENT=1411 DEFAULT CHARSET=utf8;

/*Data for the table `t_show` */

INSERT  INTO `t_show`(`show_id`,`show_name`,`show_img`,`show_min_price`,`show_place`,`categorie_id`,`areainfo_id`,`show_title`,`count`,`show_status`,`show_begin_time`,`show_end_time`,`show_max_price`,`show_ipt_num`) VALUES

(174,'【上海】孟京辉戏剧作品《恋爱的犀牛》','166925_n.jpg',100,'艺海剧院-先锋剧场 - 上海',1,'310000','马路的疯狂使恋爱指导员的理论彻底崩溃。在一个犀牛嚎叫的夜晚，马路以爱情的名义将明明绑架……',0,3,'2018-01-06 00:00:00','2018-12-01 00:00:00',380,1000),

(175,'【深圳】遇见龙猫---宫崎骏 久石让多媒体视听音乐会','167336_n.jpg',100,'深圳市少年宫剧场 - 深圳',1,'440300','香港弦乐团倾情演奏，知名音乐家郑一成担任音乐总监。',0,3,'2018-01-06 00:00:00','2018-12-12 00:00:00',200,1000),

(176,'【成都】LA MAISON CD 2018人头马之家 Rémy Martin','167485_n.jpg',30,'太古里博舍 - 成都',1,'510100','共享多彩与美酒的饕餮盛宴!',0,2,'2018-01-06 00:00:00','2018-11-06 00:00:00',299,1000),

(177,'【广州】2018广东双城超级草莓音乐节广州站 暨长隆度假区岁末狂欢派对','160529_n.jpg',220,'广州长隆欢乐世界8号停车场 - 广州',1,'440100','近百组音乐人和乐队……',0,2,'2018-01-06 00:00:00','2018-11-06 00:00:00',520,1000),

(178,'【天津】开心麻花2019爆笑贺岁舞台剧《窗前不止明月光》第一轮','167171_n.jpg',80,'天津滨湖剧院 - 天津',1,'120000','一场\"不可说\"的偷情幽会，一具尸体横空出\"窗\"。这不是故事，是\"事故\"。',0,2,'2018-01-06 00:00:00','2018-11-06 00:00:00',1080,1000),

(179,'【武汉】武汉欢乐谷万圣节夜场票','166927_n.jpg',85,'武汉欢乐谷 - 武汉',1,'420100','万圣节狂嗨',0,5,'2018-01-06 00:00:00','2018-11-06 00:00:00',130,1000),

(180,'【广州】许冠杰·谭咏麟 阿 SAM & 阿 TAM HAPPY TOGETHER\n                                巡回演唱会-广州站','164298_n.jpg',488,'广州珠江新城海心沙 - 广州',1,'440100','艺人: 谭咏麟、许冠杰',0,5,'2018-01-06 00:00:00','2018-11-06 00:00:00',1488,1000),

(181,'【沈阳】开心麻花2019爆笑贺岁舞台剧《窗前不止明月光》','166195_n.jpg',80,'辽宁大剧院 - 沈阳',1,'210100','爆笑贺岁舞台剧《窗前不止明月光》',0,5,'2018-01-06 00:00:00','2018-11-06 00:00:00',1232,1000),

(182,'【深圳】2018咪咕音乐现场深圳站蔡淳佳专场','167339_n.jpg',180,'深圳蛇口风华大剧院 - 深圳',1,'440300','艺人: 蔡淳佳',0,5,'2018-01-06 00:00:00','2018-11-06 00:00:00',380,1000),

(183,'【上海】新现场上海高清放映·《哈姆雷特》','167180_n.jpg',100,'兰馨·悦立方 - 上海',1,'310000','戏魔“卷福”全情演绎丹麦王子哈姆雷特，创10万张门票数分钟内售罄之英国票房奇迹，与英国同步欣赏人类历史上\n                                    最著名复仇故事的最新舞台演绎',0,5,'2018-01-06 00:00:00','2018-11-06 00:00:00',150,1000),

(184,'【南昌】百老汇原版音乐剧《芝加哥 Chicago》','160835_n.jpg',280,'江西艺术中心大剧院 - 南昌',1,'360100','作为百老汇历史上演出时间最长的美国音乐剧，《芝加哥》是可谓是音乐剧史上的里程碑之作。',0,2,'2018-01-06 00:00:00','2018-11-06 00:00:00',1080,1000),

(185,'【北京】中国交响乐团新年音乐会','167251_n.jpg',100,'国家大剧院-音乐厅 - 北京',1,'110000','演出：中国交响乐团',0,3,'2018-01-06 00:00:00','2018-11-06 00:00:00',600,1000),

(186,'【北京】大型经典梦幻儿童剧《白雪公主》','166187_n.jpg',69,'海淀工人文化宫 - 北京',1,'110000','把你带回无忧无虑的童年快乐时光，走进梦幻迷离的亲子童话王国，众多孩子相聚，释放童真，感受亲情，给您和孩子留下永久回忆。',0,3,'2018-01-06 00:00:00','2018-11-06 00:00:00',79,1000),

(187,'【西安】声闻聚将Seven Gurus(SG)厂牌2018全国巡回LIVE—西安站','167426_n.jpg',NULL,'大麦•1935 LIVE HOUSE - 西安',1,'610100','让观众享受浸入式体验；灯光，舞美，机位，VJ,出场设定都将堪比演唱会级别',0,4,'2018-01-06 00:00:00','2018-11-06 00:00:00',NULL,1000),

(189,'【上海】MaiLive多媒体3D舞台剧《盗墓笔记外传：藏海花》上海站','166124_n.jpg',80,'人民大舞台 - 上海',1,'310000','神幻莫测的藏地秘境，张起灵的人生传奇，藏海神山中的三日静寂，尽在《盗墓笔记外传：藏海花》',0,2,'2018-01-06 00:00:00','2018-11-06 00:00:00',680,1000),

(190,'【北京】开心麻花2019爆笑贺岁舞台剧《谈判专家》','165847_n.jpg',80,'世纪剧院 - 北京',1,'110000','一部贺岁大戏，道尽麻花风流',0,5,'2018-01-06 00:00:00','2018-11-06 00:00:00',1088,1000),

(191,'【北京】《金簪记》','167560_n.jpg',60,'北京西区剧场 - 北京',1,'110000','商贾西门，偶遇李瓶，金簪定情，隔墙密会。',0,2,'2018-01-06 00:00:00','2018-11-06 00:00:00',560,1000),

(192,'【深圳】2018张信哲世界巡回演唱会深圳站——未来式','165763_n.jpg',380,'华润深圳湾体育中心“春茧”体育馆 - 深圳',1,'440300','艺人: 张信哲',0,5,'2018-01-06 00:00:00','2018-11-06 00:00:00',1680,1000),

(193,'【长沙】孟京辉戏剧作品《恋爱的犀牛》-长沙站','167053_n.jpg',100,'湖南省花鼓戏保护传承中心大舞台剧场 - 长沙',1,'430100','艺人: 孟京辉',0,2,'2018-01-06 00:00:00','2018-11-06 00:00:00',680,1000),

(194,'【深圳】2018咪咕音乐现场深圳站曹格专场','167327_n.jpg',199,'深圳蛇口风华大剧院 - 深圳',1,'440300','艺人: 曹格',0,5,'2018-01-06 00:00:00','2018-11-06 00:00:00',499,1000),

(195,'【重庆】莎士比亚戏剧双峰之一《李尔王》','167151_n.jpg',80,'重庆国泰艺术中心剧院 - 重庆',1,'500000','史上令人心碎的英雄暮年故事！',0,2,'2018-01-06 00:00:00','2018-11-06 00:00:00',120,1000),

(196,'【上海】燃之夜国际摔角秀','167637_n.jpg',108,'长江剧场 - 上海',1,'310000','每个星期天，为上海市民带来中国内地从未体验过的最嗨最燃的狂热格斗秀场。',0,5,'2018-01-06 00:00:00','2018-11-06 00:00:00',588,1000),

(197,'【武汉】郭富城“舞林密码”世界巡回演唱会2018—武汉站','165989_n.jpg',380,'光谷国际网球中心 - 武汉',1,'420100','艺人: 郭富城',0,3,'2018-01-06 00:00:00','2018-11-06 00:00:00',1580,1000),

(198,'【北京】2018德云社北京相声大会——天桥德云社剧场','139562_n.jpg',40,'天桥德云社剧场 - 北京',1,'110000','民间艺术文化渊远流长',0,5,'2018-01-06 00:00:00','2018-11-06 00:00:00',1000,1000),

(199,'【深圳】2019《法国巴黎爱乐乐团新年音乐会》-深圳','167641_n.jpg',144,'深圳保利剧院 - 深圳',1,'440300','法国爱乐乐团在成立不到一年后便开始扬名国际音乐界',0,3,'2018-01-06 00:00:00','2018-11-06 00:00:00',1280,1000),

(200,'【珠海】第12届中国国际航空航天博览会(珠海航展)【实物票】','165118_n.jpg',315,'珠海市金湾区三灶镇航展馆 - 珠海',1,'440400','中国国际航空航天博览会',0,5,'2018-01-06 00:00:00','2018-11-06 00:00:00',480,1000),

(201,'【泉州】2018年亚洲大体联足球亚洲杯总决赛','167538_n.jpg',10,'晋江体育场 - 泉州',1,'350500','亚洲大体联足球亚洲杯总决赛',0,3,'2018-01-06 00:00:00','2018-11-06 00:00:00',NULL,1000),

(202,'【石家庄】洪顺曲艺社2018年11月份场次演出','167465_n.jpg',10,'洪顺曲艺社 - 石家庄',1,'130100','曲艺名家的雕像古色古香；身穿大褂的艺人；传统的曲艺表演……',0,2,'2018-01-06 00:00:00','2018-11-06 00:00:00',180,1000),

(203,'【重庆】周杰伦作品音乐剧《不能说的秘密》2018全球巡演重庆站','166595_n.jpg',180,'重庆国际马戏城 - 重庆',1,'500000','艺人: 周杰伦',0,3,'2018-01-06 00:00:00','2018-11-06 00:00:00',880,1000),

(204,'【成都】荷苗小剧场儿童安全系列剧 农场来了陌生人','167164_n.jpg',60,'咔卡剧场 - 成都',1,'510100','荷苗第一部“安全教育”主题剧——“防拐卖”，培养孩子自我保护意识。',0,3,'2018-01-06 00:00:00','2018-11-06 00:00:00',260,1000),

(205,'【北京】天野喜孝《交织の幻想》中国巡展北京站','166921_n.jpg',120,'筑中美术馆 - 北京',1,'110000','此次中国巡展将是天野喜孝个人海外巡展出展时间最长、巡展城市最 多的一次。',0,3,'2018-01-06 00:00:00','2018-11-06 00:00:00',NULL,1000),

(206,'【北京】中国交响乐团大提琴专场音乐会','167567_n.jpg',80,'北京音乐厅 - 北京',1,'110000','中国交响乐团大提琴专场音乐会精彩上演。',0,5,'2018-01-06 00:00:00','2018-11-06 00:00:00',300,1000),

(207,'【上海】凯迪拉克·上海音乐厅2018音乐季闭幕系列音乐会I：挪威室内乐团与爵士钢琴大师布格·维塞尔托夫特别呈现系列音乐会','167112_n.jpg',80,'凯迪拉克·上海音乐厅大厅 - 上海',1,'310000','挪威室内乐团成立于1977年，现已成为国际古典音乐界中最为重要的室内乐团之一。布格·维塞尔托夫出生于爵士音乐世家，是欧洲“新爵士”著名领军人物，他是钢琴家，作曲家兼制作人。',0,3,'2018-01-06 00:00:00','2018-11-06 00:00:00',680,1000),

(208,'【杭州】维也纳之声新年音乐会·杭州 奥地利维也纳之声交响乐团','167052_n.jpg',180,'浙江省人民大会堂 - 杭州',1,'330100','维也纳之声新年音乐会',0,2,'2018-01-06 00:00:00','2018-11-06 00:00:00',880,1000),

(209,'【武汉】开心麻花经典爆笑舞台剧 《乌龙山伯爵》','166040_n.jpg',100,'湖北剧院 - 武汉',1,'420100','艺人: 闫非、开心麻花',0,3,'2018-01-06 00:00:00','2018-11-06 00:00:00',1320,1000),

(210,'【成都】成都·蓬皮杜：“全球都市”国际艺术双年展“无定义音乐节”—莫西子诗专场音乐演出','166999_n.jpg',80,'成都梵木创艺区正火艺术中心1号馆 - 成都',1,'510100','艺人: 莫西子诗',0,5,'2018-01-06 00:00:00','2018-11-06 00:00:00',NULL,1000),

(211,'【北京】“北京剧院2018戏剧节”儿童剧《海底小纵队4：极地大探险》','166641_n.jpg',80,'北京剧院 - 北京',1,'110000','美轮美奂的雪景，巨大逼真的冰川，强烈的冰天雪地场景扑面而来。',0,3,'2018-01-06 00:00:00','2018-11-06 00:00:00',1000,1000),

(213,'【佛山】2018周杰伦作品音乐剧《不能说的秘密》亚洲巡演佛山','O1CN012GdS6jntnPBv528_!!0-item_pic.jpg',180,'佛山琼花大剧院 - 佛山',1,'440600','',0,3,'2018-01-06 00:00:00','2018-11-06 00:00:00',880,1000),

(214,'【上海】《欢乐颂》2019新年•音乐会','167141_n.jpg',200,'东方艺术中心-音乐厅 - 上海',1,'310000','德国广播交响乐团2019新年·音乐会',0,3,'2018-01-06 00:00:00','2018-11-06 00:00:00',1280,1000),

(215,'【上海】话剧《风华绝代》','166575_n.jpg',180,'人民大舞台 - 上海',1,'310000','演员: 刘晓庆',0,2,'2018-01-06 00:00:00','2018-11-06 00:00:00',1380,1000),

(216,'【成都】成都·蓬皮杜：“全球都市”国际艺术双年展','165037_n.jpg',20,'东郊记忆-锦颂东方演艺厅 - 成都',1,'510100','成都•蓬皮杜：“全球都市”国际艺术双年展将于2018年11月2日在成都市东郊记忆音乐公园拉开序幕。',0,5,'2018-01-06 00:00:00','2018-11-06 00:00:00',248,1000),

(217,'【珠海】王力宏“龙的传人2060”巡回演唱会-珠海站','154269_n.jpg',280,'珠海体育中心体育场 - 珠海',1,'440400','艺人: 王力宏',0,2,'2018-01-06 00:00:00','2018-11-06 00:00:00',1680,1000),

(218,'【北京】北京儿艺-戏剧魔法音乐会之《音符环游记》','167562_n.jpg',80,'北京喜剧院 - 北京',1,'110000','一场听得懂玩得嗨音乐会，生而不同。',0,2,'2018-01-06 00:00:00','2018-11-06 00:00:00',400,1000),

(219,'【沈阳】凡创文化·《最后的莫西干人》全球巡演-沈阳站','167407_n.jpg',90,'豫珑剧场 - 沈阳',1,'210100','苍凉的音乐演奏出的大气磅礴，直击人心，空灵之声，荡气回肠，让人沉醉，迷离。',0,5,'2018-01-06 00:00:00','2018-11-06 00:00:00',380,1000),

(220,'【杭州】孟京辉戏剧作品《恋爱的犀牛》','157076_n.jpg',100,'杭州蜂巢剧场（杭杂小剧场） - 杭州',1,'330100','性感神秘的女孩明明在年轻人马路面前出现的一瞬间，马路的生活彻底改变了。',0,3,'2018-01-06 00:00:00','2018-11-06 00:00:00',380,1000),

(221,'【北京】中国爱乐乐团2018-2019音乐季-莱昂尼达斯・卡瓦科斯的协奏曲之夜','167106_n.jpg',50,'中山音乐堂 - 北京',1,'110000','中国爱乐乐团2018-2019音乐季-莱昂尼达斯・卡瓦科斯的协奏曲之夜',0,2,'2018-01-06 00:00:00','2018-11-06 00:00:00',880,1000),

(222,'【上海】海上梨园·小剧场昆曲·《玉簪记·偷诗》','167651_n.jpg',198,'豫园·海上梨园 - 上海',1,'310000','“偷诗”为传奇剧本《玉簪记》第十九出，原名“词媾”。该戏以生、旦为主，唱腔委婉，表演细腻。',0,3,'2018-01-06 00:00:00','2018-11-06 00:00:00',368,1000),

(223,'【北京】开心麻花爆笑舞台剧《二维码杀手》','166968_n.jpg',80,'北京剧院 - 北京',1,'110000','3年，6人被杀，现场无迹可寻，只有一个二维码',0,2,'2018-01-06 00:00:00','2018-11-06 00:00:00',1088,1000),

(224,'【长春】2018-2019赛季吉林东北虎常规赛','166026_n.jpg',60,'长春市体育馆 - 长春',1,'220100','CBA赛季吉林东北虎常规赛精彩开始。',0,5,'2018-01-06 00:00:00','2018-11-06 00:00:00',960,1000),

(225,'【上海】【棉花糖与白日梦】 交互艺术体验展','164130_n.jpg',50,'中海环宇荟 - 上海',1,'310000','与一般的“网红打卡展”不同，“棉花糖与白日梦”通过超大空间，15个展览单元，10种主题气味，10个沉浸互动式体验装置，35+风格各异的拍照场景，10+可以品尝的滋味，带给参观者不一样的沉浸式互动体验。',0,2,'2018-01-06 00:00:00','2018-11-06 00:00:00',128,1000),

(226,'【成都】环佩青岚—戊戌年金秋古琴演奏会','167377_n.jpg',50,'东郊记忆·聚空间 - 成都',1,'510100','各项活动正如火如荼的展开。',0,3,'2018-01-06 00:00:00','2018-11-06 00:00:00',100,1000),

(227,'【郑州】理查德.克莱德曼2019全球纪念巡演音乐会郑州站','166931_n.jpg',380,'河南省体育馆 - 郑州',1,'410100','艺人: 理查德 克莱德曼',0,3,'2018-01-06 00:00:00','2018-11-06 00:00:00',2520,1000),

(228,'【北京】《延禧攻略》沉浸展——来场穿越之旅【北京站】','167159_n.jpg',40,'长楹天街购物中心（5层连廊） - 北京',1,'110000','《延禧攻略》沉浸展——来场穿越之旅',0,3,'2018-01-06 00:00:00','2018-11-06 00:00:00',80,1000),

(229,'【北京】“千与千寻”久石让•宫崎骏动漫视听作品音乐会','166574_n.jpg',99,'隆福剧场 - 北京',1,'110000','伴随着一幅幅精彩而熟悉的电影画面，耳边传来一首首温馨浪漫的旋律',0,3,'2018-01-06 00:00:00','2018-11-06 00:00:00',540,1000),

(230,'【沈阳】开心麻花爆笑舞台剧《乌龙山伯爵》沈阳站','165955_n.jpg',80,'盛京大剧院歌剧厅 - 沈阳',1,'210100','开心麻花爆笑舞台剧《乌龙山伯爵》',0,3,'2018-01-06 00:00:00','2018-11-06 00:00:00',1080,1000),

(231,'【上海】百老汇经典音乐剧《美女与野兽》中文版','152193_n.jpg',135,'华特迪士尼大剧院 - 上海',1,'310000','走进华特迪士尼大剧院，当场灯渐暗，一场“现在时”的浪漫爱情正在发生，和美女与野兽一起开启这段发现爱、自我和内在美的旅程吧!',0,3,'2018-01-06 00:00:00','2018-11-06 00:00:00',590,1000),

(232,'【深圳】ButterFly—ACG 漫音幻奏钢琴曲浪漫之约演奏会','167459_n.jpg',120,'深圳音乐厅 - 深圳',1,'440300','无论你有没有学过钢琴，看了这场音乐会，你都会爱上它。',0,2,'2018-01-06 00:00:00','2018-11-06 00:00:00',480,1000),

(233,'【佛山】大型人偶互动舞台剧《三只小猪与大灰狼》','167481_n.jpg',60,'顺德容桂文化中心大剧院 - 佛山',1,'440600','本剧的一大特点在于，为孩子们设置了简单易懂的剧情，然而却在细节上做了很多功夫，让表演显得更加细腻而真实，同时也藉此插入诸多“惊喜”，让观众意外连连，爆笑不止。',0,2,'2018-01-06 00:00:00','2018-11-06 00:00:00',180,1000),

(234,'【广州】王力宏龙的传人2060世界巡回演唱会-广州站','165160_n.jpg',380,'广州海心沙亚运公园 - 广州',1,'440100','艺人: 王力宏',0,3,'2018-01-06 00:00:00','2018-11-06 00:00:00',1280,1000),

(235,'【深圳】2018深圳草莓音乐节','167315_n.jpg',480,'华润深圳湾体育中心“春茧”体育场 - 深圳',1,'440300','两大会场，七个舞台',0,2,'2018-01-06 00:00:00','2018-11-06 00:00:00',520,1000),

(236,'【深圳】陈绮贞20周年演唱会－漫漫长夜 Cheer 20','167399_n.jpg',299,'华润深圳湾体育中心“春茧”体育馆 - 深圳',1,'440300','艺人: 陈绮贞',0,3,'2018-01-06 00:00:00','2018-11-06 00:00:00',999,1000),

(237,'【深圳】光良“今晚我不孤独”巡回演唱会深圳站','167332_n.jpg',280,'华润深圳湾体育中心“春茧”体育馆 - 深圳',1,'440300','艺人: 光良',0,3,'2018-01-06 00:00:00','2018-11-06 00:00:00',880,1000),

(238,'【苏州】2018 [A CLASSIC TOUR 学友·经典] 世界巡回演唱会\n                                苏州站','164170_n.jpg',680,'苏州奥林匹克体育中心体育馆 - 苏州',1,'320500','艺人: 张学友',0,3,'2018-01-06 00:00:00','2018-11-06 00:00:00',1980,1000),

(239,'【海口】2018海南草莓音乐节','166606_n.jpg',180,'长影环球100奇幻乐园 - 海口',1,'460100','海南草莓音乐节',0,2,'2018-01-06 00:00:00','2018-11-06 00:00:00',420,1000),

(240,'【重庆】2018华熙LIVE独立音乐季','166715_n.jpg',90,'华熙LIVE 鱼洞-M空间 - 重庆',1,'500000','帮助中国的独立音乐，进入一个更好的发展时期。',0,3,'2018-01-06 00:00:00','2018-11-06 00:00:00',150,1000),

(241,'【西安】2018 奕泽X西安春浪音乐节','164784_n.jpg',200,'长安国际大学城潏河湿地公园 - 西安',1,'610100','艺人: 逃跑计划、张惠妹、MC HotDog、陈粒、顽童MJ116、VAVA、落日飞车',0,2,'2018-01-06 00:00:00','2018-11-06 00:00:00',NULL,1000),

(242,'【重庆】2018重庆草莓音乐节','165807_n.jpg',260,'重庆国际博览中心北室外展场 - 重庆',1,'500000','我们也仍然被一直在舞台前守候，直至演出重新开始的乐迷所感动！',0,3,'2018-01-06 00:00:00','2018-11-06 00:00:00',1111,1000),

(243,'【合肥】国潮音乐节-合肥站','163531_n.jpg',260,'合肥体育中心体育场 - 合肥',1,'340100','艺人: 朴树、王琳凯、许嵩、Tizzy T、轮回乐队',0,2,'2018-01-06 00:00:00','2018-11-06 00:00:00',460,1000),

(244,'【长沙】梦之蓝·王力宏“龙的传人2060”演唱会——长沙站','163506_n.jpg',280,'长沙贺龙体育中心体育场 - 长沙',1,'430100','艺人: 王力宏',0,3,'2018-01-06 00:00:00','2018-11-06 00:00:00',2222,1000),

(245,'【苏州】绝色莫文蔚世界巡回演唱会2018苏州站','162877_n.jpg',188,'苏州奥林匹克体育中心体育场 - 苏州',1,'320500','艺人: 莫文蔚',0,2,'2018-01-06 00:00:00','2018-11-06 00:00:00',1818,1000),

(246,'【澳门】郭富城“舞林密码”世界巡回演唱会2019-澳门站','167313_n.jpg',338,'澳门威尼斯人金光综艺馆 - 澳门',1,'820000','艺人: 郭富城',0,3,'2018-01-06 00:00:00','2018-11-06 00:00:00',1500,1000),

(247,'【贵港】谭咏麟银河岁月40载中国巡回演唱会2018-贵港站','166704_n.jpg',280,'贵港市体育中心体育场 - 贵港',1,'450800','艺人: 谭咏麟',0,2,'2018-01-06 00:00:00','2018-11-06 00:00:00',1380,1000),

(248,'【绍兴】2018醉在江南，绍兴音乐节','166084_n.jpg',158,'绍兴市迪荡新城梅陇湖畔 - 绍兴',1,'330600','艺人: 满舒克、谢天笑、后海大鲨鱼、陈鸿宇',0,3,'2018-01-06 00:00:00','2018-11-06 00:00:00',286,1000),

(249,'【成都】绝色莫文蔚巡回演唱会2018成都站','164259_n.jpg',380,'五粮液成都金融城演艺中心 - 成都',1,'510100','“绝”世无双',0,2,'2018-01-06 00:00:00','2018-11-06 00:00:00',1280,1000),

(250,'【深圳】4H潮流音乐节','165672_n.jpg',149,'锦绣中华凤凰广场 - 深圳',1,'440300','Gai、艾福杰尼、艾热即将空降深圳！',0,3,'2018-01-06 00:00:00','2018-11-06 00:00:00',549,1000),

(251,'【广州】许冠杰·谭咏麟 阿 SAM & 阿 TAM HAPPY TOGETHER\n                                巡回演唱会-广州站','164298_n.jpg',488,'广州珠江新城海心沙 - 广州',1,'440100','艺人: 谭咏麟、许冠杰',0,2,'2018-01-06 00:00:00','2018-11-06 00:00:00',1488,1000),

(252,'【长沙】I’m A-Lin 长沙站','166106_n.jpg',190,'长沙新国际会展中心 - 长沙',1,'430100','艺人: A-Lin',0,3,'2018-01-06 00:00:00','2018-11-06 00:00:00',1780,1000),

(253,'【深圳】2018咪咕音乐现场深圳站蔡淳佳专场','167339_n.jpg',180,'深圳蛇口风华大剧院 - 深圳',1,'440300','艺人: 蔡淳佳',0,2,'2018-01-06 00:00:00','2018-11-06 00:00:00',380,1000),

(254,'【广州】2018广东双城超级草莓音乐节广州站 暨长隆度假区岁末狂欢派对','160529_n.jpg',220,'广州长隆欢乐世界8号停车场 - 广州',1,'440100','近百组音乐人和乐队……',0,3,'2018-01-06 00:00:00','2018-11-06 00:00:00',520,1000),

(255,'【佛山】你爱的卫兰音乐会--佛山站','161976_n.jpg',280,'佛山高明体育中心体育馆 - 佛山',1,'440600','艺人: 卫兰',0,2,'2018-01-06 00:00:00','2018-11-06 00:00:00',580,1000),

(256,'【西安】声闻聚将Seven Gurus(SG)厂牌2018全国巡回LIVE—西安站','167426_n.jpg',300,'大麦•1935 LIVE HOUSE - 西安',1,'610100','让观众享受浸入式体验；灯光，舞美，机位，VJ,出场设定都将堪比演唱会级别',5,3,'2018-01-06 00:00:00','2018-11-06 00:00:00',NULL,1000),

(257,'【深圳】2018咪咕音乐现场深圳站曹格专场','167327_n.jpg',199,'深圳蛇口风华大剧院 - 深圳',1,'440300','艺人: 曹格',0,2,'2018-01-06 00:00:00','2018-11-06 00:00:00',499,1000),

(258,'【深圳】2018张信哲世界巡回演唱会深圳站——未来式','165763_n.jpg',380,'华润深圳湾体育中心“春茧”体育馆 - 深圳',1,'440300','艺人: 张信哲',0,3,'2018-01-06 00:00:00','2018-11-06 00:00:00',1680,1000),

(259,'【珠海】王力宏“龙的传人2060”巡回演唱会-珠海站','154269_n.jpg',280,'珠海体育中心体育场 - 珠海',1,'440400','艺人: 王力宏',0,2,'2018-01-06 00:00:00','2018-11-06 00:00:00',1680,1000),

(260,'【厦门】2018“麟犀之夜”全息演唱会','167457_n.jpg',280,'厦门集美嘉庚体育馆 - 厦门',1,'350200','次元界最 高盛典，全线明星热燃现场！',0,3,'2018-01-06 00:00:00','2018-11-06 00:00:00',880,1000),

(261,'【成都】SPYAIR WORLD TOUR 2018-成都站','166404_n.jpg',480,'华熙LIVE·528M空间 - 成都',1,'510100','SPYAIR WORLD TOUR',0,3,'2018-01-06 00:00:00','2018-11-06 00:00:00',880,1000),

(262,'【杭州】日系爵士嘻哈神级人物 DJ OKAWARI新作&合作专辑 中国巡演\n                                杭州站','166549_n.jpg',320,'MAOLivehouse杭州 - 杭州',1,'330100','以静冈为主要互动据点的音乐制作人',0,3,'2018-01-06 00:00:00','2018-11-06 00:00:00',580,1000),

(263,'【武汉】郭富城“舞林密码”世界巡回演唱会2018—武汉站','165989_n.jpg',380,'光谷国际网球中心 - 武汉',1,'420100','艺人: 郭富城',0,2,'2018-01-06 00:00:00','2018-11-06 00:00:00',1580,1000),

(264,'【合肥】任贤齐跨越2019合肥演唱会','162230_n.jpg',399,'合肥体育中心体育馆(奥体中心) - 合肥',1,'340100','艺人: 任贤齐',0,3,'2018-01-06 00:00:00','2018-11-06 00:00:00',1299,1000),

(265,'【深圳】RESOUND理想人声乐团 • 一声一世 • 阿卡贝拉流行音乐会-深圳站','167037_n.jpg',80,'新桥文化艺术中心大剧院 - 深圳',1,'440300','艺人: Resound',0,2,'2018-01-06 00:00:00','2018-11-06 00:00:00',899,1000),

(266,'【深圳】elrow狂欢派对•桑巴狂想曲 深圳站','166426_n.jpg',180,'嘿吼小镇 - 深圳',1,'440300','电音迷聚集地？elrow正在赶来！',0,3,'2018-01-06 00:00:00','2018-11-06 00:00:00',560,1000),

(267,'【郑州】风华绝代蔡琴2018郑州演唱会','166153_n.jpg',380,'郑州国际会展中心 - 郑州',1,'410100','艺人: 蔡琴',0,2,'2018-01-06 00:00:00','2018-11-06 00:00:00',1280,1000),

(268,'【中山】ALL IN2 VIP-演唱会','164917_n.jpg',280,'中山市兴中体育场 - 中山',1,'442000','艺人: 侧田、谢安琪、邓紫棋',0,3,'2018-01-06 00:00:00','2018-11-06 00:00:00',1280,1000),

(269,'【广州】郭富城“舞林密码”世界巡回演唱会2018—广州站（加场）','162823_n.jpg',380,'宝能国际体育演艺中心 - 广州',1,'440100','艺人: 郭富城',20,2,'2018-01-06 00:00:00','2018-11-06 00:00:00',1380,1000),

(270,'【济南】碧桂园·生活信仰·汪峰2018“就这样”巡回演唱会-济南站','160027_n.jpg',380,'济南奥体中心体育馆 - 济南',1,'370100','艺人: 汪峰',0,2,'2018-01-06 00:00:00','2018-11-06 00:00:00',1999,1000),

(271,'【成都】MELIVE X李雨[出走人间]巡演成都站','O1CN012GdS73XK9qScXwK_!!0-item_pic.jpg',100,'咪咕咖啡 - 成都',1,'510100','',0,2,'2018-01-06 00:00:00','2018-11-06 00:00:00',120,1000),

(272,'【柳州】中国风《穿越》电音节柳州站','167550_n.jpg',138,'柳州东城会展中心 - 柳州',1,'450200','中国风《穿越》电音节柳州站',0,2,'2018-01-06 00:00:00','2018-11-06 00:00:00',168,1000),

(273,'【杭州】押尾光太郎 15th Anniversary Concert 演奏会\n                                杭州站','165958_n.jpg',400,'MAOLivehouse杭州 - 杭州',1,'330100','Kotaro Oshio 的创作融合了优美旋律与强烈的节奏感 。',0,2,'2018-01-06 00:00:00','2018-11-06 00:00:00',500,1000),

(274,'【西安】李上安“夜长梦多”2018”全国巡演【西安站】','O1CN012GdS78Fq1FzZy4B_!!0-item_pic.jpg',100,'大麦•1935LIVEHOUSE - 西安',1,'610100','',0,3,'2018-01-06 00:00:00','2018-11-06 00:00:00',NULL,1000),

(275,'【上海】【影响x艾米斯传媒联合呈现】和风丽日系列演出vol.1\n                                日本都会潮流节奏乐队——Nulbarich上海站','167175_n.jpg',200,'Modernsky lab上海 - 上海',1,'310000','很多人听到Nulbarich作品时都会被其本身带有的英、日文结合演唱，独特洋乐质感，放克、爵士、灵魂乐等摇摆元素结合所吸引。',0,3,'2018-01-06 00:00:00','2018-11-06 00:00:00',NULL,1000),

(276,'【广州】KOL电音嘉年华广州站','164251_n.jpg',280,'广州长隆欢乐世界8号停车场 - 广州',1,'440100','双十一星际狂欢派对舞台全方位达到了超五感的视听双重体验',0,3,'2018-01-06 00:00:00','2018-11-06 00:00:00',NULL,1000),

(277,'【广州】《月光女神—天籁之声巡回演唱会》','167556_n.jpg',30,'广州中山纪念堂 - 广州',1,'440100','被冠以“东方莎拉•布莱曼”美誉，她的音色纯净飘渺，唱法变化多端，她是江碧然，她将美声与通俗唱法融为一体，拿捏得恰如其分。',0,2,'2018-01-06 00:00:00','2018-11-06 00:00:00',520,1000),

(278,'【澳门】INFINITE FAN MEETING 2018 in MACAU','167098_n.jpg',511,'澳门百老汇舞台 - 澳门',1,'820000','艺人: INFINITE',0,2,'2018-01-06 00:00:00','2018-11-06 00:00:00',1478,1000),

(279,'【上海】何大河：民谣与话剧《歌谣》2018全国巡演','166782_n.jpg',180,'黄浦剧场-小剧场 - 上海',1,'310000','艺人: 何大河',0,3,'2018-01-06 00:00:00','2018-11-06 00:00:00',380,1000),

(280,'【泉州】2018莫文蔚巡回演唱会泉州站','161402_n.jpg',180,'泉州海峡体育中心体育场 - 泉州',1,'350500','艺人: 莫文蔚',0,3,'2018-01-06 00:00:00','2018-11-06 00:00:00',1680,1000),

(281,'【福州】FanFan范玮琪“在幸福的路上”2018福州跨年演唱会','166410_n.jpg',299,'福州海峡国际会展中心6号馆 - 福州',1,'350100','艺人: 范玮琪',0,3,'2018-01-06 00:00:00','2018-11-06 00:00:00',1999,1000),

(282,'【东莞】庄心妍 Saw The Light 全国巡回演唱会2018东莞站','165183_n.jpg',188,'vivo长安文体中心（原长安体育馆） - 东莞',1,'441900','艺人: 庄心妍',0,3,'2018-01-06 00:00:00','2018-11-06 00:00:00',1388,1000),

(283,'【成都】2018毛不易“像我这样的人”全国巡回演唱会成都站','166990_n.jpg',380,'五粮液成都金融城演艺中心 - 成都',1,'510100','像我这样不甘平凡的人',0,2,'2018-01-06 00:00:00','2018-11-06 00:00:00',1280,1000),

(284,'【阳江】你爱的卫兰音乐会—阳江站','164603_n.jpg',280,'阳江国际会展中心 - 阳江',1,'441700','艺人: 卫兰',0,2,'2018-01-06 00:00:00','2018-11-06 00:00:00',999,1000),

(285,'【上海】林肯爵士乐上海中心John Chin Trio week3\n                                1120-1125','167673_n.jpg',110,'林肯爵士乐上海中心 - 上海',1,'310000','John\n                                    Chin目前居住在布鲁克林，自1998年以来一直在纽约爵士舞台上演出。他曾在卡内基音乐厅，林肯中心爵士音乐厅，蓝音音乐节以及世界各地的许多其他场地演出。',0,3,'2018-01-06 00:00:00','2018-11-06 00:00:00',220,1000),

(286,'【珠海】EDC-CHINA 雏菊音乐嘉年华-广东站','164433_n.jpg',1480,'珠海长隆海洋音乐广场 - 珠海',1,'440400','为你呈现最原汁原味的现场体验',0,3,'2018-01-06 00:00:00','2018-11-06 00:00:00',2080,1000),

(287,'【广州】OWL CITY CINEMATIC TOUR 2018猫头鹰之城电影之旅巡回\n                                广州站','165341_n.jpg',480,'中央车站展演中心 - 广州',1,'440100','艺人: Owl City',0,2,'2018-01-06 00:00:00','2018-11-06 00:00:00',880,1000),

(288,'【北京】北京文化艺术基金2018年度传播交流推广项目\n                                2018北京国际流行音乐周系列活动——平安“糖”北京演唱会','167519_n.jpg',80,'北京展览馆剧场 - 北京',1,'110000','平安“糖”北京演唱会',0,3,'2018-01-06 00:00:00','2018-11-06 00:00:00',700,1000),

(289,'【太原】奥斯卡太原店 中国新说唱全国三强 ICE说唱演出','167447_n.jpg',128,'太原市奥斯卡酒吧 - 太原',1,'140100','嘻哈音乐',0,3,'2018-01-06 00:00:00','2018-11-06 00:00:00',168,1000),

(290,'【深圳】记忆之声 白举纲《耳盲》全国巡演--深圳站','167240_n.jpg',220,'深圳市南山区A8音乐大厦二层A8Live - 深圳',1,'440300','艺人: 白举纲',0,2,'2018-01-06 00:00:00','2018-11-06 00:00:00',NULL,1000),

(291,'【广州】潘玮柏Alpha创使者巡回演唱会-广州站','157377_n.jpg',280,'宝能国际体育演艺中心 - 广州',1,'440100','艺人: 潘玮柏',0,3,'2018-01-06 00:00:00','2018-11-06 00:00:00',1280,1000),

(292,'【广州】听南拳妈妈的话广州音乐会','161682_n.jpg',288,'广州中山纪念堂 - 广州',1,'440100','艺人: 南拳妈妈',0,2,'2018-01-06 00:00:00','2018-11-06 00:00:00',588,1000),

(293,'【上海】满江“无际”2018巡演 上海站','163502_n.jpg',100,'Modernsky lab上海 - 上海',1,'310000','艺人: 满江',0,3,'2018-01-06 00:00:00','2018-11-06 00:00:00',120,1000),

(294,'【香港】钟镇涛《故事继续》演唱会 2018','163815_n.jpg',280,'香港体育馆 - 香港',1,'810000','艺人: 钟镇涛',0,3,'2018-01-06 00:00:00','2018-11-06 00:00:00',780,1000),

(295,'【上海】OLDCODEX Tour 2018 “GROWTH TO BE ONE” in\n                                SHANGHAI','163722_n.jpg',480,'Modernsky lab上海 - 上海',1,'310000','OLDCODEX Tour 2018 “GROWTH TO BE ONE” in SHANGHAI',0,2,'2018-01-06 00:00:00','2018-11-06 00:00:00',1280,1000),

(296,'【北京】Blue Note Beijing BASIA','164489_n.jpg',260,'Blue Note Beijing - 北京',1,'110000','Blue Note Beijing BASIA',0,3,'2018-01-06 00:00:00','2018-11-06 00:00:00',400,1000),

(297,'【上海】德国haggard中国巡演上海站','164866_n.jpg',480,'万代南梦宫上海文化艺术中心 未来剧场 - 上海',1,'310000','Haggard集死亡金属元素、古典管弦乐成份和民族乐背景于一身，是一个拥有固定团员16人，常任团员接近20人的名副其实的“古典金属乐团”。',0,2,'2018-01-06 00:00:00','2018-11-06 00:00:00',NULL,1000),

(298,'【香港】STANDING EGG DRAMATIC TOUR 2018 IN HONG\n                                KONG','164200_n.jpg',600,'九龙湾国际展贸中心Music Zone @ E-Max - 香港',1,'810000','艺人: STANDING EGG',0,3,'2018-01-06 00:00:00','2018-11-06 00:00:00',660,1000),

(299,'【上海】2018神武3咪咕音乐现场上海站王啸坤专场','163309_n.jpg',180,'喜玛拉雅艺术中心-大观舞台 - 上海',1,'310000','艺人: 王啸坤',0,3,'2018-01-06 00:00:00','2018-11-06 00:00:00',480,1000),

(300,'【北京】FEEDER First LIVE TOUR China-Feeling A\n                                Moment 2018','164111_n.jpg',380,'糖果TANGO-雍和宫店三层 - 北京',1,'110000','这必将会是一次绝妙的人生体验！',0,2,'2018-01-06 00:00:00','2018-11-06 00:00:00',780,1000),

(301,'【杭州】瑞典传奇音乐人Jay-Jay Johanson中国巡演 杭州站','163173_n.jpg',150,'MAOLivehouse杭州 - 杭州',1,'330100','瑞典传奇音乐人Jay-Jay\n                                    Johanson带来的就是这样一种笼罩心灵的感觉，让人拥有一种浸入之感，听之撩人心弦。',0,3,'2018-01-06 00:00:00','2018-11-06 00:00:00',NULL,1000),

(302,'【大连】荷兰达人秀冠军—马丁·赫肯斯中国巡演','163026_n.jpg',80,'大连开发区大剧院 - 大连',1,'210200','荷兰达人秀冠军—马丁·赫肯斯中国巡演',0,3,'2018-01-06 00:00:00','2018-11-06 00:00:00',NULL,1000),

(303,'【马鞍山】光辉岁月—致敬BEYOND黄家驹演唱会','163441_n.jpg',80,'马鞍山大剧院 - 马鞍山',1,'340500','与你一同回味，我们共同的回忆，一起高呼Rock\'n\'Roll。',0,2,'2018-01-06 00:00:00','2018-11-06 00:00:00',480,1000),

(304,'【香港】Spyair World Tour 2018 - Hong Kong','164197_n.jpg',110,'九龙湾国际展贸中心Music Zone @ E-Max - 香港',1,'810000','超人气日本摇滚乐队SPYAIR举办世界巡演！',0,3,'2018-01-06 00:00:00','2018-11-06 00:00:00',950,1000),

(305,'【广州】2018神武3咪咕音乐现场广州站赵泳鑫专场','163455_n.jpg',280,'中央车站展演中心 - 广州',1,'440100','艺人: 赵泳鑫',0,3,'2018-01-06 00:00:00','2018-11-06 00:00:00',480,1000),

(306,'【上海】FEEDER First LIVE TOUR China-Feeling A\n                                Moment 2018','164598_n.jpg',380,'万代南梦宫上海文化艺术中心 未来剧场 - 上海',1,'310000','加入我们一起来分享此次和英国最棒的摇滚乐队的亲密接触，这必将会是一次绝妙的人生体验！',0,2,'2018-01-06 00:00:00','2018-11-06 00:00:00',780,1000),

(307,'【武汉】小野丽莎2018巡回演唱会--武汉站','160987_n.jpg',280,'武汉剧院 - 武汉',1,'420100','艺人: 小野丽莎',0,3,'2018-01-06 00:00:00','2018-11-06 00:00:00',2199,1000),

(308,'【香港】六福珠宝呈献：薛家燕爱你无限60年演唱会','162290_n.jpg',323,'香港体育馆 - 香港',1,'810000','艺人: 薛家燕',0,3,'2018-01-06 00:00:00','2018-11-06 00:00:00',780,1000),

(309,'【上海】《甜蜜蜜》——海之花侯小媛邓氏金曲演唱会','163358_n.jpg',80,'人民大舞台 - 上海',1,'310000','庄奴这样称赞侯小媛： “她的歌声完全让我回到了给邓丽君写歌的美好时代。”',0,2,'2018-01-06 00:00:00','2018-11-06 00:00:00',680,1000),

(310,'【广州】【万有音乐系】小野丽莎2018巡回演唱会一广州站','159184_n.jpg',280,'星海音乐厅(交响乐演奏厅) - 广州',1,'440100','艺人: 小野丽莎',0,3,'2018-01-06 00:00:00','2018-11-06 00:00:00',1280,1000),

(311,'【北京】影响城市之声Presents RHYE 2018 CHINA TOUR','162963_n.jpg',350,'疆进酒·OMNI SPACE - 北京',1,'110000','浪漫轻盈的另类R&B絮语',0,3,'2018-01-06 00:00:00','2018-11-06 00:00:00',NULL,1000),

(312,'【广州】2018敬摇滚乐团演唱会广州站','163960_n.jpg',280,'中央车站展演中心 - 广州',1,'440100','艺人: 吴国敬',0,2,'2018-01-06 00:00:00','2018-11-06 00:00:00',580,1000),

(313,'【蚌埠】Q聚场/致敬BEYOND-黄家驹演唱会','162886_n.jpg',80,'蚌埠大剧院 - 蚌埠',1,'340300','致敬BEYOND-黄家驹！只属于我们永远的光辉岁月！',0,3,'2018-01-06 00:00:00','2018-11-06 00:00:00',280,1000),

(314,'【中山】星期二艺术沙龙：阿波罗与美少女——中央音乐学院盲人吉他演奏家杨杰独奏音乐会','164772_n.jpg',100,'中山市文化艺术中心小剧场 - 中山',1,'442000','中央音乐学院盲人吉他演奏家杨杰独奏音乐会',0,3,'2018-01-06 00:00:00','2018-11-06 00:00:00',NULL,1000),

(315,'【文山】中国摇滚三十年励志金曲震撼演唱会','163708_n.jpg',180,'云南省文山市盘龙体育场 - 文山',1,'532601','相信每一位到场的观众都会被震撼、被感动，都会融入到那些熟悉的旋律中去！',0,3,'2018-01-06 00:00:00','2018-11-06 00:00:00',980,1000),

(316,'【南京】【万有音乐系】《追忆邓丽君》——陈佳2018个人演唱会','156847_n.jpg',100,'江苏紫金大戏院 - 南京',1,'320100','有个女子，天生拥有酷似邓丽君的声线，加上她惟妙惟肖的演绎，真的会让人们恍惚觉得：邓丽君，还在我们身边。',0,2,'2018-01-06 00:00:00','2018-11-06 00:00:00',480,1000),

(317,'【福州】三个女人的壮阔人生——三毛·齐豫·潘越云《回声》演唱会','160816_n.jpg',280,'福州海峡奥林匹克体育中心综合馆 - 福州',1,'350100','艺人: 潘越云、齐豫',0,3,'2018-01-06 00:00:00','2018-11-06 00:00:00',1080,1000),

(318,'【宜宾】《2018光辉岁月致敬黄家驹》逝世25周年巡回演唱会（宜宾站）','O1CN012GdS6XjaY7b3Q3F_!!0-item_pic.jpg',188,'宜宾酒都剧场 - 宜宾',1,'511500','',0,3,'2018-01-06 00:00:00','2018-11-06 00:00:00',NULL,1000),

(319,'【上海】布雷克成军十周年回顾专场（BLAKE-10 Years\n                                Celebrating）-上海','TB1ryYdd5LaK1RjSZFxXXamPFXa_!!0-item_pic.jpg',280,'东方艺术中心-音乐厅 - 上海',1,'310000','',0,3,'2018-01-06 00:00:00','2018-11-06 00:00:00',1080,1000),

(320,'【绍兴】国际巨星 天籁之声——马丁·赫肯斯绍兴演唱会','158666_n.jpg',50,'绍兴大剧院 - 绍兴',1,'330600','荷兰好声音是世界首创的大型声乐比赛，问世以来，在荷兰全国得到了出乎想象的热烈反响并迅速传播到世界各国。',0,3,'2018-01-06 00:00:00','2018-11-06 00:00:00',220,1000),

(321,'【西安】小野丽莎2018圣诞平安夜演唱会','155841_n.jpg',180,'陕西大剧院—歌剧厅 - 西安',1,'610100','融合了美、日、巴西三国的音乐特色，开创出舒适怡人、无拘无束的“小野丽莎”曲风。',0,3,'2018-01-06 00:00:00','2018-11-06 00:00:00',880,1000),

(322,'【宁波】耳光乐队2018【仙人指lu】全国巡演 宁波站','157552_n.jpg',100,'宁波灯塔音乐现场 - 宁波',1,'330200','生旦净末丑，神仙老虎狗，耳光二十年，说走咱就走',0,3,'2018-01-06 00:00:00','2018-11-06 00:00:00',120,1000),

(323,'【上海】《夜上海》——海之花演绎上海老歌','159778_n.jpg',80,'人民大舞台 - 上海',1,'310000','感受上海老歌的独特魅力，深受教育和感染',0,3,'2018-01-06 00:00:00','2018-11-06 00:00:00',680,1000),

(324,'【南通】美丽的草原我的家（11月15日场）','162703_n.jpg',50,'南通更俗剧院 - 南通',1,'320600','美丽的草原我的家（11月15日场）',0,3,'2018-01-06 00:00:00','2018-11-06 00:00:00',280,1000),

(325,'【上海】爱之世界·永远的邓丽君 邓丽君诞辰66周年大型纪念歌会\n                                暨上海邓丽君歌友会创办十五周年庆典','161901_n.jpg',100,'美琪大戏院 - 上海',1,'310000','邓丽君诞辰66周年大型纪念歌会暨上海邓丽君歌友会创办15周年庆典演出',0,3,'2018-01-06 00:00:00','2018-11-06 00:00:00',580,1000),

(326,'【长沙】【万有音乐系】《追忆邓丽君》——陈佳2018个人演唱会','146386_n.jpg',100,'湖南大剧院 - 长沙',1,'430100','有个女子，天生拥有酷似邓丽君的声线，加上她惟妙惟肖的演绎，真的会让人们恍惚觉得：邓丽君，还在我们身边。',0,2,'2018-01-06 00:00:00','2018-11-06 00:00:00',480,1000),

(327,'【宁波】耳光乐队2018【仙人指lu】全国巡演 宁波站','152008_n.jpg',100,'宁波灯塔音乐现场 - 宁波',1,'330200','耳光二十年，说走咱就走',0,3,'2018-01-06 00:00:00','2018-11-06 00:00:00',120,1000),

(328,'【上海】原生（声） 温度 2018囚牛乐队全国巡回演唱会上海站','160847_n.jpg',80,'黄浦剧场-中剧场 - 上海',1,'310000','囚牛-龙生九子之首，传说囚牛生来喜欢聆听世间各种美妙的音乐，蹲立于琴头。',0,3,'2018-01-06 00:00:00','2018-11-06 00:00:00',580,1000),

(329,'【上海】《夜上海》——海之花演绎上海老歌-上海','TB2uhImvOMnBKNjSZFzXXc_qVXa_!!2251059038-0-item_pic.jpg',80,'梅派大舞台 - 上海',1,'310000','',0,3,'2018-01-06 00:00:00','2018-11-06 00:00:00',280,1000),

(330,'【深圳】【万有音乐系】小野丽莎2018巡回演唱会 深圳站','TB2dvtAcPrguuRjy0FeXXXcbFXa_!!2251059038-0-item_pic.jpg',280,'南山文体中心剧院大剧院 - 深圳',1,'440300','',0,3,'2018-01-06 00:00:00','2018-11-06 00:00:00',1280,1000),

(331,'【上海】芳华《春天的故事》军旅歌唱家改革开放四十周年经典老歌演唱会','TB2nERHoJcnBKNjSZR0XXcFqFXa_!!2251059038-0-item_pic.jpg',80,'梅派大舞台 - 上海',1,'310000','',0,3,'2018-01-06 00:00:00','2018-11-06 00:00:00',200,1000),

(332,'【上海】芳华《我们曾经当过兵》----军旅歌唱家经典军歌演唱会-上海','TB2oI5hoBjTBKNjSZFDXXbVgVXa_!!2251059038-0-item_pic.jpg',80,'梅派大舞台 - 上海',1,'310000','',0,3,'2018-01-06 00:00:00','2018-11-06 00:00:00',200,1000),

(334,'【重庆】李上安“夜长梦多”2018 全国巡演重庆站','O1CN012GdS6ry0e9j0kk0_!!0-item_pic.jpg',100,'坚果LIVEHOUSE - 重庆',1,'500000','',0,3,'2018-01-06 00:00:00','2018-11-06 00:00:00',NULL,1000),

(335,'【昆明】2018 Naga Guitars 音乐会系列 押尾光太郎 中国演奏会\n                                昆明站','O1CN012GdS6ri8DQbX2aL_!!0-item_pic.jpg',500,'MODERNSKY LAB(昆明店) - 昆明',1,'530100','',0,3,'2018-01-06 00:00:00','2018-11-06 00:00:00',NULL,1000),

(336,'【成都】Mai Hip-hop Live 成都节奏说不停','166268_n.jpg',11.11,'成都梵木创艺区正火艺术中心1号馆 - 成都',1,'510100','嘻哈娱乐盛宴！',0,3,'2018-01-06 00:00:00','2018-11-06 00:00:00',NULL,1000),

(337,'【青岛】鹿先森乐队“华年”2018全国巡演--青岛','O1CN01EefFpA2GdS7ANgCtZ_!!0-item_pic.jpg',180,'青岛大剧院 - 青岛',1,'370200','',0,3,'2018-01-06 00:00:00','2018-11-06 00:00:00',680,1000),

(338,'【杭州】2018中国大运河庙会音乐节','166083_n.jpg',260,'杭州智慧网谷小镇 - 杭州',1,'330100','艺人: 林宥嘉、谢天笑、谭维维、南征北战NZBZ、GG',0,3,'2018-01-06 00:00:00','2018-11-06 00:00:00',NULL,1000),

(339,'【杭州】Mai EDM Live—杭州全程不停电','166294_n.jpg',11.11,'杭州博采影棚 - 杭州',1,'330100','Mai EDM Live—杭州全程不停电',0,3,'2018-01-06 00:00:00','2018-11-06 00:00:00',NULL,1000),

(340,'【北京】Blue Note Beijing RICHARD BONA GROUP','164402_n.jpg',260,'Blue Note Beijing - 北京',1,'110000','Blue Note Beijing RICHARD BONA GROUP',0,3,'2018-01-06 00:00:00','2018-11-06 00:00:00',NULL,1000),

(341,'【杭州】扭机2018全国巡演 杭州站','164364_n.jpg',120,'MAOLivehouse杭州 - 杭州',1,'330100','二十年的风风雨雨离不开每一位乐迷的支持，扭曲机器的音乐还在继续。',0,3,'2018-01-06 00:00:00','2018-11-06 00:00:00',NULL,1000),

(342,'【北京】“不止，是李健”2018-2019李健巡回演唱会 北京站','166276_n.jpg',380,'北京工人体育馆 - 北京',1,'110000','艺人: 李健',0,3,'2018-01-06 00:00:00','2018-11-06 00:00:00',1280,1000),

(343,'【贵港】【砍价专享】谭咏麟银河岁月40载中国巡回演唱会2018-贵港站','167602_n.jpg',0,'贵港市体育中心体育场 - 贵港',1,'450800','作为20世纪80年代香港流行乐坛的代表人物之一，谭校长一眨眼已经歌唱了将近半个世纪。',0,3,'2018-01-06 00:00:00','2018-11-06 00:00:00',NULL,1000),

(344,'【宁波】A CLASSIC TOUR 学友·经典 世界巡回演唱会-宁波站','164743_n.jpg',480,'宁波富邦体育场 - 宁波',1,'330200','艺人: 张学友',0,3,'2018-01-06 00:00:00','2018-11-06 00:00:00',1980,1000),

(345,'【南京】中国平安“不止，是李健”2018-2019李健世界巡回演唱会 南京站','165841_n.jpg',380,'南京奥体中心体育馆 - 南京',1,'320100','艺人: 李健',0,3,'2018-01-06 00:00:00','2018-11-06 00:00:00',1280,1000),

(346,'【上海】百老汇原版音乐剧《摇滚学校》','167416_n.jpg',160,'上海大剧院-大剧场 - 上海',2,'310000','与其苟延残喘，不如尽情燃烧。',0,3,'2018-01-06 00:00:00','2018-11-06 00:00:00',1080,1000),

(347,'【北京】英文原版音乐剧《芝加哥》','152109_n.jpg',100,'天桥艺术中心-大剧场 - 北京',2,'110000','音乐剧《芝加哥》',0,3,'2018-01-06 00:00:00','2018-11-06 00:00:00',1180,1000),

(348,'【上海】音乐剧《贝隆夫人》','167326_n.jpg',80,'上汽上海文化广场 - 上海',2,'310000','一曲风靡全球金曲“阿根廷，别为我哭泣”，致敬阿根廷前第一夫人伊娃·贝隆传奇跌宕的一生',0,3,'2018-01-06 00:00:00','2018-11-06 00:00:00',1280,1000),

(349,'【上海】世界原版经典音乐剧《猫》CATS 2019中国“猫”年震撼回归 （The year\n                                of CATS）','167317_n.jpg',80,'上汽上海文化广场 - 上海',2,'310000','2019年，感动不说再见！杰里科舞会的大幕再度拉开，邀请更多观众一同在月光下奏响记忆中的熟悉序曲，见证这部“一生必看的时代典藏”！',0,3,'2018-01-06 00:00:00','2018-11-06 00:00:00',1280,1000),

(350,'【北京】开心麻花2019爆笑贺岁舞台剧《窗前不止明月光》','162901_n.jpg',80,'地质礼堂剧场 - 北京',2,'110000','选举夜，风流案，骗子开派对',0,3,'2018-01-06 00:00:00','2018-11-06 00:00:00',1088,1000),

(351,'【上海】音乐剧《芝加哥》上海站','150328_n.jpg',280,'美琪大戏院 - 上海',2,'310000','用“蕾丝”和“大腿”为无数看客带来极致的黑色幽默时至今日仍被赞为“最性感的音乐剧”',0,3,'2018-01-06 00:00:00','2018-11-06 00:00:00',1180,1000),

(352,'【上海】外百老汇超人气摇滚音乐剧中文版《谋杀歌谣》','167596_n.jpg',100,'上海大剧院-别克中剧场 - 上海',2,'310000','关于爱情、家庭、婚姻、出轨的探讨，直击都市人的软肋与你的内心，丝丝入扣的悬疑剧情，不到最后一刻你永远不知道会发生什么',0,3,'2018-01-06 00:00:00','2018-11-06 00:00:00',399,1000),

(353,'【北京】中国国家话剧院演出 话剧《行者无疆》','167537_n.jpg',50,'国话先锋剧场 - 北京',2,'110000','《行者无疆》的创作过程亦是一次中西戏剧文化的碰撞与交融',0,3,'2018-01-06 00:00:00','2018-11-06 00:00:00',280,1000),

(354,'【杭州】百老汇原版音乐剧《芝加哥》','157054_n.jpg',252,'杭州剧院 - 杭州',2,'330100','《芝加哥》由剧作天才约翰·肯德尔，弗雷德·艾伯和传奇编舞家鲍伯·佛西所作',0,3,'2018-01-06 00:00:00','2018-11-06 00:00:00',1280,1000),

(355,'【上海】开心麻花2018年度新戏《皇帝的新娘》','166939_n.jpg',80,'上戏实验剧院 - 上海',2,'310000','裸奔之后，还能不能抢救一下？被两个骗子的“空气礼服”坑了之后，皇帝一心挽尊，居然想大手笔抹掉所有国民心中的那段“限制级”记忆……',0,3,'2018-01-06 00:00:00','2018-11-06 00:00:00',1770,1000),

(356,'【广州】百老汇原版 最性感音乐剧《芝加哥》','155090_n.jpg',180,'广州大剧院 歌剧厅 - 广州',2,'440100','全球历史上演出时间最长的复排版音乐剧，美国百老汇历史上演出时间最长的美国音乐剧',0,3,'2018-01-06 00:00:00','2018-11-06 00:00:00',1180,1000),

(357,'【北京】开心麻花爆笑舞台剧《李茶的姑妈》','166970_n.jpg',80,'地质礼堂剧场 - 北京',2,'110000','奇葩的爱情故事，傲娇十足的女主角，拍手叫绝的喜剧情境，你的笑点被我承包了!',0,3,'2018-01-06 00:00:00','2018-11-06 00:00:00',1088,1000),

(358,'【北京】辰星剧社原创近景即兴喜剧—— 爆笑零距离未删减版（11月）','166863_n.jpg',98,'正华星博剧场 - 北京',2,'110000','爆笑零距离未删减版（11月）',0,3,'2018-01-06 00:00:00','2018-11-06 00:00:00',198,1000),

(359,'【北京】英国书屋剧院《小妇人》','167507_n.jpg',80,'北京9剧场-切CHE·行动剧场 - 北京',2,'110000','性格迥异的四姐妹各自经历了成长和恋爱，在乱世中力争上游，走出了理想与现实，爱情和责任的道德困境。',0,3,'2018-01-06 00:00:00','2018-11-06 00:00:00',380,1000),

(360,'【北京】北京文化艺术基金2018年度资助项目 英国动漫舞台剧《小羊肖恩》（12月）','167428_n.jpg',80,'中国木偶剧院-大剧场 - 北京',2,'110000','剧中主角小羊肖恩总是充满爱心，机灵勇敢，贯穿始终的英式幽默，会让观众看的捧腹大笑。',0,3,'2018-01-06 00:00:00','2018-11-06 00:00:00',780,1000),

(361,'【天津】开心麻花2019爆笑贺岁舞台剧《窗前不止明月光》第一轮','167171_n.jpg',80,'天津滨湖剧院 - 天津',2,'120000','一场\"不可说\"的偷情幽会，一具尸体横空出\"窗\"。这不是故事，是\"事故\"。',0,3,'2018-01-06 00:00:00','2018-11-06 00:00:00',1080,1000),

(362,'【成都】NT Live in ChengDu 英国国家剧院现场呈现 《李尔王》','167357_n.jpg',120,'西婵医美巨幕厅 - 成都',2,'510100','“万磁王”伊恩•麦克莱恩80岁高龄再度出演！',0,3,'2018-01-06 00:00:00','2018-11-06 00:00:00',NULL,1000),

(363,'【上海】孟京辉戏剧作品《恋爱的犀牛》','166925_n.jpg',100,'艺海剧院-先锋剧场 - 上海',2,'310000','马路的疯狂使恋爱指导员的理论彻底崩溃。在一个犀牛嚎叫的夜晚，马路以爱情的名义将明明绑架……',0,3,'2018-01-06 00:00:00','2018-11-06 00:00:00',380,1000),

(364,'【沈阳】开心麻花2019爆笑贺岁舞台剧《窗前不止明月光》','166195_n.jpg',80,'辽宁大剧院 - 沈阳',2,'210100','爆笑贺岁舞台剧《窗前不止明月光》',0,3,'2018-01-06 00:00:00','2018-11-06 00:00:00',1232,1000),

(365,'【上海】新现场上海高清放映·《哈姆雷特》','167180_n.jpg',100,'兰馨·悦立方 - 上海',2,'310000','戏魔“卷福”全情演绎丹麦王子哈姆雷特，创10万张门票数分钟内售罄之英国票房奇迹，与英国同步欣赏人类历史上\n                                    最著名复仇故事的最新舞台演绎',0,3,'2018-01-06 00:00:00','2018-11-06 00:00:00',150,1000),

(366,'【北京】大型经典梦幻儿童剧《白雪公主》','166187_n.jpg',69,'海淀工人文化宫 - 北京',2,'110000','把你带回无忧无虑的童年快乐时光，走进梦幻迷离的亲子童话王国，众多孩子相聚，释放童真，感受亲情，给您和孩子留下永久回忆。',0,3,'2018-01-06 00:00:00','2018-11-06 00:00:00',79,1000),

(367,'【北京】开心麻花2019爆笑贺岁舞台剧《谈判专家》','165847_n.jpg',80,'世纪剧院 - 北京',2,'110000','一部贺岁大戏，道尽麻花风流',0,3,'2018-01-06 00:00:00','2018-11-06 00:00:00',1088,1000),

(368,'【南昌】百老汇原版音乐剧《芝加哥 Chicago》','160835_n.jpg',280,'江西艺术中心大剧院 - 南昌',2,'360100','作为百老汇历史上演出时间最长的美国音乐剧，《芝加哥》是可谓是音乐剧史上的里程碑之作。',0,3,'2018-01-06 00:00:00','2018-11-06 00:00:00',1080,1000),

(369,'【上海】MaiLive多媒体3D舞台剧《盗墓笔记外传：藏海花》上海站','166124_n.jpg',80,'人民大舞台 - 上海',2,'310000','神幻莫测的藏地秘境，张起灵的人生传奇，藏海神山中的三日静寂，尽在《盗墓笔记外传：藏海花》',0,3,'2018-01-06 00:00:00','2018-11-06 00:00:00',680,1000),

(370,'【长沙】孟京辉戏剧作品《恋爱的犀牛》-长沙站','167053_n.jpg',100,'湖南省花鼓戏保护传承中心大舞台剧场 - 长沙',2,'430100','艺人: 孟京辉',0,3,'2018-01-06 00:00:00','2018-11-06 00:00:00',680,1000),

(371,'【重庆】周杰伦作品音乐剧《不能说的秘密》2018全球巡演重庆站','166595_n.jpg',180,'重庆国际马戏城 - 重庆',2,'500000','艺人: 周杰伦',0,3,'2018-01-06 00:00:00','2018-11-06 00:00:00',880,1000),

(372,'【重庆】莎士比亚戏剧双峰之一《李尔王》','167151_n.jpg',80,'重庆国泰艺术中心剧院 - 重庆',2,'500000','史上令人心碎的英雄暮年故事！',0,3,'2018-01-06 00:00:00','2018-11-06 00:00:00',120,1000),

(373,'【武汉】开心麻花经典爆笑舞台剧 《乌龙山伯爵》','166040_n.jpg',100,'湖北剧院 - 武汉',2,'420100','艺人: 闫非、开心麻花',0,3,'2018-01-06 00:00:00','2018-11-06 00:00:00',1320,1000),

(374,'【成都】荷苗小剧场儿童安全系列剧 农场来了陌生人','167164_n.jpg',60,'咔卡剧场 - 成都',2,'510100','荷苗第一部“安全教育”主题剧——“防拐卖”，培养孩子自我保护意识。',0,3,'2018-01-06 00:00:00','2018-11-06 00:00:00',260,1000),

(375,'【上海】话剧《风华绝代》','166575_n.jpg',180,'人民大舞台 - 上海',2,'310000','演员: 刘晓庆',0,3,'2018-01-06 00:00:00','2018-11-06 00:00:00',1380,1000),

(376,'【北京】“北京剧院2018戏剧节”儿童剧《海底小纵队4：极地大探险》','166641_n.jpg',80,'北京剧院 - 北京',2,'110000','美轮美奂的雪景，巨大逼真的冰川，强烈的冰天雪地场景扑面而来。',0,3,'2018-01-06 00:00:00','2018-11-06 00:00:00',1000,1000),

(377,'【佛山】2018周杰伦作品音乐剧《不能说的秘密》亚洲巡演佛山','O1CN012GdS6jntnPBv528_!!0-item_pic.jpg',180,'佛山琼花大剧院 - 佛山',2,'440600','',0,3,'2018-01-06 00:00:00','2018-11-06 00:00:00',880,1000),

(378,'【北京】开心麻花爆笑舞台剧《二维码杀手》','166968_n.jpg',80,'北京剧院 - 北京',2,'110000','3年，6人被杀，现场无迹可寻，只有一个二维码',0,3,'2018-01-06 00:00:00','2018-11-06 00:00:00',1088,1000),

(379,'【杭州】孟京辉戏剧作品《恋爱的犀牛》','157076_n.jpg',100,'杭州蜂巢剧场（杭杂小剧场） - 杭州',2,'330100','性感神秘的女孩明明在年轻人马路面前出现的一瞬间，马路的生活彻底改变了。',0,3,'2018-01-06 00:00:00','2018-11-06 00:00:00',380,1000),

(380,'【北京】北京儿艺-戏剧魔法音乐会之《音符环游记》','167562_n.jpg',80,'北京喜剧院 - 北京',2,'110000','一场听得懂玩得嗨音乐会，生而不同。',0,2,'2018-01-06 00:00:00','2018-11-06 00:00:00',400,1000),

(381,'【上海】百老汇经典音乐剧《美女与野兽》中文版','152193_n.jpg',135,'华特迪士尼大剧院 - 上海',2,'310000','走进华特迪士尼大剧院，当场灯渐暗，一场“现在时”的浪漫爱情正在发生，和美女与野兽一起开启这段发现爱、自我和内在美的旅程吧!',0,2,'2018-01-06 00:00:00','2018-11-06 00:00:00',590,1000),

(382,'【东莞】《龙的传人》','167679_n.jpg',0,'东城儿童剧场 - 东莞',2,'441900','儿歌化、韵律化的语言风格，在潜移默化中感受到中华语言的魅力。',0,2,'2018-01-06 00:00:00','2018-11-06 00:00:00',NULL,1000),

(383,'【佛山】大型人偶互动舞台剧《三只小猪与大灰狼》','167481_n.jpg',60,'顺德容桂文化中心大剧院 - 佛山',2,'440600','本剧的一大特点在于，为孩子们设置了简单易懂的剧情，然而却在细节上做了很多功夫，让表演显得更加细腻而真实，同时也藉此插入诸多“惊喜”，让观众意外连连，爆笑不止。',0,2,'2018-01-06 00:00:00','2018-11-06 00:00:00',180,1000),

(384,'【沈阳】开心麻花爆笑舞台剧《乌龙山伯爵》沈阳站','165955_n.jpg',80,'盛京大剧院歌剧厅 - 沈阳',2,'210100','开心麻花爆笑舞台剧《乌龙山伯爵》',0,3,'2018-01-06 00:00:00','2018-11-06 00:00:00',1080,1000),

(385,'【北京】第九届北京·南锣鼓巷戏剧节 文学剧场单元《鸟，绳子和烟头》','167199_n.jpg',70,'蓬蒿剧场 - 北京',2,'110000','许多下岗职工如同突然被松了绑的笼中小鸟，惊慌失措、脆弱敏感，在暴力和欲望中苦苦挣扎。',0,3,'2018-01-06 00:00:00','2018-11-06 00:00:00',100,1000),

(386,'【北京】开心麻花推荐剧目《时光旅行局意外事件》','164245_n.jpg',80,'北京9剧场-切CHE·行动剧场 - 北京',2,'110000','嘿姑娘，爷爷托我带句话...',0,3,'2018-01-06 00:00:00','2018-11-06 00:00:00',1088,1000),

(387,'【北京】法语经典音乐剧《摇滚莫扎特》','163278_n.jpg',99,'天桥艺术中心-大剧场 - 北京',2,'110000','疯了！燃了！这个莫扎特，真的很不一样！',0,3,'2018-01-06 00:00:00','2018-11-06 00:00:00',1180,1000),

(388,'【北京】小柯音乐剧爱情三部曲之《稳稳的幸福》','166956_n.jpg',100,'小柯剧场 - 北京',2,'110000','携手最强阵容，秉承初心，给你希望、给你记忆，让最初的梦伴你一生前行，幸福不期而至。',0,2,'2018-01-06 00:00:00','2018-11-06 00:00:00',490,1000),

(389,'【宁波】开心麻花舞台剧《乌龙山伯爵》','166830_n.jpg',180,'宁波大剧院 - 宁波',2,'330200','“半分钟一次掌声 一分钟一个笑点”的开心麻花经典爆笑舞台剧',0,2,'2018-01-06 00:00:00','2018-11-06 00:00:00',406,1000),

(390,'【北京】话剧《玩命爱一个姑娘》2018卡车司机','167412_n.jpg',99,'北京西区剧场 - 北京',2,'110000','生命中，有些错过，最后成为了错过。',0,2,'2018-01-06 00:00:00','2018-11-06 00:00:00',586,1000),

(391,'【北京】刘晓庆话剧《风华绝代》新春贺岁版','166786_n.jpg',280,'保利剧院 - 北京',2,'110000','话剧《风华绝代》讲述了晚清传奇女子赛金花的传奇故事',0,3,'2018-01-06 00:00:00','2018-11-06 00:00:00',1100,1000),

(392,'【天津】开心麻花爆笑舞台剧《二维码杀手》第四轮','167029_n.jpg',80,'天津滨湖剧院 - 天津',2,'120000','3年，6人被杀，现场无迹可寻，只有一个二维码……',0,3,'2018-01-06 00:00:00','2018-11-06 00:00:00',1080,1000),

(393,'【北京】开心麻花2019爆笑贺岁舞台剧《窗前不止明月光》','165381_n.jpg',80,'海淀剧院 - 北京',2,'110000','选举夜，风流案，骗子开派对。',0,2,'2018-01-06 00:00:00','2018-11-06 00:00:00',1088,1000),

(394,'【苏州】赖声川导演最新创作·话剧《隐藏的宝藏》2018苏州站','166920_n.jpg',100,'苏州保利大剧院 - 苏州',2,'320500','因为一坛金子开始相互猜忌和怀疑，引出了一个令人啼笑皆非的故事。',0,2,'2018-01-06 00:00:00','2018-11-06 00:00:00',180,1000),

(395,'【广州】《行在南国·周先生》','167133_n.jpg',130,'广州话剧艺术中心 十三号剧院 - 广州',2,'440100','时光走进1927年，时局动荡，哀鸿遍野，广袤的故土被鲜血淋染',0,2,'2018-01-06 00:00:00','2018-11-06 00:00:00',160,1000),

(396,'【宁波】童话剧《白雪公主和七个小矮人》','166831_n.jpg',100,'宁波大剧院 - 宁波',2,'330200','女巫拥有一面魔镜，所以，她知道了白雪公主比她美丽，于是白雪公主危在旦夕……',0,2,'2018-01-06 00:00:00','2018-11-06 00:00:00',196,1000),

(397,'【北京】大 船文 化·加拿大原版全场互动亲子剧《你是演奏家》','166924_n.jpg',180,'大麦·超剧场 - 北京',2,'110000','我们会引导孩子们用自己的身体做乐器，用身体来演绎一段打击节奏，成为小小演奏家。',0,3,'2018-01-06 00:00:00','2018-11-06 00:00:00',380,1000),

(398,'【北京】北京剧院2018戏剧节--话剧《阳台》','167094_n.jpg',100,'北京剧院 - 北京',2,'110000','农民工老穆为讨工钱假跳楼却意外掉进侯处长家的阳台上，阴差阳错进了门。',0,3,'2018-01-06 00:00:00','2018-11-06 00:00:00',900,1000),

(399,'【昆明】马家大院实景体验话剧《雷雨》','TB2Y4yBrOMnBKNjSZFCXXX0KFXa_!!2251059038-0-item_pic.jpg',96,'马家大院 - 昆明',2,'530100','',0,3,'2018-01-06 00:00:00','2018-11-06 00:00:00',384,1000),

(400,'【北京】话剧《南星》 NASSIM 编剧&表演者 南星·苏雷曼波尔（伊朗）','167323_n.jpg',260,'中间剧场 - 北京',2,'110000','话剧《南星》',0,2,'2018-01-06 00:00:00','2018-11-06 00:00:00',450,1000),

(401,'【广州】2018 百场明星版话剧《老舍五则》特别纪念演出-广州','TB2XvPnJbGYBuNjy0FoXXciBFXa_!!2251059038-0-item_pic.jpg',180,'广州友谊剧院 - 广州',2,'440100','',0,2,'2018-01-06 00:00:00','2018-11-06 00:00:00',NULL,1000),

(402,'【杭州】全国优秀现实题材舞台艺术作品展演 浙江省庆祝改革开放40周年优秀剧目展演\n                                歌剧《在希望的田野上》','166981_n.jpg',50,'浙江音乐学院大剧院 - 杭州',2,'330100','此次展演活动不仅是全国优秀现实题材舞台艺术作品，还是浙江省庆祝改革开放40周年的优秀剧目之一，歌剧《在希望的田野上》凝聚了众多艺术家们的心血。',0,2,'2018-01-06 00:00:00','2018-11-06 00:00:00',NULL,1000),

(403,'【北京】鼓楼西制造《枕头人》','166012_n.jpg',50,'鼓楼西剧场 - 北京',2,'110000','鼓楼西制造《枕头人》',0,2,'2018-01-06 00:00:00','2018-11-06 00:00:00',380,1000),

(404,'【北京】中国话剧新巅峰之作 陕西人艺版《白鹿原》','157337_n.jpg',80,'北京展览馆剧场 - 北京',2,'110000','专注最原汁原味的“原”上风貌',0,3,'2018-01-06 00:00:00','2018-11-06 00:00:00',1600,1000),

(405,'【长沙】日本横滨艺术节全五星好评佳作-《嘿！我失眠了》','166994_n.jpg',100,'湖南省花鼓戏保护传承中心大舞台剧场 - 长沙',2,'430100','本来独自呆在深夜的特定处境，转变为，有三只虫子肆无忌惮的叽叽喳喳、絮絮叨叨。',0,3,'2018-01-06 00:00:00','2018-11-06 00:00:00',480,1000),

(406,'【成都】荷苗小剧场经典绘本童话剧系列 《海的女儿》','167181_n.jpg',80,'东郊记忆·荷苗小剧场（成华小礼堂） - 成都',2,'510100','改编自丹麦童话大师安徒生作品！',0,2,'2018-01-06 00:00:00','2018-11-06 00:00:00',200,1000),

(407,'【武汉】木偶剧《小马过河》','166932_n.jpg',50,'武汉人民艺术剧院-亲子剧场 - 武汉',2,'420100','键时刻嗒嗒想起了爸爸的话，揭穿了狐狸的把戏，勇敢的走向河边……',0,2,'2018-01-06 00:00:00','2018-11-06 00:00:00',NULL,1000),

(408,'【昆明】开心麻花爆笑舞台剧《莎士比亚别生气》第2轮昆明站','O1CN012GdS7AC1yKUbvmV_!!2-item_pic.png',100,'昆明剧院 - 昆明',2,'530100','',0,2,'2018-01-06 00:00:00','2018-11-06 00:00:00',880,1000),

(409,'【广州】日本独 家授权音乐剧《深夜食堂》中文版-广州站','166805_n.jpg',180,'正佳演艺剧院 - 广州',2,'440100','把美食与爱装进剧场，用音乐谱写治愈指南，为你解馋、解忧、解密',0,2,'2018-01-06 00:00:00','2018-11-06 00:00:00',570,1000),

(410,'【北京】孟京辉戏剧作品《一个陌生女人的来信》','158594_n.jpg',100,'蜂巢剧场 - 北京',2,'110000','在原著小说的雏形上将荒诞发挥到极致，讲述陌生女人和W先生\"三次做饭与三次交欢\"的疯狂爱情。',0,3,'2018-01-06 00:00:00','2018-11-06 00:00:00',380,1000),

(411,'【上海】法语版音乐剧《摇滚莫扎特》','163293_n.jpg',80,'上汽上海文化广场 - 上海',2,'310000','大胆的摇滚乐配以经典巴洛克风格的服装，现代的表现手法配合欧洲宫廷的华美舞台，一代音乐大师的不羁才华在全新的演绎下流光溢彩却又返璞归真。',0,3,'2018-01-06 00:00:00','2018-11-06 00:00:00',1080,1000),

(412,'【北京】3D科幻舞台剧《三体》2018纪念版-北京站','160304_n.jpg',180,'世纪剧院 - 北京',2,'110000','一段刻骨铭心的宇宙变迁史！融合裸眼3D多媒体的高品质视觉盛宴！',0,4,'2018-01-06 00:00:00','2018-11-06 00:00:00',999,1000),

(413,'【上海】推理悬疑剧《福尔摩斯与莫里亚蒂》（2019）','166695_n.jpg',140,'人民大舞台 - 上海',2,'310000','一封信，把福尔摩斯引入陷阱深处：道格拉斯庄园，福尔摩斯、莫里亚蒂，两个绝世天才的火拼！',0,3,'2018-01-06 00:00:00','2018-11-06 00:00:00',580,1000),

(414,'【佛山】亲子互动魔术剧《吉诺的奇幻之旅》','167093_n.jpg',60,'顺德容桂文化中心大剧院 - 佛山',2,'440600','伊丽莎白女王二世游轮驻地魔术师',0,3,'2018-01-06 00:00:00','2018-11-06 00:00:00',180,1000),

(415,'【上海】新现场上海高清放映·《哈姆雷特》','167186_n.jpg',100,'光影车间·静剧场 - 上海',2,'310000','戏魔“卷福”全情演绎丹麦王子哈姆雷特，创10万张门票数分钟内售罄之英国票房奇迹',0,2,'2018-01-06 00:00:00','2018-11-06 00:00:00',150,1000),

(416,'【贵阳】寻梦亲子音乐剧《Flight School\n                                飞行学校》贵阳站——2019贵阳文化惠民演出季','167307_n.jpg',60,'贵阳星光剧场 - 贵阳',2,'520100','寻梦亲子音乐剧《Flight School 飞行学校》贵阳站期待您的鉴赏。',0,2,'2018-01-06 00:00:00','2018-11-06 00:00:00',288,1000),

(417,'【海口】3D多媒体亲子音乐剧《绿野仙踪之奥兹国大冒险》','166915_n.jpg',180,'海口华人国际剧院 - 海口',2,'460100','想要去重温电影、动画片抑或木偶剧了吧',0,2,'2018-01-06 00:00:00','2018-11-06 00:00:00',320,1000),

(418,'【广州】西班牙塞维利亚传统经典弗拉门戈舞剧《卡门》广州','O1CN01T6xYlv2GdS7ArSoHZ_!!0-item_pic.jpg',180,'星海音乐厅(交响乐演奏厅) - 广州',2,'440100','',0,2,'2018-01-06 00:00:00','2018-11-06 00:00:00',880,1000),

(419,'【上海】新现场上海高清放映·《深夜小狗离奇事件》','167192_n.jpg',100,'光影车间·静剧场 - 上海',2,'310000','剧作家西蒙·史蒂芬斯根据马克·海顿的获奖小说《深夜小狗离奇事件》改编的同名话剧，由《战马》导演玛丽安妮·艾略特执导，再度征服戏剧界。',0,2,'2018-01-06 00:00:00','2018-11-06 00:00:00',150,1000),

(420,'【南京】南京市文化消费政府补贴剧目 开心麻花爆笑舞台剧《爷们儿》','164365_n.jpg',64,'江苏紫金大戏院 - 南京',2,'320100','国民喜剧人气劲爆超放纵，开心麻花创造癫狂好口碑',0,3,'2018-01-06 00:00:00','2018-11-06 00:00:00',NULL,1000),

(421,'【北京】七幕人生出品百老汇音乐剧《我，堂吉诃德》中文版收官演出','166328_n.jpg',464,'保利剧院 - 北京',2,'110000','一生应该看三次的音乐剧。',0,3,'2018-01-06 00:00:00','2018-11-06 00:00:00',704,1000),

(422,'【沈阳】【四无剧戏】舞台剧《玩命爱一个姑娘》2018版沈阳站','167040_n.jpg',80,'豫珑剧场 - 沈阳',2,'210100','青春的爱情就是因为纯真才美好。',0,1,'2018-01-06 00:00:00','2018-11-06 00:00:00',456,1000),

(423,'【上海】上海黄浦剧场2018国际原版戏剧展映季 英国国家剧院高清影像呈现\n                                话剧《李尔王》伊恩·麦克莱恩主演（原版放映 中文字幕） King Lear','166642_n.jpg',80,'黄浦剧场-中剧场 - 上海',2,'310000','如果你在寻找一版教科书式的《李尔王》，那一定就是当今世界上最棒的演员之一、伊恩·麦克莱恩演绎的这一版！',0,1,'2018-01-06 00:00:00','2018-11-06 00:00:00',200,1000),

(424,'【海口】3D科幻舞台剧《三体》2018纪念版-海口','O1CN012GdS78e4iHiaNcT_!!0-item_pic.jpg',80,'海南国际会展中心东方环球大剧院 - 海口',2,'460100','',0,3,'2018-01-06 00:00:00','2018-11-06 00:00:00',880,1000),

(425,'【深圳】正版授权大型多媒体舞台剧《爆笑虫子囧游记》','166900_n.jpg',135,'万象天地剧场 - 深圳',2,'440300','剧情搞笑，轻松幽默，适合全家人一起观看的放松剧目',0,3,'2018-01-06 00:00:00','2018-11-06 00:00:00',1160,1000),

(426,'【上海】不眠之夜Sleep No More','151632_n.jpg',580,'麦金侬酒店 - 上海',2,'310000','浸入式戏剧的经典之作，改编自莎士比亚经典作品《麦克白》，在观剧过程中，观众打破舞台的约束，在戏剧中自由探索',0,2,'2018-01-06 00:00:00','2018-11-06 00:00:00',740,1000),

(427,'【北京】著名导演作品邀请展：孟京辉导演作品《恋爱的犀牛》','166584_n.jpg',180,'国家大剧院-小剧场 - 北京',2,'110000','导  演：孟京辉',0,2,'2018-01-06 00:00:00','2018-11-06 00:00:00',380,1000),

(428,'【银川】【孙海英 吕丽萍】明星版话剧—独自温暖11月27日','167211_n.jpg',80,'银川剧院 - 银川',2,'640100','艺人: 孙海英、吕丽萍',0,2,'2018-01-06 00:00:00','2018-11-06 00:00:00',380,1000),

(429,'【上海】亲子脱口秀《潮童家长会》','167509_n.jpg',80,'ET聚场（上海共舞台） - 上海',2,'310000','亲子关系大揭秘，有欢笑，有思考，让孩子有所乐，让家长有所得，是嗨翻全场的潮童大秀，又是亲子交流的绝佳机会。带娃套路深几许？尽在“潮童家长会”！',0,3,'2018-01-06 00:00:00','2018-11-06 00:00:00',880,1000),

(430,'【广州】华人梦想出品-世界经典音乐剧《妈妈咪呀!》中文版广州站','156495_n.jpg',11,'广州大剧院 歌剧厅 - 广州',2,'440100','是一个关于亲情、友情和爱情的故事，整部剧宣扬的是一种感性和自由',0,3,'2018-01-06 00:00:00','2018-11-06 00:00:00',870,1000),

(431,'【北京】大型经典木偶剧《美人鱼》（12月）','166583_n.jpg',80,'中国木偶剧院-大剧场 - 北京',2,'110000','在大海的深处美人鱼们整日轻歌曼舞，无忧无虑，可美丽的小公主海伦却时刻向往着陆地上人间的生活。',0,3,'2018-01-06 00:00:00','2018-11-06 00:00:00',260,1000),

(432,'【长沙】孟京辉戏剧作品-两只狗的生活意见','167089_n.jpg',100,'湖南省花鼓戏保护传承中心大舞台剧场 - 长沙',2,'430100','630次笑声140次掌声，整个剧场笑得人仰马翻！',0,3,'2018-01-06 00:00:00','2018-11-06 00:00:00',680,1000),

(433,'【杭州】开心麻花爆笑舞台剧《乌龙山伯爵》','165670_n.jpg',100,'浙江胜利剧院 - 杭州',2,'330100','一部被众多观众点评为“开心麻花最经典的爆笑舞台剧”',0,3,'2018-01-06 00:00:00','2018-11-06 00:00:00',800,1000),

(434,'【哈尔滨】锋尚戏剧节-开心麻花爆笑舞台剧《我叫白小飞》','166126_n.jpg',100,'哈尔滨国际会展体育中心环球剧场 - 哈尔滨',2,'230100','一个遭变异僵尸攻击而沦陷的城市，人类的幸存者白小飞带领他的团队，与尸王集团浴血奋战的爆笑故事。',0,3,'2018-01-06 00:00:00','2018-11-06 00:00:00',880,1000),

(435,'【北京】2018年北京喜剧艺术节：大道文化出品，陈佩斯导演悬疑喜剧《老宅》','165860_n.jpg',100,'北京喜剧院 - 北京',2,'110000','艺人: 陈佩斯',0,2,'2018-01-06 00:00:00','2018-11-06 00:00:00',800,1000),

(436,'【重庆】陕西人艺版话剧《白鹿原》','166892_n.jpg',100,'重庆大剧院 - 重庆',2,'500000','被誉为文学巨制搬上舞台成功的经典大戏！成为掀起全民热议全民参与浪潮的开篇巨著！',0,2,'2018-01-06 00:00:00','2018-11-06 00:00:00',1200,1000),

(437,'【宁波】大型探索舞台剧《十万个为什么》','166827_n.jpg',100,'宁波文化广场大剧院 - 宁波',2,'330200','从海洋世界，到恐龙时代，再到广阔的外太空，舞台剧版《十万个为什么》将会创造一个完全不同于博物馆、科技馆、电影院的空间和视听体验。',0,3,'2018-01-06 00:00:00','2018-11-06 00:00:00',1200,1000),

(438,'【北京】【斑马戏剧】浸没式亲子互动体验剧《嘿！梅特林克》冬季专场','166120_n.jpg',140,'隆福剧场-小剧场 - 北京',2,'110000','妙趣横生的剧情与浸没式亲子戏剧体验的无缝衔接',0,2,'2018-01-06 00:00:00','2018-11-06 00:00:00',360,1000),

(439,'【上海】小顽家•新年 “撕纸秀” 《纸先生萨蒂》波兰形体剧','166789_n.jpg',180,'锦辉•可当代艺术中心 - 上海',2,'310000','用碎纸铺成的舞台，拔河、跳绳、折纸船、滚球、撕纸……脑洞有多大，就有多好玩',0,2,'2018-01-06 00:00:00','2018-11-06 00:00:00',480,1000),

(440,'【郑州】2018-异彩魔方 人气爆笑舞台剧《我心爱的》第五轮-郑州站','O1CN012GdS76x1PDYsgRz_!!0-item_pic.jpg',99,'郑州小皇后大剧场 - 郑州',2,'410100','',0,2,'2018-01-06 00:00:00','2018-11-06 00:00:00',399,1000),

(441,'【重庆】NTlive英国国家剧院现场 《女王召见》','167152_n.jpg',80,'重庆国泰艺术中心剧院 - 重庆',2,'500000','本演出为英国国家剧院现场影像原版引进！',0,2,'2018-01-06 00:00:00','2018-11-06 00:00:00',120,1000),

(442,'【无锡】2019法语原版音乐剧《摇滚莫扎特》-无锡','O1CN012GdS76S2PR020Cx_!!0-item_pic.jpg',180,'无锡大剧院 - 无锡',2,'320200','',0,3,'2018-01-06 00:00:00','2018-11-06 00:00:00',1080,1000),

(443,'【广安】国家艺术基金2018年度资助项目 大型原创杂技舞台剧《黎明前夜》','167197_n.jpg',30,'广安大剧院 - 广安',2,'511600','这也是一部你绝对从未见过的舞台剧。',0,3,'2018-01-06 00:00:00','2018-11-06 00:00:00',160,1000),

(444,'【北京】2018年北京喜剧艺术节：魔法般神奇的“空气雕刻艺术”作品《空气动力秀》','165380_n.jpg',80,'北京喜剧院 - 北京',2,'110000','一部以\"空气雕刻\"为主题的现代舞台奇观，也是一对兄妹神奇的冒险经历',0,3,'2018-01-06 00:00:00','2018-11-06 00:00:00',NULL,1000),

(445,'【长沙】第五届乌镇戏剧节特邀剧目-香港绿叶剧团默剧《爸爸》','166984_n.jpg',100,'湖南省花鼓戏保护传承中心大舞台剧场 - 长沙',2,'430100','一部具电影感的舞台创作--献给每一位已经或是将会老去的人',0,2,'2018-01-06 00:00:00','2018-11-06 00:00:00',680,1000),

(446,'【北京】第九届北京•南锣鼓巷戏剧节 文学单元《调解》剧本朗读','167007_n.jpg',50,'蓬蒿剧场 - 北京',2,'110000','电视台带录影棚的某层，因难得一遇的停电陷入静止。',0,2,'2018-01-06 00:00:00','2018-11-06 00:00:00',NULL,1000),

(447,'【北京】北京儿艺-大型恐龙童话剧《你看起来好像很好吃》','162468_n.jpg',80,'世纪剧院 - 北京',2,'110000','恐龙与小观众零距离亲密接触，久石让音乐唯美演绎亲情',0,3,'2018-01-06 00:00:00','2018-11-06 00:00:00',NULL,1000),

(448,'【天津】宝艺文化-英国正版授权大型互动式多媒体实景儿童舞台剧《海底小纵队之惊涛骇浪》','167289_n.jpg',40,'东丽大礼堂 - 天津',2,'120000','传说在广阔的东海里有一座神秘的宫殿，那里就是东海龙宫！',0,2,'2018-01-06 00:00:00','2018-11-06 00:00:00',420,1000),

(449,'【福州】福建京剧院惠民演出——《大闹天宫》','166619_n.jpg',20,'福州凤凰剧院 - 福州',2,'350100','大闹天宫',0,3,'2018-01-06 00:00:00','2018-11-06 00:00:00',NULL,1000),

(450,'【南京】南京亲子戏剧体验季《魔毯·星空》','166631_n.jpg',280,'江苏大剧院多功能厅 - 南京',2,'320100','流动的画布，奇幻的旅程，孩子的舞蹈有改变世界的力量。',0,2,'2018-01-06 00:00:00','2018-11-06 00:00:00',798,1000),

(451,'【沈阳】1905国际当代戏剧节 默剧《你还记得我吗》','166747_n.jpg',100,'1905剧场 - 沈阳',2,'210100','其待续一场场恰如相聚般别离，却如骤离般冥聚…如影随形、缘起了续、愿期滞许、则已空寂…',0,3,'2018-01-06 00:00:00','2018-11-06 00:00:00',180,1000),

(452,'【重庆】英国经典绘本改编剧——《咕噜咕噜牛》','166878_n.jpg',60,'荷苗小剧场 - 重庆',2,'500000','英国权威媒体平台BBC力荐，一场真正“走进儿童”的表演！',0,2,'2018-01-06 00:00:00','2018-11-06 00:00:00',240,1000),

(453,'【北京】“北京剧院2018戏剧节”正版授权合家欢舞台剧《爆笑虫子之囧游记》','166672_n.jpg',80,'北京剧院 - 北京',2,'110000','节奏紧凑，搞笑欢快，动感十足的合家欢舞台剧。',0,3,'2018-01-06 00:00:00','2018-11-06 00:00:00',1000,1000),

(454,'【南京】英国正版授权海洋探险儿童剧《海底小纵队4：极地大探险》','166178_n.jpg',80,'南京市文化艺术中心 - 南京',2,'320100','他们是一群活跃在海底的小小探险家，有着各自的爱好与特长，在团队核心巴克队长的带领下向着未知的海域不断探索前进。',0,2,'2018-01-06 00:00:00','2018-11-06 00:00:00',380,1000),

(455,'【广州】《小鸭奇幻漂流记》','166955_n.jpg',98,'广州南方剧院 - 广州',2,'440100','剧目场景庞大震撼，表现手法别出一格，整个故事内容跌宕起伏，爆笑过后让人潸然泪下，有深度，回味感强，时间与空间的跨度衔接精妙，是一部前所未有的原创亲情舞台剧目，适合全家人一起观赏',0,3,'2018-01-06 00:00:00','2018-11-06 00:00:00',168,1000),

(456,'【合肥】《睡美人》','166640_n.jpg',30,'安徽省话剧院“群众剧场” - 合肥',2,'340100','睡美人',0,2,'2018-01-06 00:00:00','2018-11-06 00:00:00',NULL,1000),

(457,'【杭州】3D科幻舞台剧《三体》2018纪念版-杭州站','163844_n.jpg',180,'杭州剧院 - 杭州',2,'330100','2016年6月，《三体》舞台剧首演上海，并圆满完成北上广深等一、二线主要城市的巡演，票房和口碑大获丰收，开启了国内舞台剧的大片时代！',0,3,'2018-01-06 00:00:00','2018-11-06 00:00:00',999,1000),

(458,'【杭州】开心麻花爆笑舞台剧《旋转卡门》','165666_n.jpg',50,'浙话艺术剧院 - 杭州',2,'330100','艾路威在一系列麻烦中迅速成长，最终夺回酒店，寻找到人生的意义，并且发现了自己的真爱。',0,2,'2018-01-06 00:00:00','2018-11-06 00:00:00',580,1000),

(459,'【广州】《真假孙悟空》','166462_n.jpg',80,'广州木偶艺术中心 - 广州',2,'440100','山一程，水一程，师徒四人又踏上了去西天取经的漫漫长路。',0,3,'2018-01-06 00:00:00','2018-11-06 00:00:00',158,1000),

(460,'【深圳】开心麻花2019爆笑贺岁舞台剧《窗前不止明月光》','165338_n.jpg',100,'华夏艺术中心 - 深圳',2,'440300','一场\"不可说\"的偷情幽会，一具尸体横空出\"窗\"。这不是故事，是\"事故\"。',0,3,'2018-01-06 00:00:00','2018-11-06 00:00:00',880,1000),

(461,'【成都】大型原创亲子互动儿童舞台剧《真假美猴王》2019新春版','166678_n.jpg',120,'大喜时代剧场 - 成都',2,'510100','根据中国古典四大名著之一，吴承恩著长篇小说《西游记》改编创作！',0,2,'2018-01-06 00:00:00','2018-11-06 00:00:00',1050,1000),

(462,'【襄阳】2018江湖爆笑喜剧《萨瓦迪大咖》襄阳站','167001_n.jpg',70,'襄阳剧院 - 襄阳',2,'420600','一出集结电台大咖的年度大戏',0,3,'2018-01-06 00:00:00','2018-11-06 00:00:00',580,1000),

(463,'【北京】孟京辉经典戏剧作品《恋爱的犀牛》','159606_n.jpg',100,'蜂巢剧场 - 北京',2,'110000','在一个犀牛嚎叫的夜晚，马路以爱情的名义将明明绑架……',0,3,'2018-01-06 00:00:00','2018-11-06 00:00:00',380,1000),

(464,'【南宁】开心麻花爆笑舞台剧《旋转卡门》','165742_n.jpg',80,'南宁剧场 - 南宁',2,'450100','将电影叙事结构运用在话剧舞台上，讲述了一场疑云重重却笑料百出的遗产争夺战。',0,2,'2018-01-06 00:00:00','2018-11-06 00:00:00',1588,1000),

(465,'【上海】舞台剧《三体II黑暗森林》','165396_n.jpg',180,'上汽上海文化广场 - 上海',2,'310000','3D眼镜+舞台特 效（部分时段）推动情节高潮，体验巅峰视觉特 效！！',0,3,'2018-01-06 00:00:00','2018-11-06 00:00:00',880,1000),

(466,'【北京】维也纳皇家交响乐团2019新年音乐会','167153_n.jpg',120,'北京展览馆剧场 - 北京',3,'110000','由精选的奥地利和欧洲的一流的音乐家们组成。',0,2,'2018-01-06 00:00:00','2018-11-06 00:00:00',1024,1000),

(467,'【上海】纪念音乐之父巴赫诞辰333周年\n                                康斯坦丁·列夫席兹《哥德堡变奏曲》上海音乐会','167581_n.jpg',80,'东方艺术中心-音乐厅 - 上海',3,'310000','他是继伟大的格伦·古尔德之后，最 强大的巴赫诠释！在纪念乐父巴赫诞辰333周年之际，献上巴赫之夜！',0,3,'2018-01-06 00:00:00','2018-11-06 00:00:00',999,1000),

(468,'【天津】2018 Naga Guitars 音乐会系列 押尾光太郎 中国演奏会','167506_n.jpg',200,'津湾大剧院 - 天津',3,'120000','弦风音乐希望能够温暖吹拂每一片热爱吉他音乐者的土地 , 指弹吉他将会是我们的共同语言 ! 我们不见不散。',0,3,'2018-01-06 00:00:00','2018-11-06 00:00:00',780,1000),

(469,'【上海】科勒星期广播音乐会 流淌的俄罗斯情怀 上海城市交响乐团音乐会','167535_n.jpg',25,'凯迪拉克·上海音乐厅大厅 - 上海',3,'310000','让我们在音乐中感受这份流淌在华人音乐家心中的的俄罗斯情怀。',0,3,'2018-01-06 00:00:00','2018-11-06 00:00:00',50,1000),

(470,'【杭州】维也纳之声新年音乐会·杭州 奥地利维也纳之声交响乐团','167052_n.jpg',180,'浙江省人民大会堂 - 杭州',3,'330100','维也纳之声新年音乐会',0,3,'2018-01-06 00:00:00','2018-11-06 00:00:00',880,1000),

(471,'【北京】中国交响乐团大提琴专场音乐会','167567_n.jpg',80,'北京音乐厅 - 北京',3,'110000','中国交响乐团大提琴专场音乐会精彩上演。',0,3,'2018-01-06 00:00:00','2018-11-06 00:00:00',300,1000),

(472,'【上海】凯迪拉克·上海音乐厅2018音乐季闭幕系列音乐会I：挪威室内乐团与爵士钢琴大师布格·维塞尔托夫特别呈现系列音乐会','167112_n.jpg',80,'凯迪拉克·上海音乐厅大厅 - 上海',3,'310000','挪威室内乐团成立于1977年，现已成为国际古典音乐界中最为重要的室内乐团之一。布格·维塞尔托夫出生于爵士音乐世家，是欧洲“新爵士”著名领军人物，他是钢琴家，作曲家兼制作人。',0,3,'2018-01-06 00:00:00','2018-11-06 00:00:00',680,1000),

(473,'【北京】中国交响乐团新年音乐会','167251_n.jpg',100,'国家大剧院-音乐厅 - 北京',3,'110000','演出：中国交响乐团',0,3,'2018-01-06 00:00:00','2018-11-06 00:00:00',600,1000),

(474,'【深圳】2019《法国巴黎爱乐乐团新年音乐会》-深圳','167641_n.jpg',144,'深圳保利剧院 - 深圳',3,'440300','法国爱乐乐团在成立不到一年后便开始扬名国际音乐界',0,3,'2018-01-06 00:00:00','2018-11-06 00:00:00',1280,1000),

(475,'【上海】《欢乐颂》2019新年•音乐会','167141_n.jpg',200,'东方艺术中心-音乐厅 - 上海',3,'310000','德国广播交响乐团2019新年·音乐会',0,3,'2018-01-06 00:00:00','2018-11-06 00:00:00',1280,1000),

(476,'【成都】成都·蓬皮杜：“全球都市”国际艺术双年展“无定义音乐节”—莫西子诗专场音乐演出','166999_n.jpg',80,'成都梵木创艺区正火艺术中心1号馆 - 成都',3,'510100','艺人: 莫西子诗',0,3,'2018-01-06 00:00:00','2018-11-06 00:00:00',NULL,1000),

(477,'【沈阳】凡创文化·《最后的莫西干人》全球巡演-沈阳站','167407_n.jpg',90,'豫珑剧场 - 沈阳',3,'210100','苍凉的音乐演奏出的大气磅礴，直击人心，空灵之声，荡气回肠，让人沉醉，迷离。',0,2,'2018-01-06 00:00:00','2018-11-06 00:00:00',380,1000),

(478,'【深圳】遇见龙猫---宫崎骏 久石让多媒体视听音乐会','167336_n.jpg',100,'深圳市少年宫剧场 - 深圳',3,'440300','香港弦乐团倾情演奏，知名音乐家郑一成担任音乐总监。',0,3,'2018-01-06 00:00:00','2018-11-06 00:00:00',200,1000),

(479,'【郑州】理查德.克莱德曼2019全球纪念巡演音乐会郑州站','166931_n.jpg',380,'河南省体育馆 - 郑州',3,'410100','艺人: 理查德 克莱德曼',0,3,'2018-01-06 00:00:00','2018-11-06 00:00:00',2520,1000),

(480,'【成都】环佩青岚—戊戌年金秋古琴演奏会','167377_n.jpg',50,'东郊记忆·聚空间 - 成都',3,'510100','各项活动正如火如荼的展开。',0,3,'2018-01-06 00:00:00','2018-11-06 00:00:00',100,1000),

(481,'【北京】“千与千寻”久石让•宫崎骏动漫视听作品音乐会','166574_n.jpg',99,'隆福剧场 - 北京',3,'110000','伴随着一幅幅精彩而熟悉的电影画面，耳边传来一首首温馨浪漫的旋律',0,3,'2018-01-06 00:00:00','2018-11-06 00:00:00',540,1000),

(482,'【北京】中国爱乐乐团2018-2019音乐季-莱昂尼达斯・卡瓦科斯的协奏曲之夜','167106_n.jpg',50,'中山音乐堂 - 北京',3,'110000','中国爱乐乐团2018-2019音乐季-莱昂尼达斯・卡瓦科斯的协奏曲之夜',0,3,'2018-01-06 00:00:00','2018-11-06 00:00:00',880,1000),

(483,'【深圳】ButterFly—ACG 漫音幻奏钢琴曲浪漫之约演奏会','167459_n.jpg',120,'深圳音乐厅 - 深圳',3,'440300','无论你有没有学过钢琴，看了这场音乐会，你都会爱上它。',0,3,'2018-01-06 00:00:00','2018-11-06 00:00:00',480,1000),

(484,'【北京】中国爱乐乐团2018-2019音乐季交响音乐会','167105_n.jpg',50,'中山音乐堂 - 北京',3,'110000','中国爱乐乐团2018-2019音乐季交响音乐会',0,2,'2018-01-06 00:00:00','2018-11-06 00:00:00',680,1000),

(485,'【成都】声闻聚将Seven Gurus(SG)厂牌2018全国巡回LIVE—成都站','O1CN012GdS79vJIvXqamB_!!0-item_pic.jpg',300,'成都梵木创艺区正火艺术中心1号馆 - 成都',3,'510100','',0,3,'2018-01-06 00:00:00','2018-11-06 00:00:00',350,1000),

(486,'【上海】《非凡童年-少年艺术家年度盛典》交响音乐会','167301_n.jpg',80,'东方艺术中心-音乐厅 - 上海',3,'310000','将迎来一群才华横溢的小艺术家们，他们小小年纪就将携手著名国家一级指挥大师范焘先生，以及身后庞大的60人编制的专业交响乐团演奏家们，为观众带来一场属于他们自己洋溢着青春与自信的交响音乐会。',0,2,'2018-01-06 00:00:00','2018-11-06 00:00:00',480,1000),

(487,'【上海】2019意大利西西里爱乐乐团中国巡演一美丽西西里岛新年音乐会','167340_n.jpg',80,'东方艺术中心-音乐厅 - 上海',3,'310000','西西里岛这个在世人眼里的“黑手党天堂”，其实是意大利顶 级艺术家的藏龙卧虎之地！',6,2,'2018-01-06 00:00:00','2018-11-06 00:00:00',680,1000),

(488,'【南京】小提琴大师卡瓦科斯独奏音乐会','167331_n.jpg',80,'江苏大剧院音乐厅 - 南京',3,'320100','小提琴大师卡瓦科斯独奏音乐会',10,2,'2018-01-06 00:00:00','2018-11-06 00:00:00',880,1000),

(489,'【深圳】2018第六届深圳钢琴音乐节--法国钢琴家皮埃尔•瑞亚克独奏音乐会','167318_n.jpg',60,'深圳大剧院音乐厅 - 深圳',3,'440300','法国钢琴家皮埃尔•瑞亚克独奏音乐会',0,2,'2018-01-06 00:00:00','2018-11-06 00:00:00',380,1000),

(490,'【天津】维也纳新年音乐会','167072_n.jpg',180,'天津滨海演艺中心歌剧厅 - 天津',3,'120000','维也纳皇家交响乐团是在奥地利音乐协会正式注册的乐团，由精选的奥地利和欧洲一流音乐家们组成。',0,2,'2018-01-06 00:00:00','2018-11-06 00:00:00',980,1000),

(491,'【深圳】2018第六届深圳钢琴音乐节--意大利钢琴家杰卢卡•路易西独奏音乐会','167319_n.jpg',60,'深圳大剧院音乐厅 - 深圳',3,'440300','意大利著名钢琴家，意大利欧西莫国际钢琴比赛暨艺术节艺术总监，柴可夫斯基青年钢琴比赛评审团成员',0,3,'2018-01-06 00:00:00','2018-11-06 00:00:00',380,1000),

(492,'【深圳】2018 “卡农Canon In D”永恒经典名曲精选音乐会-深圳','TB2yUKeHbSYBuNjSspiXXXNzpXa_!!2251059038-0-item_pic.jpg',100,'深圳市少年宫剧场 - 深圳',3,'440300','',0,3,'2018-01-06 00:00:00','2018-11-06 00:00:00',380,1000),

(493,'【呼和浩特】浪漫辉煌四十年——理查德·克莱德曼2019年呼和浩特新春音乐会','167422_n.jpg',280,'乌兰恰特大剧院 - 呼和浩特',3,'150100','传世经典 原版再现',0,2,'2018-01-06 00:00:00','2018-11-06 00:00:00',2400,1000),

(494,'【重庆】德国科隆交响乐团2019新年音乐会','167188_n.jpg',100,'重庆大剧院 - 重庆',3,'500000','经典重现中西荟萃，传世名曲奏响2019！',0,2,'2018-01-06 00:00:00','2018-11-06 00:00:00',1080,1000),

(495,'【上海】“天空之城”--久石让&宫崎骏动漫经典音乐作品演奏会','166854_n.jpg',80,'贺绿汀音乐厅 - 上海',3,'310000','本场音乐会由独具一格的跨界表演乐团爱乐汇轻音乐团以室内乐的形式重新演绎',0,2,'2018-01-06 00:00:00','2018-11-06 00:00:00',380,1000),

(496,'【呼和浩特】《环球经典动漫作品视听音乐会》','167471_n.jpg',126,'乌兰恰特大剧院 - 呼和浩特',3,'150100','蕾卡托室内乐团演奏',0,2,'2018-01-06 00:00:00','2018-11-06 00:00:00',266,1000),

(497,'【上海】上海师范大学Camerata教师室内乐组专场音乐会\n                                纪念弗朗茨·舒伯特逝世190周年','167117_n.jpg',100,'凯迪拉克·上海音乐厅大厅 - 上海',3,'310000','Camerata组合的演绎主张个性与差别之上的协同和平衡，颇具演绎特色。',0,2,'2018-01-06 00:00:00','2018-11-06 00:00:00',480,1000),

(498,'【上海】【双11专享】上海大剧院2019新年音乐会','167014_n.jpg',162,'上海大剧院-大剧场 - 上海',3,'310000','上海大剧院与上海歌剧院第五度携手打造新年音乐会。',0,2,'2018-01-06 00:00:00','2018-11-06 00:00:00',882,1000),

(499,'【呼和浩特】欢乐颂——合家欢新年音乐会','167474_n.jpg',80,'乌兰恰特大剧院 - 呼和浩特',3,'150100','全家互动共享，共度美好温馨的新年时光',0,2,'2018-01-06 00:00:00','2018-11-06 00:00:00',600,1000),

(500,'【上海】凯迪拉克·上海音乐厅2018音乐季 热情与浪漫——荷兰管乐团音乐会','167113_n.jpg',80,'凯迪拉克·上海音乐厅大厅 - 上海',3,'310000','荷兰管乐团成立的初衷是一群充满激情并且富于冒险精神的艺术家们，因为拒绝墨守陈规，自成一派，自由地演奏他们喜欢的音乐风格。',0,2,'2018-01-06 00:00:00','2018-11-06 00:00:00',480,1000),

(501,'【上海】女子水晶乐坊10年盛典 庆祝2019三八妇女节上海音乐会','167341_n.jpg',80,'东方艺术中心-音乐厅 - 上海',3,'310000','本次音乐会将丝绸之路的三大灵魂元素、特色音乐与交融的文化嵌入此次音乐会中，此次音乐会女子水晶乐坊将把国家一带一路的文化先行、文化交融概念贯穿始终，意义非凡',0,2,'2018-01-06 00:00:00','2018-11-06 00:00:00',680,1000),

(502,'【深圳】2018“天空之城”久石让 宫崎骏经典动漫作品音乐会-深圳','TB2cJlktQUmBKNjSZFOXXab2XXa_!!2251059038-0-item_pic.jpg',80,'深圳市少年宫剧场 - 深圳',3,'440300','',0,2,'2018-01-06 00:00:00','2018-11-06 00:00:00',380,1000),

(503,'【天津】奥地利维也纳皇家交响乐团2019天津新年音乐会','166842_n.jpg',180,'天津大礼堂 - 天津',3,'120000','奥地利维也纳皇家交响乐团天津新年音乐会精彩上演。',0,3,'2018-01-06 00:00:00','2018-11-06 00:00:00',980,1000),

(504,'【北京】意大利亲子音乐会《玩具狂欢新年音乐会》','166626_n.jpg',180,'中华世纪坛-当代艺术馆剧场 - 北京',3,'110000','在新年之际聆听一场交响音乐会，用艺术开启新的一年',0,2,'2018-01-06 00:00:00','2018-11-06 00:00:00',380,1000),

(505,'【南京】袁莎“筝与诗”古筝音乐会','166899_n.jpg',180,'南京保利大剧院大剧场 - 南京',3,'320100','以中国古筝音乐的历史发展脉络为线索，并与中国浩荡千年的诗歌文化相交融',0,3,'2018-01-06 00:00:00','2018-11-06 00:00:00',680,1000),

(506,'【北京】白俄罗斯国家交响乐团2019新年音乐会','167100_n.jpg',100,'中山音乐堂 - 北京',3,'110000','白俄罗斯国家交响乐团2019新年音乐会',0,2,'2018-01-06 00:00:00','2018-11-06 00:00:00',880,1000),

(507,'【北京】维也纳春之声---2019北京新年音乐会','166737_n.jpg',180,'国图艺术中心 - 北京',3,'110000','维也纳之声---2019北京新年音乐会',0,3,'2018-01-06 00:00:00','2018-11-06 00:00:00',880,1000),

(508,'【重庆】《致敬经典》作品音乐会','167233_n.jpg',40,'重庆市歌剧院 - 重庆',3,'500000','重庆市歌剧院是享誉西南从事歌剧表演艺术事业历史最长的专业艺术院团。',0,2,'2018-01-06 00:00:00','2018-11-06 00:00:00',NULL,1000),

(509,'【西安】XSO中提琴重奏音乐会','167167_n.jpg',60,'西安音乐厅-室内音乐厅 - 西安',3,'610100','感受现场重奏魅力',0,2,'2018-01-06 00:00:00','2018-11-06 00:00:00',NULL,1000),

(510,'【上海】大有作为·大提琴专场音乐会','167116_n.jpg',80,'凯迪拉克·上海音乐厅大厅 - 上海',3,'310000','演出形式多样，不仅有器乐演奏、音乐剧、还有民族乐器与乐队的中西合作，精彩绝伦',0,2,'2018-01-06 00:00:00','2018-11-06 00:00:00',380,1000),

(511,'【上海】【大船文化】大船文化·德国原版绘本启蒙交响音乐会 《放屁大象吹低音号\n                                之动物交响乐团》','166742_n.jpg',102,'ET聚场（上海共舞台） - 上海',3,'310000','充满童趣的故事、鲜艳活泼的画面、风趣幽默的表演、精彩绝伦的交响乐现场演奏，献给孩子的人生第一场交响乐，选它就对了！',0,2,'2018-01-06 00:00:00','2018-11-06 00:00:00',380,1000),

(512,'【蚌埠】Q聚场/《天空之城》久石让-宫崎骏动漫主题视听音乐会 (文化惠民)','167335_n.jpg',50,'蚌埠大剧院 - 蚌埠',3,'340300','一场性价比超高的久石让宫崎骏动漫视听音乐会。',3,3,'2018-01-06 00:00:00','2018-11-06 00:00:00',180,1000),

(513,'【太原】2018山西大剧院第六届市民音乐会《兰花四重奏乐之旅：从好莱坞到中国》','167209_n.jpg',30,'山西大剧院音乐厅 - 太原',3,'140100','兰花四重奏是成立于洛杉矶的优秀弦乐团体。',0,2,'2018-01-06 00:00:00','2018-11-06 00:00:00',100,1000),

(514,'【重庆】维也纳皇家交响乐团新年音乐会2019中国巡演重庆站','166637_n.jpg',60,'重庆大剧院 - 重庆',3,'500000','不用飞去维也纳，在家门口近距离感受一场气势恢宏、大气磅礴的新年音乐会。',0,2,'2018-01-06 00:00:00','2018-11-06 00:00:00',1499,1000),

(515,'【香港】港乐呈献：马勒 200《马勒第七交响曲》','167346_n.jpg',210,'香港文化中心 （音乐厅） - 香港',3,'810000','音乐总监梵志登棒下的马勒举世闻名，今个乐季继续为乐迷延续马勒交响曲系列，演奏马勒第七交响曲',0,2,'2018-01-06 00:00:00','2018-11-06 00:00:00',NULL,1000),

(516,'【天津】远古的回声——辉豪埙乐专场演奏会','167203_n.jpg',50,'津湾大剧院小剧场 - 天津',3,'120000','本着心静则凉、舒心则雅的声线理念，来体现埙这种\"哀而不伤\"的古典表现力。',0,2,'2018-01-06 00:00:00','2018-11-06 00:00:00',100,1000),

(517,'【上海】《四月是你的谎言》 ——“公生”与“薰”的钢琴小提琴唯美经典音乐集','167410_n.jpg',80,'东方艺术中心-音乐厅 - 上海',3,'310000','此生无悔入四月，来世愿做友人A',0,3,'2018-01-06 00:00:00','2018-11-06 00:00:00',680,1000),

(518,'【银川】德意志联邦萨尔州爵士大乐团','167096_n.jpg',80,'宁夏人民剧院 - 银川',3,'640100','一场汇集「经典爵士·百老汇音乐剧·迪士尼动画·电影音乐」的爵士音乐巡礼',0,3,'2018-01-06 00:00:00','2018-11-06 00:00:00',488,1000),

(519,'【重庆】《兰花四重奏之旅； 从好莱坞到中国》','167187_n.jpg',30,'施光南大剧院 - 重庆',3,'500000','《兰花四重奏之旅； 从好莱坞到中国》期待您鉴赏。',0,3,'2018-01-06 00:00:00','2018-11-06 00:00:00',NULL,1000),

(520,'【武汉】“天空之城”--久石让&宫崎骏动漫经典音乐作品演奏会','166503_n.jpg',80,'武汉剧院 - 武汉',3,'420100','经典旋律全新演绎，音乐启蒙选择',0,3,'2018-01-06 00:00:00','2018-11-06 00:00:00',600,1000),

(521,'【上海】浦发信用卡倾情呈献“卡农Canon In D”永恒经典名曲精选音乐会','TB2HZDMoj7nBKNjSZLeXXbxCFXa_!!2251059038-0-item_pic.jpg',80,'贺绿汀音乐厅 - 上海',3,'310000','',0,2,'2018-01-06 00:00:00','2018-11-06 00:00:00',580,1000),

(522,'【哈尔滨】11月16日 “爱上交响乐”周末广播音乐会','166945_n.jpg',50,'哈尔滨音乐厅（新） - 哈尔滨',3,'230100','“爱上交响乐”周末广播音乐会',0,3,'2018-01-06 00:00:00','2018-11-06 00:00:00',180,1000),

(523,'【沈阳】2018圣诞定制交响音乐会《胡桃夹子》—不眠夜','166867_n.jpg',80,'豫珑剧场 - 沈阳',3,'210100','所到之处，当地报纸、电视、电台、网络媒体纷纷报道演出盛况，并给与了高度评价。',0,3,'2018-01-06 00:00:00','2018-11-06 00:00:00',532,1000),

(524,'【南京】奥地利施特劳斯家族爱乐乐团新年音乐会','166608_n.jpg',100,'江苏荔枝大剧院 - 南京',3,'320100','来自奥地利的永存传世乐章，和乐章一起传世的，还有施特劳斯家族，热爱优雅范，热爱古典乐的人，怎肯错过施特劳斯。',0,2,'2018-01-06 00:00:00','2018-11-06 00:00:00',1080,1000),

(525,'【天津】维也纳约翰·施特劳斯圆舞曲乐团2019天津新年音乐会','166862_n.jpg',100,'津湾大剧院 - 天津',3,'120000','为了呈现最完美的约翰.施特劳斯圆舞曲作品之欢快以及原汁原味的表达其主题性，乐团至今为止始终保持着约翰.施特劳斯当年亲自手拿小提琴指挥乐团的形式。',0,2,'2018-01-06 00:00:00','2018-11-06 00:00:00',616,1000),

(526,'【上海】科勒星期广播音乐会“爱的牵手”合唱音乐会暨上海市残疾人合唱团十周年专场','166918_n.jpg',25,'凯迪拉克·上海音乐厅大厅 - 上海',3,'310000','“爱的牵手”，两个优秀的合唱团牵手的不仅是歌唱之声，也是生命之音。谁不会为生命的美好和坚韧所打动呢？',0,3,'2018-01-06 00:00:00','2018-11-06 00:00:00',50,1000),

(528,'【天津】卡农——古典情调钢琴曲心灵邂逅演奏会','166986_n.jpg',60,'津湾大剧院 - 天津',3,'120000','古典音乐是属于过去的音乐，但它的精粹在历史的长河中始终闪烁着异彩。',0,3,'2018-01-06 00:00:00','2018-11-06 00:00:00',580,1000),

(529,'【成都】环球音乐之旅·成都站——意大利钢琴家玛丽安吉拉•法卡特罗','166654_n.jpg',80,'特仑苏音乐厅 - 成都',3,'510100','环球音乐之旅已经来到成都，你准备好了么？',0,2,'2018-01-06 00:00:00','2018-11-06 00:00:00',260,1000),

(530,'【北京】冰雪奇缘--经典动画名曲视听音乐会','166650_n.jpg',100,'北京音乐厅 - 北京',3,'110000','您将亲临由诸多经典动漫电影作品融汇而成的音乐海洋',0,3,'2018-01-06 00:00:00','2018-11-06 00:00:00',406,1000),

(531,'【北京】久石让.宫崎骏经典作品动漫视听音乐会《听.见风之谷》','165622_n.jpg',80,'世纪剧院 - 北京',3,'110000','在这里，可以欢乐，可以舞蹈，更可以忘记年龄大声地欢笑鼓掌，在这里，你会有享受不完的欢乐和童真。',0,3,'2018-01-06 00:00:00','2018-11-06 00:00:00',380,1000),

(532,'【宁波】宁波交响乐团音乐季第五场之柏辽兹幻想交响曲','166808_n.jpg',50,'宁波文化广场大剧院 - 宁波',3,'330200','宁波交响乐团音乐季第五场之柏辽兹幻想交响曲',0,2,'2018-01-06 00:00:00','2018-11-06 00:00:00',280,1000),

(533,'【惠州】浪漫辉煌——理查德·克莱德曼2019惠州新春音乐会','166902_n.jpg',280,'惠州文化艺术中心 - 惠州',3,'441300','作为最早进入中国的外国钢琴家，理查德·克莱德曼影响了一代又一代的乐迷。',0,3,'2018-01-06 00:00:00','2018-11-06 00:00:00',2400,1000),

(534,'【成都】中世爱乐乐团“天空之城”——久石让&宫崎骏经典动漫视听音乐会成都站','166400_n.jpg',120,'大喜时代剧场 - 成都',3,'510100','经典动漫画面与魅力音乐的相映互动',0,2,'2018-01-06 00:00:00','2018-11-06 00:00:00',1050,1000),

(535,'【广州】2018-19广州爵士音乐节 地中海风 西班牙Jazznesis ＆ Mar\n                                爵士音乐会','O1CN012GdS73AYGuSUesn_!!0-item_pic.jpg',180,'星海音乐厅室内乐演奏厅 - 广州',3,'440100','',0,3,'2018-01-06 00:00:00','2018-11-06 00:00:00',280,1000),

(536,'【北京】国家大剧院迎钟声音乐会','166579_n.jpg',200,'国家大剧院-音乐厅 - 北京',3,'110000','国家大剧院迎钟声音乐会',0,2,'2018-01-06 00:00:00','2018-11-06 00:00:00',2112,1000),

(537,'【长沙】春之声2018·天空之城-久石让宫崎骏经典动漫作品视听新年音乐会','166816_n.jpg',80,'长沙音乐厅湘江大厅 - 长沙',3,'430100','原汁原味，专业爱乐乐团，温情演绎',0,3,'2018-01-06 00:00:00','2018-11-06 00:00:00',900,1000),

(538,'【太原】德意志联邦萨尔州爵士大乐团','166769_n.jpg',30,'太原工人文化宫 - 太原',3,'140100','德意志联邦萨尔州爵士大乐团作为萨尔州的代表，在国内和国际上都将自己视为联邦政府伟大管弦乐爵士的传播使者。',0,2,'2018-01-06 00:00:00','2018-11-06 00:00:00',50,1000),

(539,'【上海】【双十一专享】维也纳之声新年音乐会·上海 奥地利维也纳之声交响乐团','166184_n.jpg',448,'上海保利大剧院-大剧场 - 上海',3,'310000','双十一专享',0,3,'2018-01-06 00:00:00','2018-11-06 00:00:00',1480,1000),

(540,'【南昌】李云迪·云指肖邦2018全国巡演 南昌站','165787_n.jpg',280,'江西前湖迎宾馆国际会议中心 - 南昌',3,'360100','这是一场酣畅淋漓的视听盛宴，这是一场古典乐迷的钢琴诗章。',0,3,'2018-01-06 00:00:00','2018-11-06 00:00:00',1280,1000),

(541,'【上海】《漫步经典》钢琴双重奏2019新年音乐会','166604_n.jpg',30,'浦东新舞台 - 上海',3,'310000','陈天一，4岁开始习琴，2012年2015年，师从塞尔维亚天才钢琴家Marko Pavlovic，\n                                    并被他们称为最具天赋的天才钢琴家。',0,2,'2018-01-06 00:00:00','2018-11-06 00:00:00',280,1000),

(542,'【北京】国家大剧院世界歌剧经典音乐会','167250_n.jpg',80,'国家大剧院-音乐厅 - 北京',3,'110000','国家大剧院世界歌剧经典音乐会',0,3,'2018-01-06 00:00:00','2018-11-06 00:00:00',1152,1000),

(543,'【上海】德意志联邦萨尔州爵士乐团《迪士尼动画电影音乐原声音乐会》','166668_n.jpg',80,'喜玛拉雅艺术中心-大观舞台 - 上海',3,'310000','德意志联邦萨尔州爵士大乐团，倾情改编世界爵士经典',0,2,'2018-01-06 00:00:00','2018-11-06 00:00:00',NULL,1000),

(544,'【北京】“丝路狂想”2018 马克西姆跨界钢琴演奏会北京站','161968_n.jpg',280,'北京工人体育馆 - 北京',3,'110000','\"钢琴圣手\"马克西姆以独树一帜的演绎方式、特立独行的时尚造型，成为被争相追随、效仿的偶像。',0,3,'2018-01-06 00:00:00','2018-11-06 00:00:00',1500,1000),

(545,'【济南】《乐海之声 声动齐鲁》--杨靖师生琵琶音乐会','166688_n.jpg',80,'山东剧院 - 济南',3,'370100','杨靖是一位活跃在当今国内外音乐舞台的著名音乐家。',0,2,'2018-01-06 00:00:00','2018-11-06 00:00:00',880,1000),

(546,'【中山】星期二艺术沙龙：百年绝响 弦话古今 ——新西兰AROHA弦乐四重奏音乐会','166913_n.jpg',100,'中山市文化艺术中心小剧场 - 中山',3,'442000','新西兰AROHA QUARTET是一支由四位世界 级音乐家组成的弦乐四重奏团。',0,3,'2018-01-06 00:00:00','2018-11-06 00:00:00',NULL,1000),

(547,'【北京】“曼舞轻歌”北京交响乐团2018乐季音乐会','165871_n.jpg',80,'国家大剧院-音乐厅 - 北京',3,'110000','北京交响乐团2018乐季音乐会',0,3,'2018-01-06 00:00:00','2018-11-06 00:00:00',768,1000),

(548,'【北京】“昨日重现”经典电影浪漫金曲音乐会','166142_n.jpg',70,'北京音乐厅 - 北京',3,'110000','\"昨日重现\"经典电影浪漫金曲音乐会',0,2,'2018-01-06 00:00:00','2018-11-06 00:00:00',580,1000),

(549,'【嘉兴】他们都唱“从前慢”','166052_n.jpg',180,'乌镇大剧院 - 嘉兴',3,'330400','艺人: 叶丽仪、秦昊、高平、上海彩虹室内合唱团',0,2,'2018-01-06 00:00:00','2018-11-06 00:00:00',580,1000),

(550,'【柳州】天空之城久石让宫崎骏经典动漫作品视听音乐会弦乐版','166536_n.jpg',50,'柳州文化艺术中心 - 柳州',3,'450200','即锻炼孩子的舞台表现能力，也提高孩子的演奏能力。',0,2,'2018-01-06 00:00:00','2018-11-06 00:00:00',500,1000),

(551,'【天津】《凛冬将至》——“逍遥三重奏”专场音乐会','166652_n.jpg',100,'天津音乐厅.儒熙艺术馆 - 天津',3,'120000','11月24日晚逍遥三重奏将送至凛冬，用作品演绎那点点暖意。',0,2,'2018-01-06 00:00:00','2018-11-06 00:00:00',NULL,1000),

(552,'【天津】8比特年代——经典怀旧游戏主题音乐会','166499_n.jpg',100,'天津音乐厅.儒熙艺术馆 - 天津',3,'120000','11月30日 猎音社轻音乐团将开启你封存已久的黑白机年代，让多首游戏音乐再次响起。',0,2,'2018-01-06 00:00:00','2018-11-06 00:00:00',NULL,1000),

(553,'【成都】环球音乐之旅·成都站——加拿大协合二重奏','166659_n.jpg',80,'特仑苏音乐厅 - 成都',3,'510100','环球音乐之旅已经来到成都，你准备好了么？',0,3,'2018-01-06 00:00:00','2018-11-06 00:00:00',380,1000),

(554,'【上海】第二十届中国上海国际艺术节参演剧（节）目 白马村游记\n                                上海彩虹室内合唱团专场音乐会','165667_n.jpg',80,'东方艺术中心-音乐厅 - 上海',3,'310000','艺人: 上海彩虹室内合唱团、金承志',0,3,'2018-01-06 00:00:00','2018-11-06 00:00:00',880,1000),

(555,'【杭州】杭州动漫电影管乐团 经典动漫作品视听音乐会','166376_n.jpg',50,'杭州艺苑剧场 - 杭州',3,'330100','杭州动漫电影管乐团 经典动漫作品视听音乐会',0,2,'2018-01-06 00:00:00','2018-11-06 00:00:00',360,1000),

(556,'【福州】丝路•狂想 2018马克西姆跨界钢琴演奏会','O1CN012GdS6x9z2g9dnGH_!!0-item_pic.jpg',280,'福州海峡文化艺术中心 - 福州',3,'350100','',0,3,'2018-01-06 00:00:00','2018-11-06 00:00:00',880,1000),

(557,'【上海】维也纳之声2019上海新年音乐会','166044_n.jpg',180,'东方艺术中心-音乐厅 - 上海',3,'310000','奥地利维也纳古典交响乐团由70余位音乐家组成，大多数毕业于奥地利或其它欧美国家的专业音乐大学，其中不乏奥地利及欧洲音乐比赛获奖者。音色纯正，音乐风格古朴凝炼，是这只乐团的最\n                                    大特色。',0,2,'2018-01-06 00:00:00','2018-11-06 00:00:00',1280,1000),

(558,'【上海】科勒星期广播音乐会 浪漫的篇章 海外华裔演奏家协奏曲专场','166248_n.jpg',25,'凯迪拉克·上海音乐厅大厅 - 上海',3,'310000','期待年轻的海外华裔音乐家对经典的诠释，感受他们的诗意和情怀。',0,3,'2018-01-06 00:00:00','2018-11-06 00:00:00',50,1000),

(559,'【柳州】“漫步云端” 艾莫·帕金&崔音双钢琴音乐会','166709_n.jpg',50,'柳州文化艺术中心 - 柳州',3,'450200','法国钢琴家艾莫.帕金和中国钢琴家崔音的组合，汇聚经典法式浪漫优雅，与中式均衡完美，两位钢琴家各自个性的极致碰撞组合',0,3,'2018-01-06 00:00:00','2018-11-06 00:00:00',280,1000),

(560,'【北京】一生必听的电影音乐《卡农》《海上钢琴师》《教父》《汉尼拔》钢琴小提琴大提琴浪漫邂逅音乐会','165255_n.jpg',100,'中山音乐堂 - 北京',3,'110000','演奏：天利名家三重奏',0,3,'2018-01-06 00:00:00','2018-11-06 00:00:00',380,1000),

(561,'【杭州】爱乐小天使名师系列 PianoLab·倪海瑽钢琴独奏音乐会','166387_n.jpg',80,'杭州大剧院(音乐厅) - 杭州',3,'330100','倪海瑽，旅美钢琴家、浙江音乐学院钢琴系副教授、硕士研究生导师、科研方向负责人、美国密歇根州立大学音乐艺术博士（D.M.A）、美国音乐公开赛中国江浙赛区艺术总监',0,2,'2018-01-06 00:00:00','2018-11-06 00:00:00',280,1000),

(562,'【长沙】法国钢琴大师希普林·卡萨利斯钢琴独奏音乐会','166396_n.jpg',60,'长沙音乐厅湘江大厅 - 长沙',3,'430100','希普林与世界几乎所有的名团名家都有过合作',0,2,'2018-01-06 00:00:00','2018-11-06 00:00:00',100,1000),

(563,'【上海】【双十一专享】维也纳春之声交响乐团新年音乐会','166182_n.jpg',170,'东方艺术中心-音乐厅 - 上海',3,'310000','双十一专享',0,3,'2018-01-06 00:00:00','2018-11-06 00:00:00',510,1000),

(564,'【杭州】杭州大剧院管风琴系列音乐会IV 沈媛管风琴音乐会','166389_n.jpg',60,'杭州大剧院(音乐厅) - 杭州',3,'330100','沈媛博士，中央音乐学院副教授，硕士导师，管风琴、电子管风琴演奏家',0,3,'2018-01-06 00:00:00','2018-11-06 00:00:00',180,1000),

(565,'【青岛】青岛交响乐团2018-2019音乐季 拉丁情人梦','166116_n.jpg',80,'青岛市人民会堂 - 青岛',3,'370200','拉丁情人梦音乐会精彩上演。',0,2,'2018-01-06 00:00:00','2018-11-06 00:00:00',180,1000),

(566,'【成都】难忘金曲——“不那么古典”的新年音乐会','166534_n.jpg',80,'特仑苏音乐厅 - 成都',3,'510100','古典音乐',0,3,'2018-01-06 00:00:00','2018-11-06 00:00:00',680,1000),

(567,'【成都】第24届“蓉城之秋”·四川音乐学院交响乐团秋冬音乐季——马勒四','165952_n.jpg',60,'四川音乐学院大音乐厅 - 成都',3,'510100','第24届“蓉城之秋”·四川音乐学院交响乐团秋冬音乐季——马勒四期待您鉴赏。',0,3,'2018-01-06 00:00:00','2018-11-06 00:00:00',300,1000),

(568,'【北京】《四月是你的谎言》浪漫经典音乐会','166840_n.jpg',100,'北京音乐厅 - 北京',3,'110000','不止是一场钢琴与小提琴的浪漫邂逅，还是一场\"四谎\"乐迷见面会，更是一场温暖的青春物语。',0,2,'2018-01-06 00:00:00','2018-11-06 00:00:00',609,1000),

(569,'【上海】第二十届中国上海国际艺术节参演剧目 罗伯特·威尔逊与杜塞尔多夫戏剧院\n                                《睡魔》','165281_n.jpg',80,'上海大剧院-大剧场 - 上海',3,'310000','导演罗伯特·威尔逊(Robert\n                                    Wilson)以他的原创美学闻名于世,他联手英国著名歌手、作曲家安娜·卡维重新演绎了E.T.A.霍夫曼那黑暗可怕的童话《睡魔》(The Sandman)。',0,2,'2018-01-06 00:00:00','2018-11-06 00:00:00',880,1000),

(570,'【长沙】芒果小剧场《钢琴解剖课》','166397_n.jpg',100,'长沙音乐厅湘江大厅 - 长沙',3,'430100','这是由一架钢琴和一个幽默的\"讲师\"组成的、一堂引人入胜的解剖演讲课。',0,3,'2018-01-06 00:00:00','2018-11-06 00:00:00',260,1000),

(571,'【深圳】《卡农》《海上钢琴师》《教父》《一步之遥》钢琴小提琴大提琴经典电影浪漫邂逅音乐会','O1CN012GdS6wtCL1oPs8s_!!0-item_pic.jpg',120,'深圳音乐厅 - 深圳',3,'440300','',0,3,'2018-01-06 00:00:00','2018-11-06 00:00:00',580,1000),

(572,'【太原】国际大师系列小提琴演奏会','166211_n.jpg',30,'太原工人文化宫 - 太原',3,'140100','小提琴演奏',0,3,'2018-01-06 00:00:00','2018-11-06 00:00:00',50,1000),

(573,'【北京】乌克兰国家交响乐团2019北京新年音乐会','166129_n.jpg',60,'中国人民大学如论讲堂 - 北京',3,'110000','乌克兰国家交响乐团2019北京新年音乐会',0,3,'2018-01-06 00:00:00','2018-11-06 00:00:00',880,1000),

(574,'【北京】《一千零一夜》亲子绘本故事音乐会','166311_n.jpg',100,'北京音乐厅 - 北京',3,'110000','给孩子制造惊喜；神奇梦幻、充满想像的音乐世界，让你和孩子在艺术的殿堂自由徜徉！',0,3,'2018-01-06 00:00:00','2018-11-06 00:00:00',880,1000),

(575,'【绍兴】北欧之光—钢琴四重奏音乐会','166363_n.jpg',50,'绍兴大剧院 - 绍兴',3,'330600','钢琴四重奏音乐会',0,3,'2018-01-06 00:00:00','2018-11-06 00:00:00',160,1000),

(576,'【宁波】宁波交响乐团音乐季第四场之贝多芬第七交响曲','166072_n.jpg',50,'宁波大剧院 - 宁波',3,'330200','宁波交响乐团音乐季第四场之贝多芬第七交响曲',0,2,'2018-01-06 00:00:00','2018-11-06 00:00:00',280,1000),

(577,'【杭州】杭州动漫电影乐团 AC铜管五重奏','166377_n.jpg',50,'杭州艺苑剧场 - 杭州',3,'330100','杭州动漫电影乐团 AC铜管五重奏',0,3,'2018-01-06 00:00:00','2018-11-06 00:00:00',360,1000),

(578,'【上海】“黄河之声天上来”——王丹红民族管弦乐作品上海首演音乐会','166247_n.jpg',80,'凯迪拉克·上海音乐厅大厅 - 上海',3,'310000','本场音乐会将通过中国传统民族乐器传递炎黄子孙对黄河的热爱之情。',0,3,'2018-01-06 00:00:00','2018-11-06 00:00:00',380,1000),

(579,'【石家庄】“丝路狂想”2018马克西姆跨界钢琴演奏会石家庄站','165190_n.jpg',180,'河北省艺术中心 - 石家庄',3,'130100','日本媒体称他\"钢琴王子\"，香港媒体则叫他\"师奶杀手\"…',0,3,'2018-01-06 00:00:00','2018-11-06 00:00:00',1600,1000),

(580,'【成都】维也纳皇家交响乐团2019新年音乐会中国巡演成都站','164033_n.jpg',11.11,'锦城艺术宫 - 成都',3,'510100','维也纳皇家交响乐团',0,3,'2018-01-06 00:00:00','2018-11-06 00:00:00',2019,1000),

(581,'【上海】西本智实与日本辉煌艺术交响乐团上海新年音乐会','165996_n.jpg',80,'东方艺术中心-音乐厅 - 上海',3,'310000','西本智实现任日本辉煌艺术交响乐团首席指挥兼艺术总监，同时兼任大阪音乐大学客座教授和首届大阪国际文化大使。',0,3,'2018-01-06 00:00:00','2018-11-06 00:00:00',1080,1000),

(582,'【北京】“上善若水”中国竹笛乐团民族室内乐音乐会','165859_n.jpg',80,'国家大剧院-音乐厅 - 北京',3,'110000','中国竹笛乐团民族室内乐音乐会',0,2,'2018-01-06 00:00:00','2018-11-06 00:00:00',864,1000),

(703,'【武汉】惊天魔盗团（NowYou See Me）Live 世界巡演武汉站','167262_n.jpg',280,'武汉客厅·中国文化博览中心A馆 - 武汉',4,'420100','下沉浸体验这个魔幻现场',0,3,'2018-01-06 00:00:00','2018-11-06 00:00:00',1380,1000),

(704,'【南京】德云社《北京相声大会》——德云社南京分社','78089_n.jpg',30,'南京德云社剧场 - 南京',4,'320100','“面向百姓，服务工薪”，也是我们的经营宗旨，每天演出精彩不断，以低廉的票价、优质的服务、让中外游客了解传统文化，感受现代风情。',0,3,'2018-01-06 00:00:00','2018-11-06 00:00:00',1500,1000),

(705,'【北京】惊天魔盗团（Now You See Me）Live 世界巡演北京站','158522_n.jpg',58,'北京工人体育馆 - 北京',4,'110000','还记得电影《惊天魔盗团》里，杰西说的那句，\"距离越近看得越仔细，就越容易被骗\"吗？',0,3,'2018-01-06 00:00:00','2018-11-06 00:00:00',NULL,1000),

(706,'【北京】2018德云社北京相声大会——三里屯德云社剧场','139609_n.jpg',100,'德云社三里屯剧场 - 北京',4,'110000','弘扬民族文化，培养曲艺人才',0,3,'2018-01-06 00:00:00','2018-11-06 00:00:00',2000,1000),

(707,'【北京】2018德云社北京相声大会-三庆园','139552_n.jpg',60,'三庆园 - 北京',4,'110000','酣畅淋漓的视听盛宴，民间文化艺术渊远流长',0,2,'2018-01-06 00:00:00','2018-11-06 00:00:00',500,1000),

(708,'【北京】2018德云社北京相声大会——新街口德云社','139556_n.jpg',100,'德云社相声大会新街口剧场 - 北京',4,'110000','酣畅淋漓的视听盛宴，民间文化艺术渊远流长',0,3,'2018-01-06 00:00:00','2018-11-06 00:00:00',3800,1000),

(709,'【北京】《金簪记》','167560_n.jpg',60,'北京西区剧场 - 北京',4,'110000','商贾西门，偶遇李瓶，金簪定情，隔墙密会。',0,2,'2018-01-06 00:00:00','2018-11-06 00:00:00',560,1000),

(710,'【石家庄】洪顺曲艺社2018年11月份场次演出','167465_n.jpg',10,'洪顺曲艺社 - 石家庄',4,'130100','曲艺名家的雕像古色古香；身穿大褂的艺人；传统的曲艺表演……',0,2,'2018-01-06 00:00:00','2018-11-06 00:00:00',180,1000),

(711,'【大连】传统京剧：《赵氏孤儿》-大连','TB19dJYmNTpK1RjSZFGXXcHqFXa_!!2-item_pic.png',30,'宏济大舞台 - 大连',4,'210200','',0,2,'2018-01-06 00:00:00','2018-11-06 00:00:00',100,1000),

(712,'【东莞】大型现代粤剧《惊蛰》','167619_n.jpg',0,'东莞市文化馆星剧场 - 东莞',4,'441900','路在热土上伸延，人在行进中裂变……',0,3,'2018-01-06 00:00:00','2018-11-06 00:00:00',NULL,1000),

(713,'【北京】2018德云社北京相声大会——天桥德云社剧场','139562_n.jpg',40,'天桥德云社剧场 - 北京',4,'110000','民间艺术文化渊远流长',0,3,'2018-01-06 00:00:00','2018-11-06 00:00:00',1000,1000),

(714,'【上海】海上梨园·小剧场昆曲·《玉簪记·偷诗》','167651_n.jpg',198,'豫园·海上梨园 - 上海',4,'310000','“偷诗”为传奇剧本《玉簪记》第十九出，原名“词媾”。该戏以生、旦为主，唱腔委婉，表演细腻。',0,2,'2018-01-06 00:00:00','2018-11-06 00:00:00',368,1000),

(715,'【上海】2019（东方名家名剧月） 大型滑稽戏《皇帝勿急急太监》','167138_n.jpg',60,'东方艺术中心-歌剧厅 - 上海',4,'310000','当今社会年轻人的婚姻观发生了很大的变化，婚嫁年龄也来越大，剩男剩女越来越多，父母为儿女的婚事着急操心，成了家庭、社会关注的热点。于是，“父母相亲会”应运而生。',0,3,'2018-01-06 00:00:00','2018-11-06 00:00:00',380,1000),

(716,'【天津】走进历史看京剧——京剧《珠帘寨》《李逵探母》《断桥》','167589_n.jpg',40,'广东会馆 - 天津',4,'120000','黄巢起义，唐僖宗逃至美良川，派程敬思到沙陀李克用处搬兵。',0,2,'2018-01-06 00:00:00','2018-11-06 00:00:00',100,1000),

(717,'【上海】纪念改革开放四十年 独脚戏走进新时代 独脚戏《石库门的笑声》 毛猛达 沈荣海\n                                全新作品倾情呈现','165865_n.jpg',100,'中国大戏院 - 上海',4,'310000','由著名编剧梁定东执笔，上海滩咖啡吧代\n                                    言人“阿德哥”毛猛达和他傲气的老搭档沈荣海挑梁，以上海标志石库门为背景、独脚戏传统的双档形式进行演出。',0,3,'2018-01-06 00:00:00','2018-11-06 00:00:00',580,1000),

(718,'【北京】2018德云社北京相声大会——广德楼戏园','139554_n.jpg',100,'广德楼戏园 - 北京',4,'110000','京城文化艺术宝地，各名伶才艺会聚之所！',0,2,'2018-01-06 00:00:00','2018-11-06 00:00:00',600,1000),

(719,'【大连】传统京剧：《凤还巢》-大连','TB1.vF2mG6qK1RjSZFmXXX0PFXa_!!2-item_pic.png',50,'宏济大舞台 - 大连',4,'210200','',0,3,'2018-01-06 00:00:00','2018-11-06 00:00:00',380,1000),

(720,'【济南】德云社郭德纲于谦2019全国巡演济南站','165572_n.jpg',388,'山东会堂 - 济南',4,'370100','艺人: 郭德纲、于谦',0,1,'2018-01-06 00:00:00','2018-11-06 00:00:00',1688,1000),

(721,'【大连】传统京剧：《霸王别姬》《游龙戏凤》-大连','TB1AZ9amNTpK1RjSZR0XXbEwXXa_!!2-item_pic.png',30,'宏济大舞台 - 大连',4,'210200','',0,3,'2018-01-06 00:00:00','2018-11-06 00:00:00',100,1000),

(722,'【北京】《国韵天骄-京剧名家名段2019新年演唱会》','167191_n.jpg',180,'长安大戏院 - 北京',4,'110000','让我们相约在长安大戏院，共同品味这非凡而精彩缤纷的豪华以！',0,2,'2018-01-06 00:00:00','2018-11-06 00:00:00',980,1000),

(723,'【上海】圆梦评弹·相约经典','167268_n.jpg',50,'中国大戏院 - 上海',4,'310000','圆梦评弹·相约经典',0,3,'2018-01-06 00:00:00','2018-11-06 00:00:00',380,1000),

(724,'【绍兴】大型亲子魔术舞台剧《吉诺的奇幻之旅》','167503_n.jpg',20,'诸暨剧院 - 绍兴',4,'330600','一台小朋友超喜欢的亲子互动魔术剧。',0,3,'2018-01-06 00:00:00','2018-11-06 00:00:00',NULL,1000),

(725,'【武汉】武汉楚乐戏苑11月演出','167217_n.jpg',20,'楚乐戏苑 - 武汉',4,'420100','戏曲精彩演出',0,2,'2018-01-06 00:00:00','2018-11-06 00:00:00',50,1000),

(726,'【上海】木偶剧《龙门传说》','166952_n.jpg',80,'嘉定影剧院 - 上海',4,'310000','该剧表现是一个关于梦想的传说，重点表现了追寻梦想、努力奋斗、讴歌助人为乐的精神，体现了人与自然的和谐',0,3,'2018-01-06 00:00:00','2018-11-06 00:00:00',NULL,1000),

(727,'【天津】走进历史看京剧——京剧《审头刺汤》','167404_n.jpg',40,'广东会馆 - 天津',4,'120000','《审头刺汤》莫成既代主替死，被戮蓟州后，严嵩命戚继光将头解京，令汤勤验视。',0,3,'2018-01-06 00:00:00','2018-11-06 00:00:00',100,1000),

(728,'【苏州】2018浸入式昆曲《浮生六记》-苏州','O1CN012GdS78ghH4fFizE_!!0-item_pic.jpg',480,'苏州沧浪亭 - 苏州',4,'320500','',0,2,'2018-01-06 00:00:00','2018-11-06 00:00:00',1580,1000),

(729,'【天津】2018同悦兴茶社 杨光相声社-天津','O1CN012GdS7ADtdbJcKHR_!!0-item_pic.jpg',50,'同悦兴茶社 - 天津',4,'120000','',0,2,'2018-01-06 00:00:00','2018-11-06 00:00:00',80,1000),

(730,'【北京】2018德云社北京相声大会——湖广会馆','139588_n.jpg',40,'湖广会馆 - 北京',4,'110000','京城时尚文化会聚之地！',0,2,'2018-01-06 00:00:00','2018-11-06 00:00:00',200,1000),

(731,'【长春】吉林省德云社·红事会-《相声大会》','116401_n.jpg',30,'长春德云社剧场 - 长春',4,'220100','家门口的德云社，让生活在笑声中度过！',0,3,'2018-01-06 00:00:00','2018-11-06 00:00:00',180,1000),

(732,'【成都】【荟萃蓉城精品剧】惠民展演—川剧大幕戏《隋朝乱》','167109_n.jpg',20,'锦江剧场 - 成都',4,'510100','川剧大幕戏《隋朝乱》期待您的鉴赏。',0,3,'2018-01-06 00:00:00','2018-11-06 00:00:00',NULL,1000),

(733,'【成都】2018《荟萃蓉城》精品剧目惠民展演—川剧折子戏专场《花子骂相》《下游庵》《太白醉写》《王婆骂鸡》','167099_n.jpg',20,'锦江剧场 - 成都',4,'510100','川剧折子戏专场《花子骂相》《下游庵》《太白醉写》《王婆骂鸡》期待您的鉴赏。',0,4,'2018-01-06 00:00:00','2018-11-06 00:00:00',NULL,1000),

(734,'【西安】德云社《师徒父子相声大典》暨郭德纲 岳云鹏 郭麒麟专场演出 西安站','160312_n.jpg',388,'西安曲江国际会展中心B4馆 - 西安',4,'610100','艺人: 郭德纲、于谦、岳云鹏、孙越、郭麒麟',0,2,'2018-01-06 00:00:00','2018-11-06 00:00:00',1588,1000),

(735,'【天津】2018同悦兴茶社 众友相声专场-天津','O1CN012GdS7AvUY5mnqQT_!!0-item_pic.jpg',50,'同悦兴茶社 - 天津',4,'120000','',0,3,'2018-01-06 00:00:00','2018-11-06 00:00:00',80,1000),

(736,'【北京】流动的文化—大运河文化带精品剧目展演 京剧《思·凡》','166891_n.jpg',30,'朝阳区香河园地区文化中心（多维剧场） - 北京',4,'110000','该剧的舞台空间会是空灵现代的，让京剧传统戏呈现出完全不同的视觉呈现。',0,3,'2018-01-06 00:00:00','2018-11-06 00:00:00',NULL,1000),

(737,'【南宁】2018《南国炫技——快乐星期六》杂技主题晚会-南宁','O1CN012GdS78ATb2jaepP_!!0-item_pic.jpg',70,'广西杂技剧场 - 南宁',4,'450100','',0,2,'2018-01-06 00:00:00','2018-11-06 00:00:00',NULL,1000),

(738,'【成都】【荟萃蓉城精选剧】惠民展演—川剧大幕戏《恩仇记》','167095_n.jpg',20,'锦江剧场 - 成都',4,'510100','《恩仇记》讲述了卜巧珍被化名为王安的邓炳如诱奸怀孕，其父气极身亡。',0,3,'2018-01-06 00:00:00','2018-11-06 00:00:00',NULL,1000),

(739,'【太原】曲艺杂谈相声专场 说学逗唱','167529_n.jpg',30,'太原工人文化宫 - 太原',4,'140100','相声手影等多种形式',0,3,'2018-01-06 00:00:00','2018-11-06 00:00:00',100,1000),

(740,'【成都】【荟萃蓉城精品剧】惠民展演—川剧折子戏专场《邱旺告贫》《四郎坐宮》《闹家惩夫》《纪信诳楚》','167122_n.jpg',20,'锦江剧场 - 成都',4,'510100','川剧折子戏专场《邱旺告贫》《四郎坐宮》《闹家惩夫》《纪信诳楚》期待您鉴赏。',0,3,'2018-01-06 00:00:00','2018-11-06 00:00:00',NULL,1000),

(741,'【上海】经典越剧《红楼梦》','166576_n.jpg',100,'人民大舞台 - 上海',4,'310000','在大观园里，宝玉与情趣相投的黛玉心心相印，他俩避开了贵族家庭的约束，偷读《西厢记》，抒发着他们的自由思想，也滋长着他们之间的爱情。',0,2,'2018-01-06 00:00:00','2018-11-06 00:00:00',420,1000),

(742,'【西安】一哏一笑 苗阜 王声 青曲社相声全国巡演 收官专场','166481_n.jpg',180,'西安曲江国际会展中心B4馆 - 西安',4,'610100','艺人: 苗阜、王声',0,2,'2018-01-06 00:00:00','2018-11-06 00:00:00',1080,1000),

(743,'【杭州】传统经典越剧《红楼梦》','166554_n.jpg',30,'浙江胜利剧院 - 杭州',4,'330100','体弱多病、孤零无依的林黛玉，投奔到外祖母——贾府，与表兄贾宝玉一见如故。',0,3,'2018-01-06 00:00:00','2018-11-06 00:00:00',120,1000),

(744,'【北京】嘻哈包袱铺相声剧场-五棵松剧场','143984_n.jpg',60,'嘻哈包袱铺五棵松剧场 - 北京',4,'110000','不容错过的精品相声大会，爆笑不断的视听盛宴。嘻哈包袱铺还有更多惊喜等着你奥！',0,1,'2018-01-06 00:00:00','2018-11-06 00:00:00',374,1000),

(745,'【天津】《元旦相声群英会》','166929_n.jpg',80,'津湾大剧院 - 天津',4,'120000','相声起源于北京，繁荣于天津。天津，相声的码头。天',0,3,'2018-01-06 00:00:00','2018-11-06 00:00:00',380,1000),

(746,'【上海】郭德纲京剧专场上海首站','165562_n.jpg',88,'人民大舞台 - 上海',4,'310000','艺人: 郭德纲',0,2,'2018-01-06 00:00:00','2018-11-06 00:00:00',788,1000),

(747,'【合肥】齐爱云领衔主演秦腔《焚香记》合肥站','166870_n.jpg',50,'合肥市瑶海大剧院 - 合肥',4,'340100','与“白鹿原”同一个灵魂，荡气回肠，穿透人心',0,3,'2018-01-06 00:00:00','2018-11-06 00:00:00',180,1000),

(748,'【北京】通州新曲苑','166530_n.jpg',30,'通州区电影院一楼2号厅 - 北京',4,'110000','新曲苑将为您带来高质量、积极向上、诙谐幽默的相声、口技、快板、双簧、京剧、评剧、 等精彩的曲艺节目奉献给大家',0,3,'2018-01-06 00:00:00','2018-11-06 00:00:00',80,1000),

(749,'【成都】【荟萃蓉城精选剧】川剧，秦腔（合演）《焚香记》','166807_n.jpg',20,'锦江剧场 - 成都',4,'510100','川剧、秦腔合演《焚香记》 由著名川剧表演艺术家陈巧茹、著名秦腔表演艺术家齐爱云分别饰演焦桂英。',0,4,'2018-01-06 00:00:00','2018-11-06 00:00:00',100,1000),

(750,'【上海】大型诗韵越剧《乌衣巷》','166938_n.jpg',50,'上海大剧院-大剧场 - 上海',4,'310000','越剧《乌衣巷》讲述了乌衣巷内，王氏兄弟，皆一时之俊。灵堂之上，徽之挥弦，送别手足、追悼多情…',0,3,'2018-01-06 00:00:00','2018-11-06 00:00:00',380,1000),

(751,'【天津】津湾大剧院名流茶馆相声专场','165840_n.jpg',60,'津湾大剧院小剧场 - 天津',4,'120000','通过说、学、逗、唱，为观众诠释天津相声的\"哏儿\"文化。',0,2,'2018-01-06 00:00:00','2018-11-06 00:00:00',100,1000),

(752,'【上海】经典越剧《血手印》','166577_n.jpg',100,'人民大舞台 - 上海',4,'310000','《血手印》（又名《王千金祭夫》）是越剧传统剧目。',0,3,'2018-01-06 00:00:00','2018-11-06 00:00:00',420,1000),

(753,'【北京】北京刘老根大舞台','137617_n.jpg',380,'刘老根大舞台北京剧场 - 北京',4,'110000','演员: 宋晓峰、刘小光',0,2,'2018-01-06 00:00:00','2018-11-06 00:00:00',3699,1000),

(754,'【上海】大型现代沪剧《红梅颂》','166778_n.jpg',50,'Cosmo云峰剧院 - 上海',4,'310000','根据红色经典歌剧《江姐》移植改编',0,2,'2018-01-06 00:00:00','2018-11-06 00:00:00',280,1000),

(755,'【苏州】惊天魔盗团Now You See Me Live 世界巡演苏州站','164565_n.jpg',180,'苏州奥林匹克体育中心体育馆 - 苏州',4,'320500','这一切，都将保证你将体验到的，是一场卓越的惊天魔幻大秀。',0,2,'2018-01-06 00:00:00','2018-11-06 00:00:00',1380,1000),

(756,'【大连】《璀璨星河-致敬经典杂技晚会》','166657_n.jpg',100,'大连人民文化俱乐部-大剧场 - 大连',4,'210200','璀璨星河-致敬经典杂技晚会',0,3,'2018-01-06 00:00:00','2018-11-06 00:00:00',456,1000),

(757,'【苏州】吉诺的奇幻之旅 英国亲子互动魔术剧14:00场次','166877_n.jpg',54,'金海岸文化艺术中心影视城大剧院 - 苏州',4,'320500','魔法世界已开启！来自英国的亲子互动魔术剧《吉诺的奇幻之旅》等待你的加入！',0,2,'2018-01-06 00:00:00','2018-11-06 00:00:00',90,1000),

(758,'【呼和浩特】《德云社德云三宝专场演出》呼和浩特站','O1CN012GdS71X6djeuaCb_!!0-item_pic.jpg',100,'乌兰恰特大剧院 - 呼和浩特',4,'150100','',0,2,'2018-01-06 00:00:00','2018-11-06 00:00:00',380,1000),

(759,'【合肥】昆曲《孟姜女送寒衣》-合肥站','166880_n.jpg',50,'合肥市瑶海大剧院 - 合肥',4,'340100','昆曲《孟姜女送寒衣》',0,2,'2018-01-06 00:00:00','2018-11-06 00:00:00',120,1000),

(760,'【上海】“杨派”经典名剧《孤岛血泪》','166784_n.jpg',50,'Cosmo云峰剧院 - 上海',4,'310000','沪剧《孤岛血泪》，原名《妓女泪》，是已故沪剧表演艺术家杨飞飞老师的代表作，“妓女泪泪洒孤岛，杨八曲曲尽其妙”，该剧作为宝山沪剧团的保留剧目，多年来深受观众喜爱',0,3,'2018-01-06 00:00:00','2018-11-06 00:00:00',280,1000),

(761,'【苏州】吉诺的奇幻之旅 英国亲子互动魔术剧10:00场次','166875_n.jpg',54,'金海岸文化艺术中心影视城大剧院 - 苏州',4,'320500','魔法世界已开启！来自英国的亲子互动魔术剧《吉诺的奇幻之旅》等待你的加入！',0,3,'2018-01-06 00:00:00','2018-11-06 00:00:00',90,1000),

(762,'【成都】【荟萃蓉城精选剧】川剧《目连之母》','166775_n.jpg',20,'锦江剧场 - 成都',4,'510100','新编八百年前的古老故事，满足当代观众的审美需求。',0,3,'2018-01-06 00:00:00','2018-11-06 00:00:00',100,1000),

(763,'【北京】第五届当代小剧场戏曲艺术节·展演剧目 小剧场实验越剧《再生·缘》','166686_n.jpg',100,'繁星戏剧村1039剧场(壹剧场) - 北京',4,'110000','小剧场实验越剧《再生·缘》',0,2,'2018-01-06 00:00:00','2018-11-06 00:00:00',NULL,1000),

(764,'【北京】曹云金领衔出演——《听云轩相声大会》喜聚现场专场','160287_n.jpg',120,'喜聚现场 - 北京',4,'110000','艺人: 曹云金',0,2,'2018-01-06 00:00:00','2018-11-06 00:00:00',180,1000),

(765,'【长沙】南戏新编剧目《荆钗记》-长沙梅溪湖站','166822_n.jpg',20,'长沙梅溪湖国际文化艺术中心大剧院 - 长沙',4,'430100','讲述了南宋时期温州士子王十朋一段关于情、信、义的故事。',0,3,'2018-01-06 00:00:00','2018-11-06 00:00:00',100,1000),

(766,'【大连】笑掌室爆笑相声剧—四百万都去哪了？','167520_n.jpg',68,'大连·华奇大剧院 - 大连',4,'210200','华奇剧场，让我们走进姜涵瀚的世界，敬请观赏，\"笑掌室\"四周年庆典--\"四百万都去哪了\"？',0,3,'2018-01-06 00:00:00','2018-11-06 00:00:00',288,1000),

(767,'【成都】第四届川剧节优秀传统折子戏展演第六场','166676_n.jpg',20,'锦江剧场 - 成都',4,'510100','第四届川剧节优秀传统折子戏展演第六场期待您的鉴赏。',0,2,'2018-01-06 00:00:00','2018-11-06 00:00:00',40,1000),

(768,'【台州】2018台州文化年“精品展演季”——白先勇青春版《牡丹亭》（精华版）','166824_n.jpg',100,'台州椒江剧院 - 台州',4,'331000','青春版《牡丹亭》以情为主线，全剧共27折，分为第一部、第二部、第三部，依次分别为“梦中情”、“人鬼情”和“人间情”。',8,3,'2018-01-06 00:00:00','2018-11-06 00:00:00',480,1000),

(769,'【重庆】单口喜剧—皮球“球你别说”脱口秀个人专场重庆站','166493_n.jpg',80,'坚果LIVE HOUSE - 重庆',4,'500000','单口喜剧—皮球“球你别说”脱口秀个人专场重庆站期待您的鉴赏。',0,3,'2018-01-06 00:00:00','2018-11-06 00:00:00',NULL,1000),

(770,'【哈尔滨】2018黑龙江德云社·红事会—《相声大会》','142427_n.jpg',30,'黑龙江德云社剧场 - 哈尔滨',4,'230100','家门口听原汁原味的相声盛宴，让您欢乐不断，爆笑不停。',0,3,'2018-01-06 00:00:00','2018-11-06 00:00:00',180,1000),

(771,'【温州】越剧《梁祝》','166537_n.jpg',100,'温州东南剧院 - 温州',4,'330300','古代，浙江上虞女子祝英台女扮男装前往杭州求学，路遇会稽书生梁山伯亦赴杭州求学，两人意气相投，结为兄弟。',0,2,'2018-01-06 00:00:00','2018-11-06 00:00:00',380,1000),

(772,'【深圳】惊天魔盗团（Now You See Me）Live 世界巡演深圳站','160693_n.jpg',280,'华润深圳湾体育中心“春茧”体育馆 - 深圳',4,'440300','\"天眼四骑士\"将在全 球开启现场大秀',0,3,'2018-01-06 00:00:00','2018-11-06 00:00:00',1380,1000),

(773,'【沈阳】沈阳中街刘老根大舞台剧场','154147_n.jpg',180,'刘老根大舞台(中街店) - 沈阳',4,'210100','在东北多年来流行一句话 \"宁舍一顿饭，不舍二人转\"，足以看出二人转深受老百姓的欢迎。',0,3,'2018-01-06 00:00:00','2018-11-06 00:00:00',380,1000),

(774,'【北京】第五届当代小剧场戏曲艺术节·展演剧目 京剧《十二楼》','166552_n.jpg',100,'繁星戏剧村876剧场(贰剧场) - 北京',4,'110000','这是一个西洋人用科学技术帮助才子找到佳人的故事。',0,3,'2018-01-06 00:00:00','2018-11-06 00:00:00',NULL,1000),

(775,'【成都】第四届川剧节新创剧目汇演 《白露为霜》','166449_n.jpg',20,'四川歌舞大剧院 - 成都',4,'510100','第四届川剧节新创剧目汇演《白露为霜》期待您鉴赏。',0,2,'2018-01-06 00:00:00','2018-11-06 00:00:00',NULL,1000),

(776,'【上海】惊天魔盗团（Now You See Me）Live 世界巡演上海站','154022_n.jpg',280,'静安体育中心-体育馆（汶水路116号） - 上海',4,'310000','四位世界顶 级的魔术师扮演的天眼四骑士，通过节奏紧凑的22个全新魔术，在你面前，上演偷天换日的大戏',0,3,'2018-01-06 00:00:00','2018-11-06 00:00:00',1380,1000),

(777,'【新乡】Mailive—“一哏一笑”2018青曲社苗阜王声相声全球巡演新乡相声专场','165943_n.jpg',80,'新乡平原文化艺术中心 - 新乡',4,'410700','艺人: 苗阜、王声',0,3,'2018-01-06 00:00:00','2018-11-06 00:00:00',720,1000),

(778,'【沈阳】《明天你是否依然爱我》鑫荷相声汇五周年庆典相声专场','165982_n.jpg',60,'1905剧场 - 沈阳',4,'210100','鑫荷相声汇五周年庆典相声专场',0,2,'2018-01-06 00:00:00','2018-11-06 00:00:00',100,1000),

(779,'【杭州】2018西戏特邀演出·单立人喜剧教主单口专场《背水一赞》','166146_n.jpg',120,'西溪天堂艺术中心 - 杭州',4,'330100','一场长达70分钟、笑点超过200个的单口喜剧专场，将承包大家在生活与工作中所见所闻的感慨、吐槽、戏谑，好不过瘾。',0,2,'2018-01-06 00:00:00','2018-11-06 00:00:00',NULL,1000),

(780,'【武汉】戏码头・全国戏曲名家名团武汉行--京剧名家名段演唱会','166304_n.jpg',80,'武汉剧院 - 武汉',4,'420100','戏曲精品赏析',0,3,'2018-01-06 00:00:00','2018-11-06 00:00:00',450,1000),

(781,'【温州】越剧《祥林嫂》','166511_n.jpg',100,'温州东南剧院 - 温州',4,'330300','祥林嫂年轻守寡，婆婆在重债逼迫和卫老二的怂恿下，把祥林嫂卖给山里人贺老六为妻。',0,3,'2018-01-06 00:00:00','2018-11-06 00:00:00',380,1000),

(782,'【成都】第四届川剧节新创剧目汇演 《梅女》','166453_n.jpg',20,'四川歌舞大剧院 - 成都',4,'510100','第四届川剧节新创剧目汇演《梅女》期待您的鉴赏。',0,3,'2018-01-06 00:00:00','2018-11-06 00:00:00',60,1000),

(783,'【成都】第四届川剧节新创剧目汇演 《南海李准》','166451_n.jpg',20,'四川歌舞大剧院 - 成都',4,'510100','第四届川剧节新创剧目汇演《南海李准》期待您鉴赏。',0,2,'2018-01-06 00:00:00','2018-11-06 00:00:00',60,1000),

(784,'【北京】嘻哈包袱铺相声剧场-交道口剧场','143978_n.jpg',60,'嘻哈包袱铺交道口剧场 - 北京',4,'110000','为了让您笑，我们可以粉身碎骨！',0,3,'2018-01-06 00:00:00','2018-11-06 00:00:00',306,1000),

(785,'【成都】惊天魔盗团（Now You See Me）Live 世界巡演成都站','160275_n.jpg',180,'华熙LIVE·528M空间 - 成都',4,'510100','这一次，\"天眼四骑士\"将在世界开启现场大秀，让你与他们毫无距离，但你能看穿他们天衣无缝的魔法吗？',0,3,'2018-01-06 00:00:00','2018-11-06 00:00:00',1280,1000),

(786,'【成都】【荟萃蓉城精选剧】2018年“荟萃蓉城”精品剧目惠民展演-川剧《白蛇传》','166000_n.jpg',20,'锦江剧场 - 成都',4,'510100','【荟萃蓉城精选剧】2018年\"荟萃蓉城\"精品剧目惠民展演-川剧《白蛇传》期待您的鉴赏。',0,3,'2018-01-06 00:00:00','2018-11-06 00:00:00',120,1000),

(787,'【北京】第五届当代小剧场戏曲艺术节·展演剧目 晋剧《花田外传》','166344_n.jpg',100,'繁星戏剧村876剧场(贰剧场) - 北京',4,'110000','讲述了员外之女刘玉燕与丫鬟小春兰在花田集会上偶遇书生卞继，刘玉燕与卞先生一见钟情，并得到了刘家父母的赏识。',0,2,'2018-01-06 00:00:00','2018-11-06 00:00:00',NULL,1000),

(788,'【成都】【荟萃蓉城精选剧】2018年“荟萃蓉城”精品剧目惠民展演-川剧《天衣无缝》','166002_n.jpg',20,'锦江剧场 - 成都',4,'510100','该剧讲述了在战火纷飞的年代里，人人自危，几个有抱负的年轻人怀揣着保卫祖国、浴血奋战、视死如归的革命故事。',0,3,'2018-01-06 00:00:00','2018-11-06 00:00:00',120,1000),

(789,'【太原】“欢乐颂” 好悦来相声专场','166283_n.jpg',50,'山西大剧院小剧场 - 太原',4,'140100','这是一场名家云集的曲艺专场，更是笑星荟萃的欢乐之夜。',0,3,'2018-01-06 00:00:00','2018-11-06 00:00:00',80,1000),

(790,'【西安】2018西安刘老根大舞台','164590_n.jpg',100,'陕西阳光丽都大剧院 - 西安',4,'610100','刘老根大舞台团队',0,2,'2018-01-06 00:00:00','2018-11-06 00:00:00',480,1000),

(791,'【上海】刀马出手，薪声夺人——上海昆剧团优秀青年演员钱瑜婷个人演出专场','166118_n.jpg',80,'上海大剧院-别克中剧场 - 上海',4,'310000','上海昆剧团优秀青年演员钱瑜婷首次个人演出专场。',0,3,'2018-01-06 00:00:00','2018-11-06 00:00:00',380,1000),

(792,'【江门】大型古装神话粤剧《嫦娥奔月》','166121_n.jpg',30,'江门演艺中心侨都大剧院 - 江门',4,'440700','相传，后羿，穷石之王，擅于射箭，是文武双全的英雄。嫦娥，乃穷石的美人，善良、聪慧并存。',0,3,'2018-01-06 00:00:00','2018-11-06 00:00:00',280,1000),

(793,'【上海】上海徐汇燕萍京剧团 京剧专场演出-上海','O1CN012GdS6tSNa80X5uD_!!0-item_pic.jpg',30,'梅派大舞台 - 上海',4,'310000','',0,3,'2018-01-06 00:00:00','2018-11-06 00:00:00',50,1000),

(794,'【石家庄】回忆经典—传统与现代京剧演唱会','165785_n.jpg',80,'河北省艺术中心 - 石家庄',4,'130100','八仙从蟠桃会酒醉而归,路过东海遇见金鱼仙子。吕洞宾出言不逊,惹怒了仙子,双方发生了一场冲突。',0,2,'2018-01-06 00:00:00','2018-11-06 00:00:00',NULL,1000),

(795,'【广州】广东粤剧院建院60周年纪念系列演出 《折子戏专场》','165816_n.jpg',100,'广东粤剧艺术中心 - 广州',4,'440100','60周年纪念系列演出《折子戏专场》',0,3,'2018-01-06 00:00:00','2018-11-06 00:00:00',NULL,1000),

(796,'【北京】万瑞兴先生京剧作品演唱会','165410_n.jpg',100,'保利剧院 - 北京',4,'110000','大师级演出团队，你值得拥有',0,3,'2018-01-06 00:00:00','2018-11-06 00:00:00',580,1000),

(797,'【太原】晋剧《傅山进京》谢涛主演','165561_n.jpg',50,'太原青年宫演艺中心 - 太原',4,'140100','在有限的舞台时空里，以艺术的手法浓缩和再现了傅山最具光彩的生命乐章。',0,2,'2018-01-06 00:00:00','2018-11-06 00:00:00',380,1000),

(798,'【长沙】德云社德云三宝专场演出','165086_n.jpg',120,'长沙梅溪湖国际文化艺术中心大剧院 - 长沙',4,'430100','\"德云三宝\"中的\"云\"\"鹤\"\"九\"字三科徒弟具有成熟、独特、火爆的艺术特点，并具有一定观众群的佼佼者。',0,3,'2018-01-06 00:00:00','2018-11-06 00:00:00',480,1000),

(799,'【北京】古戏楼版京剧《霸王别姬》','126739_n.jpg',280,'正乙祠戏楼 - 北京',4,'110000','方丈舞台，演一场浪花淘尽的英雄绮梦，粉墨含情，吟几句缥缈迷离的前世悲欢。',0,3,'2018-01-06 00:00:00','2018-11-06 00:00:00',880,1000),

(800,'【杭州】杭州笑海相声会馆戊戌年相声大会（大华书场）','164800_n.jpg',50,'大华书场 - 杭州',4,'330100','杭州笑海相声会馆于2010年7月成立，是浙江省第一家专业相声表演团队，至今已逾八载，演出千场有余',0,2,'2018-01-06 00:00:00','2018-11-06 00:00:00',80,1000),

(801,'【上海】笑乐汇相声会馆（相爷府店）—郭德纲弟子高鹤彩相声专场','120906_n.jpg',80,'相爷府茶楼 - 上海',4,'310000','搞笑段子，潮流热点，幽默包袱，互动效果，让你嗨翻全场！',0,3,'2018-01-06 00:00:00','2018-11-06 00:00:00',150,1000),

(802,'【北京】京剧折子戏《时迁偷鸡》《借扇》《失印救火》','165308_n.jpg',100,'梅兰芳大剧院 - 北京',4,'110000','京剧折子戏',0,3,'2018-01-06 00:00:00','2018-11-06 00:00:00',180,1000),

(803,'【石家庄】《相声喜乐会》','165862_n.jpg',60,'石家庄国际庄大剧院 - 石家庄',4,'130100','《相声喜乐会》即将回归！搞笑段子，新潮笑点，内涵包袱，又回来啦！',0,2,'2018-01-06 00:00:00','2018-11-06 00:00:00',139,1000),

(804,'【上海】纪念改革开放四十年 独脚戏走进新时代 独脚戏《石库门的笑声》 毛猛达 沈荣海\n                                全新作品倾情呈现','161519_n.jpg',100,'中国大戏院 - 上海',4,'310000','石库门里的光影变幻记录了改革开放40年来上海市民生活变化，也是上海这座城市日新月异的缩影。',0,3,'2018-01-06 00:00:00','2018-11-06 00:00:00',580,1000),

(805,'【西安】惊天魔盗团（Now You See Me）Live 世界巡演西安站','160744_n.jpg',180,'西安曲江国际会展中心B4馆 - 西安',4,'610100','一场现实中的美妙幻境，不再是帽子里变兔子的小技法。',0,3,'2018-01-06 00:00:00','2018-11-06 00:00:00',1380,1000),

(806,'【长春】刘老根大舞台长春旗舰剧场','120215_n.jpg',80,'刘老根大舞台长春旗舰剧场 - 长春',4,'220100','长春刘老根大舞台',0,3,'2018-01-06 00:00:00','2018-11-06 00:00:00',580,1000),

(807,'【杭州】戊戌年越剧精品折子戏专场（大华书场）','165116_n.jpg',20,'大华书场 - 杭州',4,'330100','大华书场联合钱塘戏社共同打造的越剧精品折子戏专场第四期来啦',0,3,'2018-01-06 00:00:00','2018-11-06 00:00:00',NULL,1000),

(808,'【西安】珍友社-西北第一家相声社团相声大会','161902_n.jpg',40,'珍友社剧场 - 西安',4,'610100','珍友社是以中国传统曲艺表演为主的演绎茶馆。',0,2,'2018-01-06 00:00:00','2018-11-06 00:00:00',80,1000),

(809,'【杭州】戊戌年苏州评弹专场（大华书场）','164801_n.jpg',30,'大华书场 - 杭州',4,'330100','苏州评弹——中国最美的声音！',0,3,'2018-01-06 00:00:00','2018-11-06 00:00:00',NULL,1000),

(810,'【哈尔滨】2018哈尔滨相声百乐会 友谊宫 《相声大会》','144123_n.jpg',50,'哈尔滨友谊宫百乐会相声剧场 - 哈尔滨',4,'230100','让你在冰城感受最纯正的传统艺术——相声的博大精深，弘扬曲艺，传承经典!',0,3,'2018-01-06 00:00:00','2018-11-06 00:00:00',NULL,1000),

(811,'【南京】第二届紫金京昆艺术群英会 《古调今谈—王珮瑜谈京剧的演唱与跨界》','164465_n.jpg',50,'江苏紫金大戏院 - 南京',4,'320100','亲近京剧，与你同乐。',0,3,'2018-01-06 00:00:00','2018-11-06 00:00:00',NULL,1000),

(812,'【北京】欢度春节 2019新春马戏小丑嘉年华','164425_n.jpg',100,'北京工人体育馆 - 北京',4,'110000','新年合家欢乐，带着娃和全家去看大马戏吧！',0,3,'2018-01-06 00:00:00','2018-11-06 00:00:00',1000,1000),

(813,'【武汉】大型新编历史汉剧《霓裳长歌》武汉站','O1CN012GdS6kAIt61knq7_!!0-item_pic.jpg',60,'武汉琴台大剧院 - 武汉',4,'420100','',0,2,'2018-01-06 00:00:00','2018-11-06 00:00:00',220,1000),

(814,'【大连】大连笑掌室相声社（2018年）','139664_n.jpg',30,'大连人民文化俱乐部－话剧厅 - 大连',4,'210200','现在来\"笑掌室\"，让您领略真正听相声的\"味\"。',0,3,'2018-01-06 00:00:00','2018-11-06 00:00:00',60,1000),

(815,'【长春】草台喜剧演出','162751_n.jpg',19.9,'草台喜剧馆 - 长春',4,'220100','每周六即兴喜剧，周日单口喜剧周末秀，更多精彩等你来看！',0,3,'2018-01-06 00:00:00','2018-11-06 00:00:00',88,1000),

(816,'【哈尔滨】2018刘老根大舞台哈尔滨剧场','142383_n.jpg',50,'哈尔滨刘老根大舞台 - 哈尔滨',4,'230100','艺人: 赵本山',0,3,'2018-01-06 00:00:00','2018-11-06 00:00:00',420,1000),

(817,'【北京】北京大逗相声','164559_n.jpg',50,'广茗阁茶楼 - 北京',4,'110000','有着和台下的你相似的生活与心境，说着他们心中的相声',0,2,'2018-01-06 00:00:00','2018-11-06 00:00:00',600,1000),

(818,'【宁波】《孟丽君》','164361_n.jpg',30,'宁波逸夫剧院 - 宁波',4,'330200','元代，孟丽君才貌双绝。皇甫少华、刘奎璧，比箭求婚，少华三箭皆中，喜披红袍。',0,3,'2018-01-06 00:00:00','2018-11-06 00:00:00',126,1000),

(819,'【泰安】刘老根大舞台泰安剧场','156177_n.jpg',120,'泰安刘老根大舞台 - 泰安',4,'370900','弘扬民族文化，传承喜剧艺术',0,3,'2018-01-06 00:00:00','2018-11-06 00:00:00',480,1000),

(820,'【北京】广茗阁第二班相声专场','152697_n.jpg',40,'广茗阁茶楼 - 北京',4,'110000','观众对第二班相声仍念念不忘，坚定了第二班重装归来的决心。',0,3,'2018-01-06 00:00:00','2018-11-06 00:00:00',120,1000),

(821,'【天津】傲骨鎏金——庆祝“闻笑轩”成立九周年相声专场演出','164571_n.jpg',40,'津湾大剧院 - 天津',4,'120000','庆祝“闻笑轩”成立九周年相声专场演出',0,2,'2018-01-06 00:00:00','2018-11-06 00:00:00',380,1000),

(822,'【天津】“嗨，你好！”——2018年卢鑫玉浩相声专场全国巡演—天津站','156154_n.jpg',180,'天津大礼堂 - 天津',4,'120000','以欢迎各位观众的到来开场，在感受到我们带来相声欢乐的同时，沉浸在欢乐的氛围中，在欢声笑语中愉快的度过这一晚。',0,3,'2018-01-06 00:00:00','2018-11-06 00:00:00',1470,1000),

(823,'【上海】【小橙堡】《印象莫奈：时光映迹艺术展》3.0','166681_n.jpg',49,'上海静安雕塑公园 - 上海',5,'310000','实景还原！5D印象视觉震撼，文艺炫酷的艺术体验胜地。',0,3,'2018-01-06 00:00:00','2018-11-06 00:00:00',169,1000),

(824,'【成都】LA MAISON CD 2018人头马之家 Rémy Martin','167485_n.jpg',30,'太古里博舍 - 成都',5,'510100','共享多彩与美酒的饕餮盛宴!',0,3,'2018-01-06 00:00:00','2018-11-06 00:00:00',299,1000),

(825,'【武汉】武汉欢乐谷万圣节夜场票','166927_n.jpg',85,'武汉欢乐谷 - 武汉',5,'420100','万圣节狂嗨',0,3,'2018-01-06 00:00:00','2018-11-06 00:00:00',130,1000),

(826,'【珠海】第12届中国国际航空航天博览会(珠海航展)【实物票】','165118_n.jpg',315,'珠海市金湾区三灶镇航展馆 - 珠海',5,'440400','中国国际航空航天博览会',0,2,'2018-01-06 00:00:00','2018-11-06 00:00:00',480,1000),

(827,'【北京】【霸王票】1元购买5元优惠券！赢霸王票抽奖机会爽一年','167269_n.jpg',1,'大麦网北京站 - 北京',5,'110000','用户仅需支付1元即可参与本活动',0,3,'2018-01-06 00:00:00','2018-11-06 00:00:00',NULL,1000),

(828,'【北京】天野喜孝《交织の幻想》中国巡展北京站','166921_n.jpg',120,'筑中美术馆 - 北京',5,'110000','此次中国巡展将是天野喜孝个人海外巡展出展时间最长、巡展城市最 多的一次。',0,3,'2018-01-06 00:00:00','2018-11-06 00:00:00',NULL,1000),

(829,'【成都】成都·蓬皮杜：“全球都市”国际艺术双年展','165037_n.jpg',20,'东郊记忆-锦颂东方演艺厅 - 成都',5,'510100','成都•蓬皮杜：“全球都市”国际艺术双年展将于2018年11月2日在成都市东郊记忆音乐公园拉开序幕。',0,3,'2018-01-06 00:00:00','2018-11-06 00:00:00',248,1000),

(830,'【上海】【棉花糖与白日梦】 交互艺术体验展','164130_n.jpg',50,'中海环宇荟 - 上海',5,'310000','与一般的“网红打卡展”不同，“棉花糖与白日梦”通过超大空间，15个展览单元，10种主题气味，10个沉浸互动式体验装置，35+风格各异的拍照场景，10+可以品尝的滋味，带给参观者不一样的沉浸式互动体验。',0,3,'2018-01-06 00:00:00','2018-11-06 00:00:00',128,1000),

(831,'【北京】臆想仓库','167663_n.jpg',90,'三里屯CHAO B1 - 北京',5,'110000','CHAO ，一个关于品质生活各种可能性的发生地',0,2,'2018-01-06 00:00:00','2018-11-06 00:00:00',120,1000),

(832,'【哈尔滨】2018剧场版《金星脱口秀》-哈尔滨','O1CN012GdS7BCfTV1FumG_!!0-item_pic.jpg',120,'哈尔滨大剧院歌剧厅 - 哈尔滨',5,'230100','',0,3,'2018-01-06 00:00:00','2018-11-06 00:00:00',880,1000),

(833,'【珠海】太空创想—航天快闪体验馆','167042_n.jpg',44,'珠海大剧院广场(近海韵城) - 珠海',5,'440400','带你享受最有趣、专业科普知识最准确、内容最全面的中国航天互动体验！',0,3,'2018-01-06 00:00:00','2018-11-06 00:00:00',168,1000),

(834,'【深圳】设计互联“造物新世代”新工艺百物展 Design Society presents\n                                Craft: The Reset','167573_n.jpg',50,'海上世界文化艺术中心 - 深圳',5,'440300','这座根植于深圳的大型设计创新聚合平台，致力于为大众呈现丰富多样的文化体验',0,3,'2018-01-06 00:00:00','2018-11-06 00:00:00',NULL,1000),

(835,'【成都】罗曼·西格纳：影像 一九七五至一九八九和现在 麓湖·A4美术馆','166042_n.jpg',20,'成都市麓湖艺展中心 - 成都',5,'510100','罗曼•西格纳：影像，一九七五至一九八九和现在！',0,2,'2018-01-06 00:00:00','2018-11-06 00:00:00',60,1000),

(837,'【北京】“解码世纪审美”花花公子时尚艺术展','166214_n.jpg',80,'AC画廊 | AC Gallery - 北京',5,'110000','将艺术美学通过一种全新的模式为大家带来不一样的感官体验。',0,3,'2018-01-06 00:00:00','2018-11-06 00:00:00',NULL,1000),

(838,'【北京】《延禧攻略》沉浸展——来场穿越之旅【北京站】','167159_n.jpg',40,'长楹天街购物中心（5层连廊） - 北京',5,'110000','《延禧攻略》沉浸展——来场穿越之旅',0,3,'2018-01-06 00:00:00','2018-11-06 00:00:00',80,1000),

(839,'【北京】仪礼•兆与易','166814_n.jpg',100,'北京红砖当代美术馆 - 北京',5,'110000','艺术家：何子彦，胡晓媛，安尼施·卡普尔，樫木知子，刘肇星，陶斯·马哈切娃，朴赞景，瓦利德·拉德，柴·斯里斯，阿彼察邦·韦拉斯哈古',0,3,'2018-01-06 00:00:00','2018-11-06 00:00:00',120,1000),

(840,'【重庆】黑暗中对话','166590_n.jpg',19.9,'周大福DO GOOD公益馆 - 重庆',5,'500000','黑暗对你来说，意味着什么？',0,2,'2018-01-06 00:00:00','2018-11-06 00:00:00',NULL,1000),

(841,'【北京】向死而生·魅影寻V 【5D光影】沉浸式奇幻体验展','165299_n.jpg',69,'798艺术中心 - 北京',5,'110000','打造出一场完美融合声·光·影沉浸式演出，让你体验前所未有的 5D 迷幻感官盛宴。',0,3,'2018-01-06 00:00:00','2018-11-06 00:00:00',550,1000),

(842,'【北京】旋构塔 全息书写：2018 国际跨媒体艺术节','166917_n.jpg',50,'北京时代美术馆 - 北京',5,'110000','跨媒体艺术学院合力发声，联袂呈现跨媒介艺术的新鲜实验成果。',0,3,'2018-01-06 00:00:00','2018-11-06 00:00:00',NULL,1000),

(843,'【上海】2018上海“万象花卉杯”多肉植物展','166070_n.jpg',25,'上海世博会博物馆 - 上海',5,'310000','本次多肉植物展规模和声势庞大，有来自国外荷兰、美国、德国、韩国、日本，等珍稀多肉植物参展，囊括了各科属多肉植物近千盆，各大多肉大咖、珍稀品种将一一亮相',0,3,'2018-01-06 00:00:00','2018-11-06 00:00:00',30,1000),

(844,'【贵阳】印象莫奈-时光映迹艺术展','166189_n.jpg',55,'贵阳华润国际社区销售中心 - 贵阳',5,'520100','—生必看艺术盛宴',0,2,'2018-01-06 00:00:00','2018-11-06 00:00:00',199,1000),

(845,'【上海】FRENCH CHRISTMAS MARKET 法国圣诞集市','165844_n.jpg',20,'珍珠剧场 - 上海',5,'310000','琳琅满目的小商品，来自世界各地的vedors带着他们最特别的“礼物”来跟大家见面！',0,3,'2018-01-06 00:00:00','2018-11-06 00:00:00',NULL,1000),

(846,'【成都】成都悠方 大玩家经典展BACK TO CLASSIC','166350_n.jpg',1,'成都悠方 - 成都',5,'510100','传递对当下现实社会和生活的积极态度，这其中，也包括了对自我价值的获取及实现。',0,3,'2018-01-06 00:00:00','2018-11-06 00:00:00',NULL,1000),

(847,'【南宁】广西设计周','166279_n.jpg',50,'南宁国际会展中心 - 南宁',5,'450100','购买早鸟票更优惠哟~',0,3,'2018-01-06 00:00:00','2018-11-06 00:00:00',160,1000),

(848,'【成都】双十一全城特惠 三和老爷车博物馆','166061_n.jpg',11.11,'成都三和老爷车博物馆 - 成都',5,'510100','三和老爷车博物馆期待您的到来。',0,2,'2018-01-06 00:00:00','2018-11-06 00:00:00',90,1000),

(849,'【成都】【小橙堡】《孤独的泡面展》-成都站','165850_n.jpg',38,'茂业天地负一楼 - 成都',5,'510100','他们的故事我们将以特别的形式展现，会不会引起你的共鸣,你也可以在现场留下你的故事……',0,3,'2018-01-06 00:00:00','2018-11-06 00:00:00',68,1000),

(850,'【上海】2018 ART021上海廿一当代艺术博览会','165205_n.jpg',60,'上海展览中心 - 上海',5,'310000','本届博览会不仅延续之前三个主要板块：主画廊单元（MAIN\n                                    GALLERIES）、APPROACH单元和BEYOND公共项目单元，还全新推出BEYOND-EXTENDS单元，并且新增加了DETOUR“绕行”全新策展单元。',0,3,'2018-01-06 00:00:00','2018-11-06 00:00:00',100,1000),

(851,'【上海】上海·小顽家·双11亲子卡','167221_n.jpg',399,'中国票务在线上海站 - 上海',5,'310000','小顽家·双11亲子卡',0,3,'2018-01-06 00:00:00','2018-11-06 00:00:00',699,1000),

(852,'【深圳】平行世界de非分之想','165767_n.jpg',40,'深圳万象天地W5艺术空间 - 深圳',5,'440300','既是一种空间，也是一种氛围',0,3,'2018-01-06 00:00:00','2018-11-06 00:00:00',180,1000),

(853,'【上海】浮世绘大师展','162926_n.jpg',66,'中金国际广场新华中心2层新空间 - 上海',5,'310000','本次展览展示了浮世绘美术史和日本社会发展史的一个重要缩影。',0,3,'2018-01-06 00:00:00','2018-11-06 00:00:00',138,1000),

(854,'【上海】掠影藏花-瞬间艺术中的永恒之美','167247_n.jpg',30,'杜若云章画廊 - 上海',5,'310000','杜若云章每年都为大家带来一次摄影艺术之旅，希望这个与我们似亲又疏的媒介，通过不同摄影艺术家的作品，增添我们的赏识、丰富我们的生活。',0,3,'2018-01-06 00:00:00','2018-11-06 00:00:00',268,1000),

(855,'【成都】第五届成都创意设计产业展览会','165150_n.jpg',20,'成都世纪城新国际会展中心 - 成都',5,'510100','创意成都，美好生活！',0,3,'2018-01-06 00:00:00','2018-11-06 00:00:00',30,1000),

(856,'【上海】“冰上迪士尼”2018巡演上海站','156934_n.jpg',180,'梅赛德斯-奔驰文化中心 - 上海',5,'310000','在米奇生日来临之际，米妮、唐老鸭、高飞陪伴他，开启了寻找自己一直以来最美好记忆的神奇之旅。',0,3,'2018-01-06 00:00:00','2018-11-06 00:00:00',980,1000),

(857,'【上海】5th Anniversary at The Pearl,\n                                Shanghai','166600_n.jpg',150,'珍珠剧场 - 上海',5,'310000','本次5周年特别档活动将回顾本场以往最瞩目的演出，汲取精华部分呈现给大家',0,3,'2018-01-06 00:00:00','2018-11-06 00:00:00',NULL,1000),

(858,'【西安】高清放映《葛饰北斋》','167342_n.jpg',100,'陕西大剧院—戏剧厅 - 西安',5,'610100','这是一部开创性的纪录片，揭秘大英博物馆特展--葛饰北斋',0,3,'2018-01-06 00:00:00','2018-11-06 00:00:00',NULL,1000),

(859,'【上海】“拿破仑”特展','164376_n.jpg',11.11,'上海喜玛拉雅美术馆 - 上海',5,'310000','展品包括为拿破仑创作的绘画/雕塑、拿破仑珍贵手稿、文书、贴身服饰、贵重饰品、军旅用品及家具、日用品等“重头”文物，总数多达185件，是目前为止在上海展出的最\n                                    大规模拿破仑藏品展览。',0,3,'2018-01-06 00:00:00','2018-11-06 00:00:00',299,1000),

(860,'【上海】潮拍快闪 潮拍体验展：独角兽与幻乐园——限时UNICORN变身时间到！','164805_n.jpg',38,'保利时光里 - 上海',5,'310000','拥有纯真内心的人才能进入幻境之门，探索彩虹彼端的所有关于Unicorn的秘密……',0,3,'2018-01-06 00:00:00','2018-11-06 00:00:00',88,1000),

(861,'【广州】2018日日煮美食生活体验馆-广州店','O1CN012GdS6yX8s99Ut9H_!!0-item_pic.jpg',99,'广州K11购物艺术中心 - 广州',5,'440100','',0,3,'2018-01-06 00:00:00','2018-11-06 00:00:00',NULL,1000),

(862,'【宁波】2018第四届NArt宁波国际城市艺术博览会-宁波','O1CN012GdS70TjM3516Tv_!!0-item_pic.jpg',70,'宁波逸东豪生大酒店10楼~11楼 - 宁波',5,'330200','',0,3,'2018-01-06 00:00:00','2018-11-06 00:00:00',1880,1000),

(863,'【上海】2018 INNERSECT 国际潮流文化体验展','160124_n.jpg',198,'上海新国际博览中心 - 上海',5,'310000','打开INNERSECT，在这国际潮流视听的饕餮飨宴，去融合、去感知、去创造，「文化在此发生」',0,3,'2018-01-06 00:00:00','2018-11-06 00:00:00',620,1000),

(864,'【北京】《火影忍者》动画实境展 首降帝都！','163054_n.jpg',68,'合生汇5F - 北京',5,'110000','火影忍者动画实境展 首降帝都！',0,3,'2018-01-06 00:00:00','2018-11-06 00:00:00',368,1000),

(865,'【上海】TP国际当代首饰双年展：三世之界','164852_n.jpg',30,'昊美术馆 - 上海',5,'310000','回溯首饰数千年的历史发展，映射一个时空下的社会与文化对“价值”的认知',0,3,'2018-01-06 00:00:00','2018-11-06 00:00:00',50,1000),

(866,'【北京】漫步星际沉浸艺术展','163647_n.jpg',89,'798幻美术馆 - 北京',5,'110000','带你进入梦幻世界，12种主题，12次变化，一定会有哇塞~漂亮的惊叹声',0,3,'2018-01-06 00:00:00','2018-11-06 00:00:00',158,1000),

(867,'【上海】众妙之门','163857_n.jpg',80,'上海当代艺术馆 - 上海',5,'310000','“众妙之门”旨在链接科学与艺术的视野呈现人类学话题，在当代艺术中注入多元学科的能量，拓展艺术探索和展示的边界，美术馆新元年“跨界+”的理念于此正式启航。',0,3,'2018-01-06 00:00:00','2018-11-06 00:00:00',NULL,1000),

(868,'【南昌】小猪佩奇超级炫动游园会南昌站','O1CN012GdS6lCjDpUfUv5_!!0-item_pic.jpg',80,'杉杉奥特莱斯购物广场 - 南昌',5,'360100','',0,3,'2018-01-06 00:00:00','2018-11-06 00:00:00',130,1000),

(869,'【上海】音乐午茶','142684_n.jpg',10,'凯迪拉克·上海音乐厅南厅 - 上海',5,'310000','“音乐午茶”是一种沙龙式的小型音乐会，作为上海音乐厅的一项公益品牌项目，从2012年1月7日开始，每天中午12:00-13:00（双休日及节假日除外），在上海音乐厅南厅上演。',0,3,'2018-01-06 00:00:00','2018-11-06 00:00:00',NULL,1000),

(870,'【北京】《你，我的缪斯》从梵高到马蒂斯','158009_n.jpg',70,'798艺术中心（二层） - 北京',5,'110000','一切灵感都将梦幻般再现',0,3,'2018-01-06 00:00:00','2018-11-06 00:00:00',298,1000),

(871,'【武汉】与军运同行-武汉军事科技博览会','164829_n.jpg',30,'武汉市园博园 - 武汉',5,'420100','多种仿真“大国重器”零距离接触。',0,3,'2018-01-06 00:00:00','2018-11-06 00:00:00',60,1000),

(872,'【上海】隈研吾的材料研究室','161998_n.jpg',60,'虹桥国际展汇 - 上海',5,'310000','材料是有生命的，因而它才深奥，它才千方百计地抵抗。',0,3,'2018-01-06 00:00:00','2018-11-06 00:00:00',NULL,1000),

(873,'【上海】辛迪•舍曼（Cindy Sherman）中国首展','164983_n.jpg',50,'复星艺术中心 - 上海',5,'310000','本次展览将多元呈现171件涵盖艺术家不同历史时期、不同系列的摄影代表作品，以及曾使用过的拍摄道具、有关文献和影像资料等',0,3,'2018-01-06 00:00:00','2018-11-06 00:00:00',120,1000),

(874,'【长沙】Her Gallery潮拍展','165454_n.jpg',38,'IFS国金中心 - 长沙',5,'430100','极具地域特色的元素将会大量展现',0,3,'2018-01-06 00:00:00','2018-11-06 00:00:00',NULL,1000),

(875,'【深圳】玛丽莲·梦露全球巡展亚洲站','154313_n.jpg',79,'深圳市南山区益田假日广场L4yealife艺术空间 - 深圳',5,'440300','梦露是一个有才华的表演家',0,3,'2018-01-06 00:00:00','2018-11-06 00:00:00',299,1000),

(876,'【上海】玩趣工厂“玩创世界”互动展-上海站','163569_n.jpg',40,'兴业太古汇南广场 - 上海',5,'310000','酝酿8年 全球56位玩创艺术家陪你潜能发酵',0,3,'2018-01-06 00:00:00','2018-11-06 00:00:00',NULL,1000),

(877,'【北京】Flash蹦床公园','167036_n.jpg',148,'Flash蹦床公园 - 北京',5,'110000','炫酷潮流，不止于大！',0,3,'2018-01-06 00:00:00','2018-11-06 00:00:00',288,1000),

(878,'【上海】减压展2.0-十八项奇葩体验','152180_n.jpg',48,'新华联大厦B1 - 上海',5,'310000','生活中有一种东西是不可或缺的，那就是安排休息与玩笑的时间。',0,3,'2018-01-06 00:00:00','2018-11-06 00:00:00',188,1000),

(879,'【重庆】相约.万州-灯光文化艺术表演','165182_n.jpg',60,'重庆万州区南滨公园 - 重庆',5,'500000','一场身临其境的高科技灯光体验，一种震撼人心的视觉享受。',0,3,'2018-01-06 00:00:00','2018-11-06 00:00:00',700,1000),

(880,'【昆明】记忆证据—日本经典动漫原画展','164892_n.jpg',49,'昆明言几又Park1903概念店 - 昆明',5,'530100','\"记忆证据-经典动漫原画大展\"在有着\"全国最美湖畔书店\"之称的昆明言几又PARK1903概念店热血展出',0,3,'2018-01-06 00:00:00','2018-11-06 00:00:00',99,1000),

(881,'【武汉】白日梦抖拍艺术馆-武汉站','164827_n.jpg',49,'光谷步行街德国风情街区(比邻飞机餐厅) - 武汉',5,'420100','我们用夸张的手法，帮大家再造梦境，还原每个女孩子的异想天开，满足你的不切实际，实现你的白日呓语。',0,3,'2018-01-06 00:00:00','2018-11-06 00:00:00',59,1000),

(882,'【深圳】《尾田荣一郎监修 Hello, ONE PIECE\n                                路飞来了！》首次中国大陆巡展深圳站','O1CN012GdS6kab5g3quKA_!!0-item_pic.jpg',60,'海上世界文化艺术中心 - 深圳',5,'440300','',0,3,'2018-01-06 00:00:00','2018-11-06 00:00:00',120,1000),

(883,'【上海】丝路敦煌·幸福生存','161265_n.jpg',28,'上海中心展览馆 - 上海',5,'310000','三座等比例复原的敦煌石窟，来到上海第一高楼，一扇敦煌博大艺术世界的大门',0,3,'2018-01-06 00:00:00','2018-11-06 00:00:00',80,1000),

(884,'【成都】2018圣诞节必玩减压神趴-超级枕头大战','165944_n.jpg',128,'乐空间Yue Space(原正火艺术中心6号馆) - 成都',5,'510100','圣诞必玩经典活动，百分百全六感参与！',0,3,'2018-01-06 00:00:00','2018-11-06 00:00:00',228,1000),

(885,'【上海】【双十一限时特惠】原创主题展：滤镜时代-上海','O1CN012GdS6kb0JfQjqGB_!!0-item_pic.jpg',58,'正大广场 - 上海',5,'310000','',0,3,'2018-01-06 00:00:00','2018-11-06 00:00:00',108,1000),

(886,'【深圳】Skyland未来科技馆','161015_n.jpg',68,'SKYLAND未来科技馆 - 深圳',5,'440300','既是科技馆，又是游乐园',0,3,'2018-01-06 00:00:00','2018-11-06 00:00:00',268,1000),

(887,'【上海】魔都殿堂级艺术据点，邀你玩味盛夏集 KikyoSpace','164811_n.jpg',99,'KikyoSpace艺术空间 - 上海',5,'310000','魔都殿堂级艺术据点，邀你玩味夏日新时尚',0,3,'2018-01-06 00:00:00','2018-11-06 00:00:00',129,1000),

(888,'【上海】NBA冠军主题展','160329_n.jpg',50,'拉法耶艺术设计中心 - 上海',5,'310000','近3000平米展览现场融汇72年点滴历史，五大板块、二十余个展项多维度呈现那些不可复制的荣耀时刻，不只是冠军，还有这条路上每个人的梦想。',0,3,'2018-01-06 00:00:00','2018-11-06 00:00:00',200,1000),

(889,'【上海】CAFEEX上海咖啡与茶展 & 上海咖啡节','O1CN012GdS6iBQC6j4VGd_!!0-item_pic.jpg',100,'上海新国际博览中心 - 上海',5,'310000','',0,3,'2018-01-06 00:00:00','2018-11-06 00:00:00',NULL,1000),

(890,'【南京】《遇见·印象派》光影互动艺术展','161764_n.jpg',49,'河西金鹰世界 - 南京',5,'320100','采用高清投影技术，将印象派经典画作在大型投影幕中动态展现，颠覆传统的动态展览。',0,3,'2018-01-06 00:00:00','2018-11-06 00:00:00',59,1000),

(891,'【上海】时间剧场展览 - 震撼人心的沉浸艺术情感大展','158874_n.jpg',11,'上海万象城 - 上海',5,'310000','全新的交互体验，不止是好玩而已',0,3,'2018-01-06 00:00:00','2018-11-06 00:00:00',150,1000),

(892,'【上海】天马“激擎之夜”汽车特技秀','162254_n.jpg',99,'上海天马赛车场 - 上海',5,'310000','上海天马战队，人员全部都是国内一流赛车特技表演车手，其中有二人是多项吉尼斯世界纪录保持者。',0,3,'2018-01-06 00:00:00','2018-11-06 00:00:00',248,1000),

(893,'【杭州】2018杭州艺术设计玩具展 ART&TOYS HANGZHOU','O1CN012GdS6dEv4FeC8qL_!!0-item_pic.jpg',90,'杭州创意设计中心C-BOX场馆 - 杭州',5,'330100','',0,3,'2018-01-06 00:00:00','2018-11-06 00:00:00',468,1000),

(894,'【上海】好奇柜2 妙幻博物馆','162383_n.jpg',50,'朵云轩艺术中心 - 上海',5,'310000','本次展览配合好奇柜主题，精选了妙幻博物馆中陈庆庆二十余载创作脉络中极具代表性的装置作品百余件，包括抽屉装置、蔴系列、雕塑、灯箱、版画等。',0,2,'2018-01-06 00:00:00','2018-11-06 00:00:00',120,1000),

(895,'【深圳】中国国际高新技术成果交易会','166509_n.jpg',50,'深圳会展中心 - 深圳',5,'440300','集成果交易、产品展示、高层论坛、项目招商、合作交流于一体，重点展示节能环保、新一代信息技术、生物、高端装备制造、新能源、新材料、新能源汽车等领域的先进技术和产品。',0,3,'2018-01-06 00:00:00','2018-11-06 00:00:00',NULL,1000),

(896,'【重庆】华人当代美术馆','O1CN012GdS6g5XzTSlyou_!!0-item_pic.jpg',25,'华人当代美术馆 - 重庆',5,'500000','',0,2,'2018-01-06 00:00:00','2018-11-06 00:00:00',NULL,1000),

(897,'【杭州】爆笑虫子全国巡回展/杭州站','O1CN012GdS6a3d5L5pu1h_!!0-item_pic.jpg',50,'杭州金地广场一楼中庭 - 杭州',5,'330100','',0,2,'2018-01-06 00:00:00','2018-11-06 00:00:00',NULL,1000),

(898,'【北京】新壶中天•桃源篇-首场东方文化沉浸式艺术展','162556_n.jpg',60,'悦美术馆 - 北京',5,'110000','以《后汉书》里的中国传统典故为背景，旨在呈现一个隐秘于壶中、与精神之美相连的异世界，开展首日即吸引了各领域、各圈层的知名人士、网红博主前来观赏、拍照~',0,3,'2018-01-06 00:00:00','2018-11-06 00:00:00',288,1000),

(899,'【长沙】基弗艺术大展','164501_n.jpg',50,'李自健美术馆 - 长沙',5,'430100','当代国际最具影响力的德国新表现主义艺术巨匠——安塞姆•基弗规模空前的回顾性大型个展',0,2,'2018-01-06 00:00:00','2018-11-06 00:00:00',100,1000),

(900,'【上海】美国创意形体剧《空气动力秀》','154046_n.jpg',80,'1862时尚艺术中心 - 上海',5,'310000','御风翱翔，梦伴起舞，《空气动力秀》是一部以“空气雕刻”为主题的现代舞台奇观，也是一对兄妹神奇的冒险经历',0,2,'2018-01-06 00:00:00','2018-11-06 00:00:00',1500,1000),

(901,'【北京】我和星空有个约会：天文科普亲子夜观星空','165458_n.jpg',358,'国家天文台 - 北京',5,'110000','如果你为宇宙星空着迷，如果你总想知道万物起源的奥秘，那就和我们一起来吧！',0,2,'2018-01-06 00:00:00','2018-11-06 00:00:00',458,1000),

(902,'【南京】《薪传・新创》吴兴国（台湾） 第二届紫金京昆艺术群英会','164459_n.jpg',50,'江苏紫金大戏院 - 南京',5,'320100','吴兴国老师将分享他的创作及表演背后的生命故事',0,2,'2018-01-06 00:00:00','2018-11-06 00:00:00',NULL,1000),

(903,'【深圳】深圳.刘老根拿来一壶嗨晚宴剧院','158036_n.jpg',38.8,'刘老根拿来一壶嗨晚宴剧院 - 深圳',5,'440300','集大型演艺、美食、娱乐三位于一体的娱乐剧院',0,2,'2018-01-06 00:00:00','2018-11-06 00:00:00',2380,1000),

(904,'【北京】故宫趣味课堂','160450_n.jpg',240,'故宫博物院观众服务中心 - 北京',5,'110000','一场别开生面的主题文化课程，一次有趣有料的故宫游览体验',0,3,'2018-01-06 00:00:00','2018-11-06 00:00:00',320,1000),

(905,'【上海】2018上海国际STEM科教产品博览会','160993_n.jpg',38,'上海跨国采购会展中心 - 上海',5,'310000','本届博览会将集中STEM玩具和STEM教育两大板块数百家企业结合最前沿的技术与产品进行展示和互动。',0,2,'2018-01-06 00:00:00','2018-11-06 00:00:00',168,1000),

(906,'【武汉】汉古艺术馆：汉古阁近现代精品文物展','143517_n.jpg',28.5,'汉古艺术馆 - 武汉',5,'420100','汉古阁艺术馆内设陶瓷、佛造像、家具、鼻烟壶、书画等展览。展陈以开放、互动、人性化的设计，强调人与历史的沟通融合。',0,2,'2018-01-06 00:00:00','2018-11-06 00:00:00',NULL,1000),

(907,'【南京】《大有不“童”国际绘本展》','162599_n.jpg',49,'南京中海环宇城 - 南京',5,'320100','7大作品区&众多互动装置让孩子乐翻天，寓教于乐！',0,2,'2018-01-06 00:00:00','2018-11-06 00:00:00',119,1000),

(908,'【北京】亚米海因的设计狂想','159981_n.jpg',50,'798艺术中心 - 北京',5,'110000','展区主题设计更精心揉和各式\n                                    幻想梦境打造与现实生活截然不同的世界，由里到外，诠释亚米·海因独特又奇幻的设计理念。',0,3,'2018-01-06 00:00:00','2018-11-06 00:00:00',150,1000),

(909,'【长沙】当历史回归彩色——谢子龙影像艺术馆藏历史影像展','161482_n.jpg',30,'谢子龙影像艺术馆 - 长沙',5,'430100','历史与摄影，看似毫无干系，便这样紧紧的联系在了一起。',0,3,'2018-01-06 00:00:00','2018-11-06 00:00:00',NULL,1000),

(910,'【天津】民国物语博物馆','144343_n.jpg',33,'民国物语博物馆 - 天津',5,'120000','票品有效期：2018.2.3-12.30日',0,3,'2018-01-06 00:00:00','2018-11-06 00:00:00',56,1000),

(911,'【北京】【我是鱼大厨】海洋馆小饲养员体验游','155052_n.jpg',289,'富国海底世界 - 北京',5,'110000','在这里，我们不仅要给鱼儿做饭，还要给大海龟做饭。想不想展示一下你的厨艺呢？',0,3,'2018-01-06 00:00:00','2018-11-06 00:00:00',379,1000),

(912,'【上海】大鸭烘焙巧克力熔岩蛋糕等4选1','141889_n.jpg',108,'申乐大厦 - 上海',5,'310000','一次体验不仅能使大家愉快的玩耍，又能饱餐一顿亲手制作的美食，更能学会一种烹饪技能，可谓一举多得',0,3,'2018-01-06 00:00:00','2018-11-06 00:00:00',NULL,1000),

(913,'【广州】2018首届广州生态昆虫艺术展','TB2MjPVaFzqK1RjSZFoXXbfcXXa_!!2251059038-0-item_pic.jpg',39.9,'广州53美术馆 - 广州',5,'440100','',0,3,'2018-01-06 00:00:00','2018-11-06 00:00:00',NULL,1000),

(914,'【杭州】2018第二十一届西湖艺术博览会-杭州','O1CN012GdS79i1XUI2HrA_!!0-item_pic.jpg',45,'杭州和平国际会展中心一楼 - 杭州',5,'330100','',0,3,'2018-01-06 00:00:00','2018-11-06 00:00:00',NULL,1000),

(915,'【上海】呢喃的泥土-卡塔琳娜·格罗斯中国首次个展','163605_n.jpg',60,'chi K11美术馆 - 上海',5,'310000','格罗斯以工业喷枪作为主要绘画工具，把斑驳陆离的颜料涂覆整个展览空间，以及与展场环境融合的物品，营造沉浸式的复杂景观。',0,3,'2018-01-06 00:00:00','2018-11-06 00:00:00',200,1000),

(917,'【北京】我是小御厨！亲子DIY传统点心','160313_n.jpg',118,'御茶膳房（安定门总店） - 北京',5,'110000','增强孩子自律能力、思考能力，责任心，通过趣味游戏提高自信心，勇于挑战，超越自我，提高沟通合作意识',0,3,'2018-01-06 00:00:00','2018-11-06 00:00:00',158,1000),

(918,'【深圳】2018奇梦爱丽丝之重回仙境儿童剧-深圳','TB22WAZw2ImBKNjSZFlXXc43FXa_!!2251059038-0-item_pic.jpg',49,'中国国际消费电子展示交易中心10层 - 深圳',5,'440300','',0,3,'2018-01-06 00:00:00','2018-11-06 00:00:00',299,1000),

(919,'【上海】立秀宝儿童社会体验英语小镇','131480_n.jpg',50,'立秀宝儿童社会体验英语小镇 - 上海',5,'310000','孩子透过逼真的职业体验全面了解成人的社会面貌，激发他们的学习兴趣及主动性，奠定未来的发展方向',0,2,'2018-01-06 00:00:00','2018-11-06 00:00:00',666,1000),

(920,'【北京】观唐艺术区首届艺术季桃花源','163147_n.jpg',70,'观唐艺术区 - 北京',5,'110000','从一个异国建筑师的角度，如何诠释“理想世界”，这本身就是一个让人充满了期待的作品。',0,3,'2018-01-06 00:00:00','2018-11-06 00:00:00',NULL,1000),

(921,'【北京】宋庆龄体验中心','157562_n.jpg',158,'宋庆龄体验中心 - 北京',5,'110000','紧紧围绕培养青少年科技创新，弘扬中国优秀传统文化，搭建世界青少年交流互鉴平台的三项职能，积极开展国内、国际青少年科技文化交流活动。',0,2,'2018-01-06 00:00:00','2018-11-06 00:00:00',NULL,1000),

(922,'【上海】捕梦人的后花园','143248_n.jpg',180,'捕梦人的后花园 - 上海',5,'310000','近20多种项目一站式体验，一起享受这一刻。',0,2,'2018-01-06 00:00:00','2018-11-06 00:00:00',NULL,1000),

(923,'【南京】2018 日系爵士嘻哈神级人物 DJ OKAWARI中国巡演-南京','O1CN012GdS79bP06ScF3c_!!0-item_pic.jpg',320,'欧拉艺术空间 - 南京',5,'320100','',0,2,'2018-01-06 00:00:00','2018-11-06 00:00:00',580,1000),

(924,'【沈阳】《在云端》沉浸式体验艺术展','165091_n.jpg',50,'沈阳万象城158铺位 - 沈阳',5,'210100','悄悄瞄上一眼，是不是超级期待呢？更多的精彩和美丽，等你亲自来体验哟！',0,3,'2018-01-06 00:00:00','2018-11-06 00:00:00',156,1000),

(925,'【北京】沉浸艺术互动展览【触电·星座答案馆】','160382_n.jpg',80,'华润五彩城购物中心 - 北京',5,'110000','所有不为人知的星座秘密，都在这里',0,2,'2018-01-06 00:00:00','2018-11-06 00:00:00',88,1000),

(926,'【广州】拍照打卡网红展-色彩实验室Color Lab','160624_n.jpg',68,'广州天河曜一城广场 - 广州',5,'440100','色彩与想象的融合，20个创意20个拍照主题，用色彩表达奇妙想象。',0,2,'2018-01-06 00:00:00','2018-11-06 00:00:00',158,1000),

(927,'【上海】波普艺术大师罗素·杨之造星时代中国首展','164103_n.jpg',30,'艺仓美术馆 - 上海',5,'310000','罗素·杨是一位以大型丝网印刷闻名的艺术家，其艺术创作深受波普艺术领袖安迪·沃霍尔的影响。',0,2,'2018-01-06 00:00:00','2018-11-06 00:00:00',90,1000),

(928,'【北京】亲子探秘义利工厂，DIY美食大作战！（DIY六选一）','131790_n.jpg',238,'一轻食品集团 - 北京',5,'110000','探秘面包工厂，跟糕点大师学习制作。',0,2,'2018-01-06 00:00:00','2018-11-06 00:00:00',288,1000),

(929,'【上海】SPF2018上海国际宠物展','161522_n.jpg',50,'上海新国际博览中心 - 上海',5,'310000','2018上海国际宠物展暨TICA世界名猫争霸赛',0,2,'2018-01-06 00:00:00','2018-11-06 00:00:00',NULL,1000),

(930,'【上海】开启一场找自己的旅程 KikyoGallery 对号入座 等你入座','164321_n.jpg',89,'kikyo gallery艺术空间 - 上海',5,'310000','焦虑与兴奋全天候不断切换，让我们不同程度地患上了千奇百怪的“都市青年病”',0,2,'2018-01-06 00:00:00','2018-11-06 00:00:00',109,1000),

(931,'【上海】2018-2019上海跨年倒计时重磅演出 奇葩秀','167635_n.jpg',280,'Modernsky lab上海 - 上海',5,'310000','各种搞怪反串，各种奇思妙想、各种放肆尽嗨！',0,2,'2018-01-06 00:00:00','2018-11-06 00:00:00',480,1000),

(932,'【上海】M50x第二自然匠人市集','167452_n.jpg',128,'M50创意园华府艺术空间 - 上海',5,'310000','特增设更多体验摊位，有无法抗拒的美食饮品，有看着就手痒的手作体验，还有更多匠人美物',0,2,'2018-01-06 00:00:00','2018-11-06 00:00:00',NULL,1000),

(933,'【上海】白夜星辰-沉浸式星空娱乐展全球巡展 上海站','166734_n.jpg',68,'长宁来福士户外大草坪 - 上海',5,'310000','星空是众神的舞台，我们向星空许下了许多美好的誓言，星空下，一个吻，两颗心，我们相拥晚安。',0,3,'2018-01-06 00:00:00','2018-11-06 00:00:00',148,1000),

(934,'【上海】七幕人生音乐剧 299元上海特惠福袋','167671_n.jpg',299,'中国票务在线上海站 - 上海',5,'310000','一个福袋=总价值500-1000元以上的超值大礼包，就是这么简单',0,2,'2018-01-06 00:00:00','2018-11-06 00:00:00',NULL,1000),

(935,'【深圳】设计互联旗下V&A展馆“设计的价值 ”Values of Design\n                                & V&A Gallery','167571_n.jpg',50,'海上世界文化艺术中心 - 深圳',5,'440300','这座根植于深圳的大型设计创新聚合平台，致力于为大众呈现丰富多样的文化体验',0,3,'2018-01-06 00:00:00','2018-11-06 00:00:00',80,1000),

(936,'【上海】K11 【COSMOS OF COLORS】彩诞宇宙 10周年庆典 VIP\n                                DAYS 门票-上海站','167162_n.jpg',688,'上海K11购物艺术中心 - 上海',5,'310000','艺术+购物=颠覆感官体验的一次盛大party',0,2,'2018-01-06 00:00:00','2018-11-06 00:00:00',NULL,1000),

(937,'【北京】《泉聚一堂 泉惠大家》温都水城温泉票','167656_n.jpg',0,'温都水城 - 北京',5,'110000','《泉聚一堂 泉惠大家》温都水城温泉票',0,3,'2018-01-06 00:00:00','2018-11-06 00:00:00',NULL,1000),

(938,'【上海】“干杯！“&“存在·感”—— 盈艺术11月艺术季','167446_n.jpg',30,'盈艺术中心 - 上海',5,'310000','传达3位艺术家构架出一个以躯体和空间多重呈现，交织出一种强烈存在感知的展览，三位艺术家以他们的逻辑和思考，独立表达和创造着多重存在。这些“存在”不光表现在作品的语言上',0,3,'2018-01-06 00:00:00','2018-11-06 00:00:00',NULL,1000),

(939,'【北京】音乐评论家刘雪枫为孩子打开奥地利的“音乐之门”','167682_n.jpg',98,'人民日报社新媒体大楼 - 北京',5,'110000','著名音乐评论家刘雪枫跟你一起听听音乐，聊聊音乐之都的故事。',0,3,'2018-01-06 00:00:00','2018-11-06 00:00:00',136,1000),

(940,'【南昌】梅岭风景写生','O1CN012GdS77j7kMY8bJi_!!0-item_pic.jpg',80,'南昌791美术馆 - 南昌',5,'360100','',0,3,'2018-01-06 00:00:00','2018-11-06 00:00:00',140,1000),

(941,'【西安】高清放映《大卫·鲍伊 is》','167343_n.jpg',100,'陕西大剧院—戏剧厅 - 西安',5,'610100','英国摇滚灵魂人物大卫•鲍伊珍藏展',0,3,'2018-01-06 00:00:00','2018-11-06 00:00:00',NULL,1000),

(942,'【北京】2018国家艺术基金资助项目 北京现代舞团《水·问》','166445_n.jpg',100,'二七剧场 - 北京',6,'110000','此剧目中涌现出一种新的创作和舞蹈的热情， 作品大量调动舞者们用想象力和意念舞蹈',0,3,'2018-01-06 00:00:00','2018-11-06 00:00:00',780,1000),

(943,'【南京】江苏大剧院·马林斯基艺术节芭蕾《天鹅湖》','167041_n.jpg',380,'江苏大剧院歌剧厅 - 南京',6,'320100','诠释俄罗斯古典芭蕾舞学派的传世经典',0,3,'2018-01-06 00:00:00','2018-11-06 00:00:00',1080,1000),

(944,'【合肥】俄罗斯多媒体芭蕾舞剧院 经典芭蕾舞剧《胡桃夹子》（惠民）','167223_n.jpg',20,'安徽大剧院 - 合肥',6,'340100','百里挑一的演员，经验丰富的制作团队，前所未有的观赏体验。',0,2,'2018-01-06 00:00:00','2018-11-06 00:00:00',100,1000),

(945,'【上海】上海保利大剧院四周年庆典演出 保罗・泰勒舞蹈团“自由之舞”','167241_n.jpg',80,'上海保利大剧院-大剧场 - 上海',6,'310000','编舞家保罗·泰勒，美国文化偶像和历史上 最著名的艺术家之一，被誉为另一位创造美国现代舞的伟人。',0,3,'2018-01-06 00:00:00','2018-11-06 00:00:00',580,1000),

(946,'【佛山】“品牌南海·文化共享”—2018南海区高雅艺术进剧场巡演 芭蕾剧《睡美人》','167370_n.jpg',80,'佛山市南海影剧院 - 佛山',6,'440600','《睡美人》，是格林童话中最经典的故事之一。',0,2,'2018-01-06 00:00:00','2018-11-06 00:00:00',180,1000),

(947,'【北京】冰上迪士尼2018巡演北京站','155175_n.jpg',180,'北京工人体育馆 - 北京',6,'110000','准备好了吗？带上您的米奇耳朵，在冰上迪士尼之生日狂欢中体验一场终极互动盛会吧，向经典致敬！',0,2,'2018-01-06 00:00:00','2018-11-06 00:00:00',1380,1000),

(948,'【北京】《AMORE》（中国首演）扎哈洛娃携莫斯科大剧院明星出演','166372_n.jpg',180,'天桥剧场 - 北京',6,'110000','扎哈洛娃携莫斯科大剧院明星出演',0,2,'2018-01-06 00:00:00','2018-11-06 00:00:00',1880,1000),

(949,'【厦门】俄罗斯经典绝美芭蕾舞剧《天鹅湖》2019新年巡演厦门站','166958_n.jpg',180,'厦门沧江剧院 - 厦门',6,'350200','因为音乐和故事相互衬托，相互融合得极具美感而成为世界芭蕾舞之最！',0,2,'2018-01-06 00:00:00','2018-11-06 00:00:00',600,1000),

(950,'【北京】【火爆加场】俄罗斯芭蕾国家剧院芭蕾舞《天鹅湖》','166220_n.jpg',90,'梅兰芳大剧院 - 北京',6,'110000','带您重温百年不朽的经典名剧，聆赏震撼心灵的音乐篇章',0,2,'2018-01-06 00:00:00','2018-11-06 00:00:00',440,1000),

(951,'【佛山】大型舞剧《平潭映象》','167011_n.jpg',280,'佛山市顺德区演艺中心 - 佛山',6,'440600','是知名舞蹈艺术家杨丽萍继《云南映象》、《黄山映象》之后的第三个映象系列作品',0,2,'2018-01-06 00:00:00','2018-11-06 00:00:00',1280,1000),

(952,'【北京】大船文化·澳大利亚 国宝踢踏舞剧TAP DOGS《踢踏狗》 北京站','166175_n.jpg',180,'保利剧院 - 北京',6,'110000','舞剧TAP DOGS《踢踏狗》',0,2,'2018-01-06 00:00:00','2018-11-06 00:00:00',748,1000),

(953,'【北京】2018国家大剧院舞蹈节：江苏省演艺集团舞剧《记忆深处》','166588_n.jpg',100,'国家大剧院-歌剧院 - 北京',6,'110000','江苏省演艺集团舞剧《记忆深处》',0,3,'2018-01-06 00:00:00','2018-11-06 00:00:00',960,1000),

(954,'【上海】俄罗斯莫斯科芭蕾舞团·新春贺岁 经典芭蕾舞剧《天鹅湖》','166787_n.jpg',80,'上海大剧院-大剧场 - 上海',6,'310000','传承百年的俄罗斯艺术瑰宝，古典芭蕾之父-彼季帕经典编舞',0,3,'2018-01-06 00:00:00','2018-11-06 00:00:00',880,1000),

(955,'【北京】【火爆加场】俄罗斯芭蕾国家剧院芭蕾舞《胡桃夹子》','166197_n.jpg',90,'梅兰芳大剧院 - 北京',6,'110000','带您重温百年不朽的经典名剧，聆赏震撼心灵的音乐篇章',0,3,'2018-01-06 00:00:00','2018-11-06 00:00:00',440,1000),

(956,'【昆明】品质舞台季 英国舞蹈剧场作品《虎生·童话》','166738_n.jpg',100,'云南大剧院多功能厅小剧场 - 昆明',6,'530100','让无数观众脸上浮现欢愉的笑容，同时流下泪水——当然，这是欢乐的泪水。',0,3,'2018-01-06 00:00:00','2018-11-06 00:00:00',680,1000),

(957,'【成都】成都VS台南 城市捍卫者 Our City B-Boy','166703_n.jpg',120,'特仑苏音乐厅 - 成都',6,'510100','汇聚了中国高手，同时也得到国际大师助威成都！',0,3,'2018-01-06 00:00:00','2018-11-06 00:00:00',280,1000),

(958,'【北京】俄罗斯国家芭蕾舞剧院芭蕾舞《天鹅湖》巡演北京站','166235_n.jpg',144,'北京展览馆剧场 - 北京',6,'110000','俄罗斯国家芭蕾舞剧院芭蕾舞《天鹅湖》',0,3,'2018-01-06 00:00:00','2018-11-06 00:00:00',1500,1000),

(959,'【宁波】芭蕾舞剧《天鹅湖》','166832_n.jpg',100,'宁波大剧院 - 宁波',6,'330200','月光湖边，美丽的天鹅顽强存在，天鹅湖的传说，还在继续……',0,3,'2018-01-06 00:00:00','2018-11-06 00:00:00',406,1000),

(960,'【北京】阿根廷探戈莫拉•戈多伊《激情探戈》','166794_n.jpg',90,'天桥剧场 - 北京',6,'110000','一场灵魂与舞步的共鸣，一出跳望与生命的对话。',0,3,'2018-01-06 00:00:00','2018-11-06 00:00:00',880,1000),

(961,'【上海】爱沙尼亚瓦涅姆因剧院芭蕾舞团 现代芭蕾《围棋-白与黑的博弈》','166573_n.jpg',80,'东方艺术中心-歌剧厅 - 上海',6,'310000','《围棋-白与黑的博弈》是一部能吸引观众感官并能让观众识别舞蹈主题的现代芭蕾作品，视觉和听觉均建立在有世纪之久的中国古老智力游戏围棋的基础上。',0,3,'2018-01-06 00:00:00','2018-11-06 00:00:00',580,1000),

(962,'【成都】【荟萃蓉城精选剧】俄罗斯圣彼得堡芭蕾舞剧院《天鹅湖》','165611_n.jpg',100,'华侨城大剧院(成都) - 成都',6,'510100','圣彼得堡芭蕾舞剧院',0,3,'2018-01-06 00:00:00','2018-11-06 00:00:00',812,1000),

(963,'【上海】中华民族文化歌舞系列《宝贝爱中华——彝族专场》','165993_n.jpg',180,'上海儿童艺术剧场（上汽荣威儿童文化中心） - 上海',6,'310000','“口弦”\n                                    ，“月琴”，“火塘”，“砣砣肉”、“杆杆酒”，“火把节”，也是凉山彝族；而这一切，都比不上美轮美奂，天资独得的彝族歌舞。',0,2,'2018-01-06 00:00:00','2018-11-06 00:00:00',380,1000),

(964,'【成都】【荟萃蓉城精选剧】-2018“培青计划”委约作品 舞剧《草民》','166306_n.jpg',20,'四川歌舞大剧院 - 成都',6,'510100','本剧首先是对当代草民的社会政治性感兴趣，希望去体现“草民”这个词里野生和自嘲的意味……',0,2,'2018-01-06 00:00:00','2018-11-06 00:00:00',60,1000),

(965,'【苏州】“冰上迪士尼”2018巡演苏州站','164554_n.jpg',180,'苏州奥林匹克体育中心体育馆 - 苏州',6,'320500','冰上迪士尼将花样滑冰与华丽的迪士尼服装相融合，颠覆性地全新诠释了无数家喻户晓的迪士尼经典故事。',0,2,'2018-01-06 00:00:00','2018-11-06 00:00:00',980,1000),

(966,'【上海】芭蕾舞剧《仲夏夜之梦》 A Midsummer Night s Dream','165565_n.jpg',80,'上海城市剧院 - 上海',6,'310000','爱不是用眼睛看的，而是用心智来感受的。爱神丘比特也是蒙着眼睛的。',0,2,'2018-01-06 00:00:00','2018-11-06 00:00:00',480,1000),

(967,'【北京】2018国家大剧院舞蹈节：罗伯托·波雷和朋友们芭蕾精品荟萃','164810_n.jpg',160,'国家大剧院-歌剧院 - 北京',6,'110000','2018国家大剧院舞蹈节：罗伯托·波雷和朋友们芭蕾精品荟萃',0,2,'2018-01-06 00:00:00','2018-11-06 00:00:00',1632,1000),

(968,'【上海】【大船文化】澳大利亚国 宝级踢踏舞剧TAP DOGS《踢踏狗》','165294_n.jpg',180,'ET聚场（上海共舞台） - 上海',6,'310000','融合舞蹈、音乐和戏剧表演，带来令人惊叹的踢踏热潮',0,2,'2018-01-06 00:00:00','2018-11-06 00:00:00',680,1000),

(969,'【武汉】跨年场-俄罗斯芭蕾国家剧院芭蕾舞《天鹅湖》','165586_n.jpg',180,'中南剧场大剧场 - 武汉',6,'420100','享誉世界的俄罗斯芭蕾国家剧院全明星阵容，带您重温百年不朽的经典名剧',0,2,'2018-01-06 00:00:00','2018-11-06 00:00:00',1000,1000),

(970,'【重庆】原创芭蕾舞剧 《死水微澜》','165345_n.jpg',40,'重庆国泰艺术中心剧院 - 重庆',6,'500000','大时代下的小人物，如何惊世骇俗，总似昙花一现。微澜下的死水，从来无声无息，终无一点动象。',0,2,'2018-01-06 00:00:00','2018-11-06 00:00:00',200,1000),

(971,'【北京】大河之舞Ⅱ《舞起狂澜》2018中国巡演北京站','159601_n.jpg',280,'北京展览馆剧场 - 北京',6,'110000','2018年另一条极致高奢之河，雷霆万钧，奔腾万里，为你而来！',0,2,'2018-01-06 00:00:00','2018-11-06 00:00:00',1988,1000),

(972,'【天津】马林斯基剧院芭蕾舞团 芭蕾舞剧《天鹅湖》','165606_n.jpg',180,'天津大剧院歌剧厅 - 天津',6,'120000','舞剧的原始故事背景是基于奥杰塔公主的童话故事创作，讲述了因邪恶诅咒变成天鹅的公主被齐格弗里德王子的爱解救。',0,3,'2018-01-06 00:00:00','2018-11-06 00:00:00',1080,1000),

(973,'【上海】DramaKids艺术剧团·亲子芭蕾舞剧《天鹅湖》\n                                ——“一场为小朋友定制的芭蕾盛宴”','165237_n.jpg',80,'Cosmo云峰剧院 - 上海',6,'310000','天鹅湖是世界上最出名的芭蕾舞剧，也是所有古典芭蕾舞团的保留剧目，更是横跨三个世纪的豪华芭蕾盛宴。',0,3,'2018-01-06 00:00:00','2018-11-06 00:00:00',380,1000),

(974,'【北京】2018国家大剧院舞蹈节：澳大利亚昆士兰芭蕾舞团《仲夏夜之梦》','163073_n.jpg',100,'国家大剧院-歌剧院 - 北京',6,'110000','澳大利亚昆士兰芭蕾舞团《仲夏夜之梦》',0,3,'2018-01-06 00:00:00','2018-11-06 00:00:00',1200,1000),

(975,'【佛山】“品牌南海·文化共享”—2018南海区高雅艺术进剧场巡演\n                                古典芭蕾舞剧《天鹅湖》','165679_n.jpg',80,'佛山市南海影剧院 - 佛山',6,'440600','巅峰艺术之作芭蕾舞剧《天鹅湖》，来自俄罗斯柴可夫斯基芭蕾舞团',0,3,'2018-01-06 00:00:00','2018-11-06 00:00:00',180,1000),

(976,'【上海】俄罗斯圣彼得堡古典芭蕾舞团《胡桃夹子》','164289_n.jpg',80,'上海大剧院-大剧场 - 上海',6,'310000','圣彼得堡古典芭蕾舞团的《胡桃夹子》是该剧院的保留剧目，在遵循著名的马林斯基版本的基础上稍作改动，例如特别突出了雪花舞一段的唯美意境。',0,3,'2018-01-06 00:00:00','2018-11-06 00:00:00',880,1000),

(977,'【石家庄】中国朝鲜族原创舞剧《阿里郎花》','165574_n.jpg',80,'河北省艺术中心 - 石家庄',6,'130100','用融及灵魂的舞蹈再现了舞蹈家热爱生活、忠贞爱情、执着艺术、凤凰涅槃的艺术人生.',0,3,'2018-01-06 00:00:00','2018-11-06 00:00:00',400,1000),

(978,'【北京】俄罗斯芭蕾国家剧院芭蕾舞《胡桃夹子》','162511_n.jpg',60,'中国人民大学如论讲堂 - 北京',6,'110000','享誉世界的俄罗斯芭蕾国家剧院全明星阵容',0,3,'2018-01-06 00:00:00','2018-11-06 00:00:00',440,1000),

(979,'【上海】大河之舞II 舞起狂澜','162852_n.jpg',180,'上海大剧院-大剧场 - 上海',6,'310000','六大舞蹈融合堪称“世界舞蹈教科书”！音乐获“格莱美最 佳大奖”，全球“超白金级销量”每年销售1500万张专辑！',0,3,'2018-01-06 00:00:00','2018-11-06 00:00:00',980,1000),

(980,'【杭州】澳大利亚国宝踢踏舞剧 TAP DOGS《踢踏狗》','164960_n.jpg',180,'杭州大剧院 - 杭州',6,'330100','融合舞蹈、音乐和戏剧表演，带来令人惊叹的踢踏热潮。',0,3,'2018-01-06 00:00:00','2018-11-06 00:00:00',1800,1000),

(981,'【沈阳】圣彼得堡古典芭蕾舞团《胡桃夹子》','164167_n.jpg',30,'辽宁大剧院 - 沈阳',6,'210100','圣彼得堡古典芭蕾舞团',0,3,'2018-01-06 00:00:00','2018-11-06 00:00:00',880,1000),

(982,'【杭州】现场演奏版芭蕾舞剧《天鹅湖》','164155_n.jpg',80,'杭州大剧院(歌剧院) - 杭州',6,'330100','剧院每年都会应邀赴英国、德国、法国等世界各地演出，高端的艺术水准和完美的表现获得了各国专家和观众的赞扬和高度评价。',0,3,'2018-01-06 00:00:00','2018-11-06 00:00:00',880,1000),

(983,'【上海】俄罗斯圣彼得堡古典芭蕾舞团 《天鹅湖》','164292_n.jpg',80,'上海大剧院-大剧场 - 上海',6,'310000','圣彼得堡古典芭蕾舞剧院成立于1992年，在欧美等国家有着非常高的知名度和美誉度，剧院所擅长演出的剧目涵盖了古典芭蕾舞所有经典的剧目。',0,3,'2018-01-06 00:00:00','2018-11-06 00:00:00',880,1000),

(984,'【北京】《BDT十周年庆典GALA》','164570_n.jpg',180,'天桥剧场 - 北京',6,'110000','以全新的视角，臻选出艺术总监王媛媛十年作品之精华，结合全新的编排设计为观众带来一场年度视觉盛宴。',0,2,'2018-01-06 00:00:00','2018-11-06 00:00:00',880,1000),

(985,'【上海】豪华版芭蕾舞《天鹅湖》','163179_n.jpg',80,'上海城市剧院 - 上海',6,'310000','柴可夫斯基的《天鹅湖》、《睡美人》和《胡桃夹子》把芭蕾音乐提高到交响音乐的水平。在他的舞剧中，音乐是和作品内容与舞台动作紧密联系的重要组成部分。',0,2,'2018-01-06 00:00:00','2018-11-06 00:00:00',500,1000),

(986,'【长沙】《大河之舞Ⅱ舞起狂澜》-长沙梅溪湖站','163489_n.jpg',180,'长沙梅溪湖国际文化艺术中心大剧院 - 长沙',6,'430100','超越自己 更高更快更强的速度与激情',0,2,'2018-01-06 00:00:00','2018-11-06 00:00:00',NULL,1000),

(987,'【上海】第二十届中国上海国际艺术节 江苏文化周：舞剧《记忆深处》','163514_n.jpg',180,'上海大剧院-大剧场 - 上海',6,'310000','以和平的名义，用这部作品，祭奠我们这个民族所经历的苦难与伤痛。',0,2,'2018-01-06 00:00:00','2018-11-06 00:00:00',580,1000),

(988,'【南京】南京市文化消费政府补贴剧目 俄罗斯芭蕾国家剧院《胡桃夹子》','162985_n.jpg',56,'南京市文化艺术中心 - 南京',6,'320100','幸福甜美的梦永远留在克拉拉的心中。',0,2,'2018-01-06 00:00:00','2018-11-06 00:00:00',530,1000),

(989,'【天津】大河之舞Ⅱ《舞起狂澜》2018中国巡演天津站','158413_n.jpg',280,'天津大剧院歌剧厅 - 天津',6,'120000','2018年另一条极致高奢之河，雷霆万钧，奔腾万里，为你而来！',0,3,'2018-01-06 00:00:00','2018-11-06 00:00:00',1080,1000),

(990,'【北京】闪亮的传奇—俄罗斯红军歌舞团·歌舞晚会','164310_n.jpg',80,'中山音乐堂 - 北京',6,'110000','俄罗斯红军歌舞团·歌舞晚会',0,2,'2018-01-06 00:00:00','2018-11-06 00:00:00',880,1000),

(991,'【苏州】大河之舞2之舞起狂澜','162990_n.jpg',180,'苏州文化艺术中心 - 苏州',6,'320500','大河之舞制作团队新世纪全新力作《舞起狂澜》。',0,3,'2018-01-06 00:00:00','2018-11-06 00:00:00',2000,1000),

(992,'【重庆】大河之舞Ⅱ《舞起狂澜》2018中国巡演重庆站','160964_n.jpg',100,'重庆大剧院 - 重庆',6,'500000','《大河之舞Ⅱ舞起狂澜》，雷霆万钧，奔腾万里，为你而来！',0,3,'2018-01-06 00:00:00','2018-11-06 00:00:00',1280,1000),

(993,'【成都】圣彼得堡俄罗斯芭蕾舞剧院经典芭蕾舞剧《天鹅湖》','164134_n.jpg',180,'锦城艺术宫 - 成都',6,'510100','如果一生只能看一部芭蕾的话，《天鹅湖》，毋庸置疑！',0,2,'2018-01-06 00:00:00','2018-11-06 00:00:00',1500,1000),

(994,'【南京】南京市文化消费政府补贴剧目 西班牙塞维利亚弗拉门戈舞剧《卡门》','164164_n.jpg',56,'江苏荔枝大剧院 - 南京',6,'320100','使观众脱离里对传统弗拉门戈舞蹈的认知，对崭新的现代弗拉门戈舞蹈有了新的了解，原来弗拉门戈可以如此美丽和诱人。',0,3,'2018-01-06 00:00:00','2018-11-06 00:00:00',530,1000),

(995,'【南京】经典芭蕾舞剧《天鹅湖》','164000_n.jpg',80,'江苏紫金大戏院 - 南京',6,'320100','《天鹅湖》早已成为了古典芭蕾舞的标志，也是检验芭蕾舞者技巧和表现力的标杆。',0,2,'2018-01-06 00:00:00','2018-11-06 00:00:00',680,1000),

(996,'【南昌】俄罗斯莫斯科古典芭蕾舞团《天鹅湖》','164867_n.jpg',80,'江西艺术中心大剧院 - 南昌',6,'360100','经典四幕芭蕾舞剧',0,2,'2018-01-06 00:00:00','2018-11-06 00:00:00',420,1000),

(997,'【沈阳】圣彼得堡古典芭蕾舞团《天鹅湖》','164168_n.jpg',30,'辽宁大剧院 - 沈阳',6,'210100','圣彼得堡古典芭蕾舞团',0,3,'2018-01-06 00:00:00','2018-11-06 00:00:00',880,1000),

(998,'【北京】俄罗斯芭蕾国家剧院芭蕾舞《天鹅湖》','162524_n.jpg',90,'中国人民大学如论讲堂 - 北京',6,'110000','带您重温百年不朽的经典名剧，聆赏震撼心灵的音乐篇章。',0,2,'2018-01-06 00:00:00','2018-11-06 00:00:00',440,1000),

(999,'【广州】俄罗斯圣彼得堡芭蕾舞剧院《天鹅湖》2019新年巡演 - 广州','162865_n.jpg',180,'广州友谊剧院 - 广州',6,'440100','圣彼得堡城市名片，传承百年的俄罗斯艺术瑰宝',0,3,'2018-01-06 00:00:00','2018-11-06 00:00:00',799,1000),

(1000,'【北京】西班牙塞维利亚经典弗拉门戈舞剧《卡门》','161294_n.jpg',100,'梅兰芳大剧院 - 北京',6,'110000','在黑色道具和服装中衬托出来的卡门，是心灵和高艺术水准的交织。',0,2,'2018-01-06 00:00:00','2018-11-06 00:00:00',880,1000),

(1001,'【绍兴】杨丽萍主演舞剧《孔雀之冬》','165371_n.jpg',80,'西施大剧院 - 绍兴',6,'330600','杨丽萍以独特的舞蹈语言和不同阶段的生命之美，赋予舞台上的孔雀不同的绚丽与神韵~',0,3,'2018-01-06 00:00:00','2018-11-06 00:00:00',880,1000),

(1002,'【合肥】圣彼得堡俄罗斯芭蕾舞剧院《天鹅湖》','165843_n.jpg',80,'安徽大剧院 - 合肥',6,'340100','最原汁原味的芭蕾舞——保持基洛夫剧院（现马林斯基剧院）的编舞标准。',0,3,'2018-01-06 00:00:00','2018-11-06 00:00:00',800,1000),

(1003,'【天津】瑞典哥德堡剧院舞团《智者/黑色未命名》','165605_n.jpg',280,'天津大剧院歌剧厅 - 天津',6,'120000','《智者/黑色未命名》精彩上演。',0,3,'2018-01-06 00:00:00','2018-11-06 00:00:00',360,1000),

(1004,'【成都】古典芭蕾舞剧《天鹅湖》基辅芭蕾舞团150周年世界巡演成都站','163856_n.jpg',280,'华侨城大剧院(成都) - 成都',6,'510100','乌克兰基辅芭蕾舞团期待您的鉴赏。',0,2,'2018-01-06 00:00:00','2018-11-06 00:00:00',1600,1000),

(1005,'【上海】大禹——大型民族舞剧','165320_n.jpg',90,'上汽上海文化广场 - 上海',6,'310000','多族统一，抱团取暖，战胜所有困难而获得美好新生，是中华民族生存的至善大道。',0,3,'2018-01-06 00:00:00','2018-11-06 00:00:00',500,1000),

(1006,'【上海】第二十届中国上海国际艺术节参演剧目 挪威国家芭蕾舞团《群鬼》','164617_n.jpg',180,'上海国际舞蹈中心-大剧场 - 上海',6,'310000','芭蕾舞剧《群鬼》改编自著名剧作家易卜生的同名代表作。',0,3,'2018-01-06 00:00:00','2018-11-06 00:00:00',880,1000),

(1007,'【上海】多媒体舞蹈剧场《流量》2.0版 在直播间等你来玩','165732_n.jpg',180,'上海国际舞蹈中心-实验剧场 - 上海',6,'310000','ASMR直播、吃鸡游戏、抖音视频内容、自拍杆舞，互联网次世代流量所经之地，在这里你都能看到',0,3,'2018-01-06 00:00:00','2018-11-06 00:00:00',NULL,1000),

(1008,'【台州】俄罗斯柴可夫斯基芭蕾舞团《天鹅湖》','165276_n.jpg',180,'玉环大剧院 - 台州',6,'331000','诗情画意的舞蹈段落、对比鲜明的仙境场面、沁人心脾的音乐旋律，充分展现了芭蕾艺术的恒久魅力。',0,3,'2018-01-06 00:00:00','2018-11-06 00:00:00',480,1000),

(1009,'【香港】香港芭蕾舞团：FANCL无添加 荣誉呈献《胡桃夹子》','164818_n.jpg',320,'香港文化中心剧场 - 香港',6,'810000','拥抱《胡桃夹子》的梦幻国度，与家人一起延续庆祝圣诞的节日传统！',0,2,'2018-01-06 00:00:00','2018-11-06 00:00:00',1836,1000),

(1010,'【上海】古巴国家芭蕾舞团《堂·吉诃德》','164580_n.jpg',80,'上海大剧院-大剧场 - 上海',6,'310000','古巴国家芭蕾舞团是世界 最具声望的舞蹈团体之一，并在当代拉美文艺界中占有显要的地位。',0,3,'2018-01-06 00:00:00','2018-11-06 00:00:00',980,1000),

(1011,'【上海】第二十届中国上海国际艺术节参演剧（节）目\n                                中央芭蕾舞团大型原创芭蕾舞剧《敦煌》','163039_n.jpg',80,'东方艺术中心-歌剧厅 - 上海',6,'310000','在波澜壮阔的敦煌文明历史使命和但当中，让弥足珍贵的“敦煌大爱”深入人心。',0,3,'2018-01-06 00:00:00','2018-11-06 00:00:00',880,1000),

(1012,'【绍兴】俄罗斯国家芭蕾剧院《天鹅湖》','164421_n.jpg',50,'绍兴大剧院 - 绍兴',6,'330600','公主奥杰塔被恶魔变成了白天鹅，只有王子忠贞的爱情才能让她重回人形。',0,2,'2018-01-06 00:00:00','2018-11-06 00:00:00',720,1000),

(1013,'【上海】芭蕾明星炫舞之夜 罗伯托·波雷与朋友们','164050_n.jpg',480,'上海国际舞蹈中心-大剧场 - 上海',6,'310000','众星云集，星光熠熠，意大利芭蕾王子荷尔蒙来袭',0,3,'2018-01-06 00:00:00','2018-11-06 00:00:00',2800,1000),

(1014,'【宁波】爱尔兰国宝舞剧 创新力作 《大河之舞Ⅱ舞起狂澜》','164211_n.jpg',280,'宁波文化广场大剧院 - 宁波',6,'330200','一生必看的时代典藏，全球亿万粉丝的终身选择！',0,2,'2018-01-06 00:00:00','2018-11-06 00:00:00',NULL,1000),

(1015,'【大连】第二十届上海国际艺术节大连演出系列\n                                瑞典哥德堡剧院舞团现代舞《智者》《黑色未命名》','163875_n.jpg',150,'大连人民文化俱乐部-大剧场 - 大连',6,'210200','第二十届上海国际艺术节大连演出系列',0,3,'2018-01-06 00:00:00','2018-11-06 00:00:00',1000,1000),

(1016,'【合肥】俄罗斯古典芭蕾舞团《天鹅湖》','164936_n.jpg',80,'安徽大剧院 - 合肥',6,'340100','俄罗斯古典芭蕾舞团芭蕾舞《天鹅湖》优雅来袭，唯美的白天鹅们来了！！',0,3,'2018-01-06 00:00:00','2018-11-06 00:00:00',480,1000),

(1017,'【成都】“中国少年儿童文化艺术基金会”大型芭蕾真人秀《追梦女孩之芭蕾选秀·第一季》颁奖演出','163375_n.jpg',11.11,'华侨城大剧院(成都) - 成都',6,'510100','追梦女孩',0,2,'2018-01-06 00:00:00','2018-11-06 00:00:00',200,1000),

(1018,'【杭州】TODES梦之夜·迷 俄罗斯托迪斯舞蹈团中国巡演·杭州站','163951_n.jpg',80,'杭州大剧院(歌剧院) - 杭州',6,'330100','精美绝伦的舞蹈再一次在中国掀起热潮。',0,3,'2018-01-06 00:00:00','2018-11-06 00:00:00',800,1000),

(1019,'【长沙】中国史诗级舞剧《杜甫》','164049_n.jpg',80,'湖南大剧院 - 长沙',6,'430100','一次由近到远、由远及近的精神追寻。',0,3,'2018-01-06 00:00:00','2018-11-06 00:00:00',880,1000),

(1020,'【郑州】大型音乐舞台剧《犹太城》','163237_n.jpg',80,'河南艺术中心大剧院 - 郑州',6,'410100','《犹太城》是以色列剧作家约书亚·索博尔创作的一部舞台剧。',0,3,'2018-01-06 00:00:00','2018-11-06 00:00:00',380,1000),

(1021,'【长沙】2018中国·长沙青年舞蹈季 北京舞蹈学院 中国古典舞剧《粉墨》','163499_n.jpg',100,'湖南大剧院 - 长沙',6,'430100','体悟墨分五色，浓淡入境，泼洒世界的独特审美观，并以此作为对身体动作表现的思考。',0,3,'2018-01-06 00:00:00','2018-11-06 00:00:00',380,1000),

(1022,'【江门】中央芭蕾舞团 经典芭蕾舞剧《红色娘子军》','164057_n.jpg',100,'江门演艺中心音乐厅 - 江门',6,'440700','故事发生在二十世纪三十年代的中国海南岛。',0,2,'2018-01-06 00:00:00','2018-11-06 00:00:00',1080,1000),

(1023,'【南昌】圣彼得堡俄罗斯芭蕾舞剧《天鹅湖》','164042_n.jpg',80,'江西艺术中心大剧院 - 南昌',6,'360100','一样的《天鹅湖》不一样的现场体验',0,3,'2018-01-06 00:00:00','2018-11-06 00:00:00',420,1000),

(1024,'【上海】创新芭蕾舞剧 《胡桃夹子》','163185_n.jpg',80,'上海城市剧院 - 上海',6,'310000','颠覆了百年来《胡桃夹子》中将老鼠作为反派角色的固有套路，童趣、诙谐又富有想象。',10,3,'2018-01-06 00:00:00','2018-11-06 00:00:00',380,1000),

(1025,'【大连】俄罗斯托迪斯舞团《梦之舞—迷》','163948_n.jpg',100,'大连人民文化俱乐部-大剧场 - 大连',6,'210200','精美绝伦的舞蹈再一次在中国掀起热潮。',0,3,'2018-01-06 00:00:00','2018-11-06 00:00:00',380,1000),

(1026,'【常州】俄罗斯TODES舞团“The Dream of Dance”by\n                                TODES','164084_n.jpg',80,'凤凰谷大剧院 - 常州',6,'320400','“TODES”原意是指最危险的、高难的，舞团用这个名字是为了体现其舞蹈动作难度之高，绝非普通舞蹈演员所能达到的，堪称“舞蹈界的极限运动”。',0,2,'2018-01-06 00:00:00','2018-11-06 00:00:00',380,1000),

(1027,'【广州】俄罗斯国家芭蕾舞剧院—阿斯特拉罕芭蕾舞团\n                                2019年新春芭蕾舞《天鹅湖》中国巡演','163376_n.jpg',80,'广东演艺中心大剧院 - 广州',6,'440100','2019年新春芭蕾舞剧《天鹅湖》中国巡演',0,3,'2018-01-06 00:00:00','2018-11-06 00:00:00',680,1000),

(1028,'【广州】俄罗斯芭蕾国家剧院芭蕾舞《天鹅湖》','161261_n.jpg',180,'广州大剧院歌剧厅 - 广州',6,'440100','重温百年不朽的经典名剧',0,3,'2018-01-06 00:00:00','2018-11-06 00:00:00',1100,1000),

(1029,'【长沙】2018中国·长沙青年舞蹈季 北京舞蹈学院\n                                《国舞风采·中国古典舞系教学汇报展示》','163483_n.jpg',100,'湖南大剧院 - 长沙',6,'430100','舞蹈教学展示',0,3,'2018-01-06 00:00:00','2018-11-06 00:00:00',280,1000),

(1030,'【北京】2018国家大剧院舞蹈节：黎星舞蹈工作室舞蹈剧场《大饭店》','162240_n.jpg',100,'国家大剧院-戏剧场 - 北京',6,'110000','黎星舞蹈工作室舞蹈剧场《大饭店》',0,3,'2018-01-06 00:00:00','2018-11-06 00:00:00',500,1000),

(1031,'【马鞍山】《大河之舞II舞起狂澜》','164157_n.jpg',280,'马鞍山大剧院 - 马鞍山',6,'340500','这是一场完美的演出，我爱这澎湃汹涌之河，就像沸腾的岩浆翻滚而来，血脉喷张，令人窒息！',0,2,'2018-01-06 00:00:00','2018-11-06 00:00:00',1688,1000),

(1032,'【长沙】谢欣舞蹈剧场作品《一撇一捺》','164053_n.jpg',100,'湖南大剧院 - 长沙',6,'430100','中国舞蹈家协会“培青计划”优秀作品',0,2,'2018-01-06 00:00:00','2018-11-06 00:00:00',680,1000),

(1033,'【常州】大河之舞II《舞起狂澜》','161438_n.jpg',180,'常州大剧院 - 常州',6,'320400','集20余年的全球巡演编创心得．采用全球最新的舞台技术．邀请金球奖作曲大师定制。',0,2,'2018-01-06 00:00:00','2018-11-06 00:00:00',1080,1000),

(1034,'【太原】芭蕾舞剧《吉赛尔》-太原站','161978_n.jpg',108,'山西大剧院 - 太原',6,'140100','托尼·马丁芭蕾舞团前身诞生于1986年，自成立之日起便在短时间内获得了意大利艺术和舞蹈领域的盛赞及美誉。',0,3,'2018-01-06 00:00:00','2018-11-06 00:00:00',476,1000),

(1035,'【上海】俄罗斯柴可夫斯基芭蕾舞团《天鹅湖》','162834_n.jpg',180,'东方艺术中心-歌剧厅 - 上海',6,'310000','该团保持俄罗斯芭蕾的传统艺术风格，擅长演出古典芭蕾舞剧，演绎经典是柴可夫斯基芭蕾舞团的本色，不断创新是他们的奋斗目标',0,2,'2018-01-06 00:00:00','2018-11-06 00:00:00',880,1000),

(1036,'【合肥】俄罗斯柴可夫斯基芭蕾舞团-《天鹅湖》-合肥站','156411_n.jpg',50,'合肥市瑶海大剧院 - 合肥',6,'340100','古老的城堡里举行盛大的王子成年舞会，王后为他挑选未婚妻，而王子却未相中任何人，他期待的是真正的爱情。',0,3,'2018-01-06 00:00:00','2018-11-06 00:00:00',1088,1000),

(1037,'【上海】上海黄浦剧场2018--2019国际原版戏剧展映季：冰上舞蹈《Intimissimi冰上秀：芳华绝代》（原版放映\n                                中文字幕）','163151_n.jpg',80,'黄浦剧场-中剧场 - 上海',6,'310000','维罗纳斗兽场内360°全方位感官体验',0,3,'2018-01-06 00:00:00','2018-11-06 00:00:00',200,1000),

(1038,'【北京】北京现代舞团经典演出剧目《三更雨•愿》','86919_n.jpg',280,'正乙祠戏楼(北京市) - 北京',6,'110000','《三更雨愿》是作者对“轮回”的理解和表达。因为“愿”未了，所以无法真正离开。',0,3,'2018-01-06 00:00:00','2018-11-06 00:00:00',880,1000),

(1039,'【重庆】俄罗斯柴可夫斯基芭蕾舞团《天鹅湖》重庆站','158251_n.jpg',180,'重庆文化宫大剧院 - 重庆',6,'500000','俄罗斯柴可夫斯基芭蕾舞团《天鹅湖》重庆站期待您的鉴赏。',0,3,'2018-01-06 00:00:00','2018-11-06 00:00:00',999,1000),

(1040,'【上海】俄罗斯国家明星芭蕾舞团—经典芭蕾舞剧《天鹅湖》','160452_n.jpg',180,'上海国际舞蹈中心-大剧场 - 上海',6,'310000','一场真爱与邪恶的对决，即将在平静的天鹅湖畔掀起波澜',0,2,'2018-01-06 00:00:00','2018-11-06 00:00:00',880,1000),

(1041,'【上海】大型原创舞剧《野斑马》','163188_n.jpg',80,'上海城市剧院 - 上海',6,'310000','这是中外舞剧史首例全动物造型舞剧，它歌唱生命，礼赞人性，揭示并颂扬了和平，友爱，共存这一21世界人类的共同主题。',0,3,'2018-01-06 00:00:00','2018-11-06 00:00:00',580,1000),

(1042,'【杭州】楊海龍全男班舞剧《画皮》','153215_n.jpg',60,'杭州大剧院(歌剧院) - 杭州',6,'330100','你是世界上的另一个我 你是我不敢面对的我',0,2,'2018-01-06 00:00:00','2018-11-06 00:00:00',480,1000),

(1043,'【北京】大型多媒体视觉芭蕾舞剧《天鹅湖》—俄罗斯皇家芭蕾舞团','158022_n.jpg',180,'天桥艺术中心-中剧场 - 北京',6,'110000','永恒经典，全新演绎',0,3,'2018-01-06 00:00:00','2018-11-06 00:00:00',880,1000),

(1044,'【北京】俄罗斯圣彼得堡芭蕾舞剧院《天鹅湖》2019新年巡演','157513_n.jpg',180,'京演民族宫大剧院 - 北京',6,'110000','圣彼得堡城市名片，传承百年的俄罗斯艺术瑰宝',0,2,'2018-01-06 00:00:00','2018-11-06 00:00:00',880,1000),

(1045,'【石家庄】民族舞剧《昭君》-石家庄站','160341_n.jpg',50,'石家庄大剧院大剧场 - 石家庄',6,'130100','汉王朝与匈奴疆界相交的边塞某地，烽火台昂然矗立，长城逶迤远去……',0,3,'2018-01-06 00:00:00','2018-11-06 00:00:00',600,1000),

(1046,'【广州】大型多媒体视觉芭蕾舞剧《天鹅湖》——俄罗斯皇家芭蕾舞团','150966_n.jpg',101,'广州中山纪念堂 - 广州',6,'440100','当代优秀的芭蕾舞团，俄罗斯古典芭蕾代言人',0,2,'2018-01-06 00:00:00','2018-11-06 00:00:00',406,1000),

(1047,'【宁波】俄罗斯柴可夫斯基芭蕾舞团《天鹅湖》','160573_n.jpg',180,'宁波大剧院 - 宁波',6,'330200','该团保持俄罗斯芭蕾的传统风格及严谨的台风，并从中探索与发展新的舞蹈形式，它代表了俄罗斯芭蕾舞艺术的高水平。',0,3,'2018-01-06 00:00:00','2018-11-06 00:00:00',1088,1000),

(1048,'【昆明】俄罗斯托迪斯舞团极限舞蹈秀 ——《TODES》','161952_n.jpg',80,'昆明剧院 - 昆明',6,'530100','俄罗斯托迪斯舞蹈团(TODES)是现在世界上最负盛名的流行舞团！',0,3,'2018-01-06 00:00:00','2018-11-06 00:00:00',480,1000),

(1049,'【宁波】全男班舞剧《画皮》','151064_n.jpg',100,'宁波文化广场大剧院 - 宁波',6,'330200','用全男班舞剧和“二重身”的形式，幻化出内心中被压抑隐藏的 另一个自我，体验一把舞台上的爱与疯狂。',0,3,'2018-01-06 00:00:00','2018-11-06 00:00:00',580,1000),

(1050,'【北海】大型原创回族舞剧《花儿》','162647_n.jpg',90,'北海市人民剧场 - 北海',6,'450500','舞蹈精彩、音乐感人、舞美简约、演员本土。',0,2,'2018-01-06 00:00:00','2018-11-06 00:00:00',180,1000),

(1051,'【西安】俄罗斯皇家芭蕾舞团《天鹅湖》','153672_n.jpg',80,'陕西大剧院—歌剧厅 - 西安',6,'610100','古典芭蕾的颠峰之作。',0,3,'2018-01-06 00:00:00','2018-11-06 00:00:00',580,1000),

(1052,'【西安】舞蹈剧场《从何说起》','161649_n.jpg',100,'大麦• 1935小剧场集群玖剧场 - 西安',6,'610100','曾经，你付出了生命的代价、曾经的那个时代，不再。',0,3,'2018-01-06 00:00:00','2018-11-06 00:00:00',200,1000),

(1053,'【成都】淡马国际芭蕾体验课程','137691_n.jpg',9.9,'淡马国际芭蕾旗舰店 - 成都',6,'510100','以系统的芭蕾教学体系及资深的师资队伍为各年龄层、不同能力与学习目的的学员提供全面性舞蹈教育。',0,3,'2018-01-06 00:00:00','2018-11-06 00:00:00',19.9,1000),

(1054,'【天津】俄罗斯圣彼得堡芭蕾舞剧院《天鹅湖》2019新年巡演天津站','152762_n.jpg',100,'津湾大剧院 - 天津',6,'120000','俄罗斯圣彼得堡冬宫皇家剧院原版巨献，圣彼得堡瓦加诺娃芭蕾舞学院舞者的传承演绎。',0,3,'2018-01-06 00:00:00','2018-11-06 00:00:00',1000,1000),

(1055,'【黄冈】大河之舞Ⅱ《舞起狂澜》2018中国巡演黄冈站','161518_n.jpg',40,'黄冈黄梅戏大剧院 - 黄冈',6,'421100','一次舞蹈的感官狂欢，一次速度的歇斯底里，一次视觉的震撼体验，一次颠覆的极致再造',0,3,'2018-01-06 00:00:00','2018-11-06 00:00:00',1280,1000),

(1056,'【杭州】楊海龍全男班舞剧《姽婳-西游》','153216_n.jpg',60,'杭州大剧院(歌剧院) - 杭州',6,'330100','白亦是黑，夜亦是昼，有所视亦有所无视，行在其间，无所为亦无所不为。',0,2,'2018-01-06 00:00:00','2018-11-06 00:00:00',480,1000),

(1057,'【南通】俄罗斯托迪斯流行舞','162701_n.jpg',50,'南通更俗剧院 - 南通',6,'320600','俄罗斯托迪斯流行舞',0,3,'2018-01-06 00:00:00','2018-11-06 00:00:00',380,1000),

(1058,'【西安】俄罗斯国家明星芭蕾舞团《全明星版-天鹅湖》2018年巡演-西安站','158686_n.jpg',80,'西安索菲特人民大厦大剧院 - 西安',6,'610100','令人感动的芭蕾舞团，令人激赏的舞台背景，每位角色的细腻特质，整场表演是种难以言喻的美。',0,2,'2018-01-06 00:00:00','2018-11-06 00:00:00',880,1000),

(1059,'【南昌】乌克兰基辅芭蕾舞团芭蕾舞剧《胡桃夹子》','158824_n.jpg',80,'江西艺术中心大剧院 - 南昌',6,'360100','胡桃夹子变成了英俊的王子，他邀请克拉拉一起漫游雪的王国。幸福甜美的梦永远留在克拉拉的心中。',0,2,'2018-01-06 00:00:00','2018-11-06 00:00:00',420,1000),

(1060,'【东莞】2018-2019赛季CBA常规赛广东东莞银行主场','166028_n.jpg',100,'东风日产文体中心（东莞篮球中心） - 东莞',7,'441900','2018-2019赛季CBA常规赛广东东莞银行主场',0,2,'2018-01-06 00:00:00','2018-11-06 00:00:00',800,1000),

(1061,'【沈阳】2018-2019赛季辽宁衡润飞豹男篮常规赛单场票','165799_n.jpg',80,'辽宁体育馆(奥体中心西侧) - 沈阳',7,'210100','辽宁衡润飞豹男篮常规赛单场票',0,3,'2018-01-06 00:00:00','2018-11-06 00:00:00',880,1000),

(1062,'【太原】2018-19赛季 CBA 山西汾酒男篮赛季散票','165874_n.jpg',72,'山西体育中心体育馆 - 太原',7,'140100','山西汾酒男篮精彩赛事',0,3,'2018-01-06 00:00:00','2018-11-06 00:00:00',1198,1000),

(1063,'【上海】2018-2019赛季CBA上海哔哩哔哩篮球队常规赛主场比赛','162119_n.jpg',11.11,'上海源深体育馆 - 上海',7,'310000','上海哔哩哔哩篮球队常规赛主场',0,3,'2018-01-06 00:00:00','2018-11-06 00:00:00',380,1000),

(1064,'【上海】2018-2019中国排球超级联赛精英赛(上海嘉定光明赛区）','167427_n.jpg',40,'上海市嘉定体育新馆 - 上海',7,'310000','上海女排是一支历史悠久、战绩辉煌的球队，近几年中，上海女排也在中国排球联赛、全国女排冠军赛、锦标赛中屡获佳绩。',0,3,'2018-01-06 00:00:00','2018-11-06 00:00:00',300,1000),

(1065,'【苏州】2018-2019赛季CBA联赛苏州肯帝亚主场赛事（苏州高新区文体中心）','164163_n.jpg',50,'苏州高新区文体中心-体育馆 - 苏州',7,'320500','2018-2019赛季CBA联赛苏州肯帝亚主场赛事',0,2,'2018-01-06 00:00:00','2018-11-06 00:00:00',300,1000),

(1066,'【上海】燃之夜国际摔角秀','167637_n.jpg',108,'长江剧场 - 上海',7,'310000','每个星期天，为上海市民带来中国内地从未体验过的最嗨最燃的狂热格斗秀场。',0,3,'2018-01-06 00:00:00','2018-11-06 00:00:00',588,1000),

(1067,'【长春】2018-2019赛季吉林东北虎常规赛','166026_n.jpg',60,'长春市体育馆 - 长春',7,'220100','CBA赛季吉林东北虎常规赛精彩开始。',0,3,'2018-01-06 00:00:00','2018-11-06 00:00:00',960,1000),

(1068,'【武汉】RENO国际航空锦标赛（中国·武汉）','166356_n.jpg',160,'武汉汉南通用机场 - 武汉',7,'420100','使用封闭式赛道的飞行比赛',0,2,'2018-01-06 00:00:00','2018-11-06 00:00:00',198,1000),

(1069,'【泉州】2018年亚洲大体联足球亚洲杯总决赛','167538_n.jpg',10,'晋江体育场 - 泉州',7,'350500','亚洲大体联足球亚洲杯总决赛',0,3,'2018-01-06 00:00:00','2018-11-06 00:00:00',NULL,1000),

(1070,'【珠海】第12届中国国际航空航天博览会(珠海航展)【身份证票】','163744_n.jpg',315,'珠海市金湾区三灶镇航展馆 - 珠海',7,'440400','将于今年11月6日-11日在珠海举行。',0,3,'2018-01-06 00:00:00','2018-11-06 00:00:00',500,1000),

(1071,'【深圳】2018-2019赛季CBA深圳马可波罗篮球队常规赛主场比赛【龙岗】','164716_n.jpg',50,'深圳大运中心体育馆 - 深圳',7,'440300','揭幕战深圳队主场将迎来广州队的挑战，我的深圳，我的主场，深爱烈豹，圳等你来！',0,3,'2018-01-06 00:00:00','2018-11-06 00:00:00',880,1000),

(1072,'【北京】2018腾讯体育城市竞技场-丛林突围（大型真人实景线下“吃鸡”）','166538_n.jpg',128,'奥林匹克森林公园北园西门 - 北京',7,'110000','报名时请选择参赛时段并准时到场',0,2,'2018-01-06 00:00:00','2018-11-06 00:00:00',400,1000),

(1073,'【深圳】2018FIM花式极限摩托世界锦标赛深圳站','166930_n.jpg',280,'深圳体育场 - 深圳',7,'440300','2018年重新登陆深圳。',0,3,'2018-01-06 00:00:00','2018-11-06 00:00:00',1680,1000),

(1074,'【乌鲁木齐】2018-2019CBA常规赛新疆广汇汽车男篮主场','166062_n.jpg',60,'红山体育馆 - 乌鲁木齐',7,'650100','新疆广汇汽车男篮精彩赛事！',0,3,'2018-01-06 00:00:00','2018-11-06 00:00:00',1300,1000),

(1075,'【青岛】2018-2019赛季CBA常规赛青岛国信双星主场比赛','165478_n.jpg',100,'青岛市体育中心国信体育馆 - 青岛',7,'370200','新秀外援，同台闪耀，2018，全新期待！',0,3,'2018-01-06 00:00:00','2018-11-06 00:00:00',400,1000),

(1076,'【重庆】2018赛季重庆斯威足球队（重庆当代力帆足球俱乐部）主场单场票/套卡','141156_n.jpg',60,'重庆奥体中心 - 重庆',7,'500000','2018赛季我们也期待和大家一同，携手努力，共创重庆足球美好未来！',0,2,'2018-01-06 00:00:00','2018-11-06 00:00:00',260,1000),

(1077,'【南京】CBA2018-2019赛季南京同曦大圣主场赛事','164817_n.jpg',40,'南京江宁体育中心体育馆 - 南京',7,'320100','我的南京，我的主场！',0,3,'2018-01-06 00:00:00','2018-11-06 00:00:00',1280,1000),

(1078,'【北京】2018-2019中国男子篮球职业联赛 北京农商银行常规赛主场赛事','165434_n.jpg',50,'奥体中心体育馆 - 北京',7,'110000','2018-2019中国男子篮球职业联赛 北京北控常规赛主场赛事',0,2,'2018-01-06 00:00:00','2018-11-06 00:00:00',880,1000),

(1079,'【昆明】IMMAF中外自由搏击对抗赛走进 云南农业大学搏击之夜','166966_n.jpg',120,'云南农业大学体育馆 - 昆明',7,'530100','IMMAF中外自由搏击对抗赛走进 云南农业大学搏击之夜期待您的到来。',0,3,'2018-01-06 00:00:00','2018-11-06 00:00:00',1800,1000),

(1080,'【福州】2018年中国（福州）羽毛球公开赛','164667_n.jpg',20,'福州海峡奥林匹克体育中心综合馆 - 福州',7,'350100','2018 中国（福州）羽毛球公开赛 11 月燃情开赛！',0,3,'2018-01-06 00:00:00','2018-11-06 00:00:00',890,1000),

(1081,'【北京】2018-2019丝路超级冰球联赛','167239_n.jpg',50,'北京奥众冰上运动中心 - 北京',7,'110000','该联赛由丝路联盟职业冰球赛事是中国集体体育运动项目跨国职业联赛，也将会是世界第三大冰球联赛。',0,3,'2018-01-06 00:00:00','2018-11-06 00:00:00',280,1000),

(1082,'【成都】2018（第二届）中国铁建杯马术超级大奖赛 暨马上生活节','165983_n.jpg',1,'成都世纪城新国际会展中心 - 成都',7,'510100','星光熠熠的马术盛会，还有马上生活节！',0,2,'2018-01-06 00:00:00','2018-11-06 00:00:00',1800,1000),

(1083,'【上海】2018-2019赛季中国乒乓球俱乐部超级联赛（上海虹口赛区）','165278_n.jpg',80,'上海市虹口（精武）体育馆 - 上海',7,'310000','2018-2019赛季中国乒乓球俱乐部超级联赛（上海虹口赛区）',0,3,'2018-01-06 00:00:00','2018-11-06 00:00:00',580,1000),

(1084,'【深圳】2018-2019赛季CBA深圳马可波罗篮球队常规赛主场比赛【宝安】','164717_n.jpg',50,'深圳市宝安体育中心体育馆 - 深圳',7,'440300','2018年10月21日联赛开启，揭幕战深圳队主场将迎来广州队的挑战，我的深圳，我的主场，深爱烈豹，圳等你来！',0,3,'2018-01-06 00:00:00','2018-11-06 00:00:00',399,1000),

(1085,'【广州】2018《超新星全运会》','163607_n.jpg',180,'宝能国际体育演艺中心 - 广州',7,'440100','广州国际体育演艺中心，届时\"超新星\"们将全力以赴征战赛场，彰显新时代新青年的青春风貌。',0,3,'2018-01-06 00:00:00','2018-11-06 00:00:00',1280,1000),

(1086,'【上海】2018喜盈门国际标准舞世界公开赛','165629_n.jpg',50,'上海跨国采购会展中心 - 上海',7,'310000','2018喜盈门国际标准舞世界公开赛',0,2,'2018-01-06 00:00:00','2018-11-06 00:00:00',400,1000),

(1087,'【常州】2018-2019赛季WCBA联赛江苏女篮溧阳主场赛事','167212_n.jpg',50,'溧阳市奥体国际花园体育馆 - 常州',7,'320400','WCBA（中国女子篮球联赛）是中国篮球协会的三大联赛（CBA、WCBA、NBL）之一，是由中国篮球协会所主办的跨年度主客场制篮球联赛。',0,3,'2018-01-06 00:00:00','2018-11-06 00:00:00',800,1000),

(1088,'【巴中】巴中首届“生态农业杯”2018中国CBA未来之星 男子篮球邀请赛','167242_n.jpg',50,'南江县体育馆 - 巴中',7,'511900','巴中首届“生态农业杯”2018中国CBA未来之星 男子篮球邀请赛期待您的鉴赏。',0,3,'2018-01-06 00:00:00','2018-11-06 00:00:00',100,1000),

(1089,'【北京】2018赛季中国足球协会超级联赛 北京人和主场赛事','141331_n.jpg',11.11,'丰台体育中心 - 北京',7,'110000','橙丰破浪，人和至上！',0,3,'2018-01-06 00:00:00','2018-11-06 00:00:00',80,1000),

(1090,'【北京】2018 UFC 格斗之夜：北京','158083_n.jpg',211,'凯迪拉克中心 - 北京',7,'110000','2018年11月24日，UFC 格斗之夜与您相约北京凯迪拉克中心。',0,3,'2018-01-06 00:00:00','2018-11-06 00:00:00',16880,1000),

(1091,'【济南】2018赛季中超联赛山东鲁能主场赛事（单场票）','144529_n.jpg',60,'济南奥体中心体育场 - 济南',7,'370100','山东鲁能泰山足球俱乐部，简称鲁能队或者泰山队，是一支位于山东省济南市的足球队。',0,3,'2018-01-06 00:00:00','2018-11-06 00:00:00',100,1000),

(1092,'【重庆】公益赠课︱全市青少年免费领取4节体育课程','162396_n.jpg',0,'大麦重庆站 - 重庆',7,'500000','公益赠课来啦！',0,4,'2018-01-06 00:00:00','2018-11-06 00:00:00',NULL,1000),

(1093,'【郑州】2018中超联赛-河南建业主场散票','143437_n.jpg',50,'郑州市航海体育场—足球场 - 郑州',7,'410100','河南建业足球俱乐部成立于1994年8月，是中国最早成立的职业足球俱乐部之一。',0,3,'2018-01-06 00:00:00','2018-11-06 00:00:00',300,1000),

(1094,'【天津】2018-2019赛季CBA常规赛天津荣钢主场','165259_n.jpg',30,'天津市东丽体育中心 - 天津',7,'120000','CBA常规赛天津荣钢主场精彩开始。',0,3,'2018-01-06 00:00:00','2018-11-06 00:00:00',260,1000),

(1095,'【天津】2018-2019赛季中国乒乓球俱乐部超级联赛 天津权健主场','163956_n.jpg',88,'天津财经大学综合体育馆 - 天津',7,'120000','中国乒乓球俱乐部超级联赛 天津权健主场',0,2,'2018-01-06 00:00:00','2018-11-06 00:00:00',268,1000),

(1096,'【深圳】2018-2019赛季中国乒乓球俱乐部超级联赛（深圳宝安赛区）','164835_n.jpg',100,'深圳市宝安体育中心体育馆 - 深圳',7,'440300','竞技水平的选手、高水平选手同场竞技，将给观众带来精彩万分的视觉享受。',0,3,'2018-01-06 00:00:00','2018-11-06 00:00:00',680,1000),

(1097,'【长春】2018赛季中国足球协会超级联赛长春亚泰主场赛事-单场票','144747_n.jpg',11.1,'长春体育中心体育场（南岭体育场） - 长春',7,'220100','2018赛季中国足球协会超级联赛长春亚泰主场赛事-单场票',0,3,'2018-01-06 00:00:00','2018-11-06 00:00:00',150,1000),

(1098,'【太原】WCBA 2018-2019 赛季 山西烈焰竹叶青女篮','165880_n.jpg',50,'山西体育中心体育馆 - 太原',7,'140100','山西兴瑞女篮自组建以来，为省城球迷和全省人民奉献了一场又一场的精彩赛事',0,3,'2018-01-06 00:00:00','2018-11-06 00:00:00',1280,1000),

(1099,'【贵阳】2018中国足球协会超级联赛 贵州恒丰主场 单场票','143763_n.jpg',50,'金阳奥体中心 - 贵阳',7,'520100','2017年对贵州恒丰来说，是值得铭记、回味的一年！',0,2,'2018-01-06 00:00:00','2018-11-06 00:00:00',8888,1000),

(1100,'【上海】天行达阵青少年美式橄榄球运动体验课','143112_n.jpg',38,'卢湾体育馆 - 上海',7,'310000','体能与脑力的巅峰运动，坚强、勇敢、团队，天行达阵致力于3-12周岁青少年橄榄球的教育与培训。',0,3,'2018-01-06 00:00:00','2018-11-06 00:00:00',NULL,1000),

(1101,'【深圳】2018-2019赛季中国乒乓球俱乐部超级联赛深圳大学俱乐部+深圳大学赛区','165013_n.jpg',30,'深圳大学元平体育馆 - 深圳',7,'440300','多名实力球员组成的强力阵容，全力征战全国顶 级职业联赛。',0,1,'2018-01-06 00:00:00','2018-11-06 00:00:00',60,1000),

(1102,'【成都】2018香港赛马会杯中国速度赛马大奖赛 暨蓝剑冰川时代第八届中国马术节','165852_n.jpg',198,'成都金马国际体育城马术公园 - 成都',7,'510100','星光熠熠的马术盛会，与音乐同玩！',0,3,'2018-01-06 00:00:00','2018-11-06 00:00:00',298,1000),

(1103,'【铜陵】昆仑决世界极限格斗大赛.精英赛','167517_n.jpg',180,'铜陵市昆仑决-决胜密码赛秀场馆 - 铜陵',7,'340700','格斗！热血！酷炫！肌肉！美女……，昆仑决世界极限格斗大赛，统统都满足你！',0,2,'2018-01-06 00:00:00','2018-11-06 00:00:00',NULL,1000),

(1104,'【南宁】第三届中国—东盟城市足球邀请赛','166762_n.jpg',20,'南宁市体育场 - 南宁',7,'450100','参加本次赛事的球队分别有来自柬埔寨陆军足球俱乐部、缅甸罕大瓦帝足球俱乐部、泰国警察特罗足球俱乐部、越南广宁煤炭足球俱乐部。',0,3,'2018-01-06 00:00:00','2018-11-06 00:00:00',50,1000),

(1105,'【上海】2018中国武术散打俱乐部超级联赛 第四场八强赛','166638_n.jpg',180,'上海仙霞网球馆 - 上海',7,'310000','散打“中超”来了！“大内高手”8强争鼎！',0,2,'2018-01-06 00:00:00','2018-11-06 00:00:00',1880,1000),

(1106,'【天津】2018-2019赛季WCBA联赛天津冠岚女篮 主场赛区','166224_n.jpg',20,'葛沽体育馆 - 天津',7,'120000','WCBA中国女子篮球甲级联赛精彩开始。',0,2,'2018-01-06 00:00:00','2018-11-06 00:00:00',NULL,1000),

(1107,'【天津】2018-2019赛季CBA常规赛天津荣钢主场（套票）','164925_n.jpg',999,'天津市东丽体育中心 - 天津',7,'120000','新赛季，天津荣钢男篮将全力以赴、团结一致、再创佳绩。​',0,3,'2018-01-06 00:00:00','2018-11-06 00:00:00',3680,1000),

(1108,'【成都】轻团建-射庐射箭生活馆 万箭齐发/炫酷飞镖','166627_n.jpg',9.9,'射庐射箭生活馆 - 成都',7,'510100','挽弓当挽强，用箭当用长！',0,2,'2018-01-06 00:00:00','2018-11-06 00:00:00',1288,1000),

(1109,'【成都】双11拳成钜惠 一拳馆 11日拳卡/月卡+私教体验','166037_n.jpg',11,'一拳馆（星月里店） - 成都',7,'510100','一拳馆 11日拳卡/月卡+私教体验期待您的到来。',0,3,'2018-01-06 00:00:00','2018-11-06 00:00:00',111,1000),

(1110,'【天津】2018-2019赛季中国乒乓球俱乐部超级联赛 天津权健主场（套票）','164128_n.jpg',1800,'天津财经大学综合体育馆 - 天津',7,'120000','天津权健主场[套票]',0,2,'2018-01-06 00:00:00','2018-11-06 00:00:00',2080,1000),

(1111,'【成都】2018以纯金伯乐国际马术大奖赛-豪威站','165698_n.jpg',290,'中国现代五项赛事中心 - 成都',7,'510100','马术赛事已经成为成都这座城市靓丽的名片，对于推动马术运动的发展起到了积极作用。',0,3,'2018-01-06 00:00:00','2018-11-06 00:00:00',640,1000),

(1112,'【衡水】WCBA中国女子篮球甲级联赛河北省英励 主场赛区','165727_n.jpg',40,'衡水市体育馆 - 衡水',7,'131100','WCBA中国女子篮球甲级联赛河北省英励 主场赛区精彩开赛!!',0,3,'2018-01-06 00:00:00','2018-11-06 00:00:00',260,1000),

(1113,'【成都】疯狂熊猫 45分钟高效健身套餐','166007_n.jpg',19.9,'成都339AB座 - 成都',7,'510100','燃烧550卡路里，给你高效体验！',0,3,'2018-01-06 00:00:00','2018-11-06 00:00:00',279,1000),

(1114,'【青岛】2018-2019赛季CBA青岛国信双星篮球队常规赛主场比赛年卡','165095_n.jpg',999,'青岛市体育中心国信体育馆 - 青岛',7,'370200','新秀外援，同台闪耀，2018，全新期待！',0,2,'2018-01-06 00:00:00','2018-11-06 00:00:00',3900,1000),

(1115,'【大连】2018中国足球协会超级联赛大连一方主场赛事（单场票）','144809_n.jpg',60,'大连体育中心体育场 - 大连',7,'210200','大连足球时隔三年重回顶 级联赛，我就喜欢大连赢！',0,3,'2018-01-06 00:00:00','2018-11-06 00:00:00',80,1000),

(1116,'【成都】卡丁熊猫卡丁车','150613_n.jpg',9.9,'卡丁熊猫卡丁车俱乐部 - 成都',7,'510100','卡丁熊猫卡丁车期待您来体验！',0,3,'2018-01-06 00:00:00','2018-11-06 00:00:00',238,1000),

(1117,'【北京】嘉禾舞社街舞','144606_n.jpg',100,'嘉禾舞社-国贸店 - 北京',7,'110000','欢迎你加入嘉禾舞社的舞蹈课堂，享受街舞带来的乐趣！',0,3,'2018-01-06 00:00:00','2018-11-06 00:00:00',13988,1000),

(1118,'【天津】天津蹦客地带蹦床主题运动馆','140946_n.jpg',158,'九策城市广场北门2楼 - 天津',7,'120000','生日聚会、休闲娱乐、团队建设、家庭聚会的最 佳选择。',0,3,'2018-01-06 00:00:00','2018-11-06 00:00:00',238,1000),

(1119,'【北京】亲子马术体验课','127535_n.jpg',328,'朝阳区东坝蓝调庄园 - 北京',7,'110000','这是一项有利于孩子健康成长、懂得马术文化的体验。',0,2,'2018-01-06 00:00:00','2018-11-06 00:00:00',NULL,1000),

(1120,'【重庆】炫影空间-卡丁车俱乐部','158377_n.jpg',128,'重庆大坪龙湖时代天街D馆 - 重庆',7,'500000','炫影空间是专注于高端卡丁车及配套服务的时尚运动品牌!',0,3,'2018-01-06 00:00:00','2018-11-06 00:00:00',NULL,1000),

(1121,'【北京】格斗情搏击培训','158192_n.jpg',66,'格斗情俱乐部 - 北京',7,'110000','在锻炼身体素质的同时，还能掌握科学细腻的实战技术',0,2,'2018-01-06 00:00:00','2018-11-06 00:00:00',20000,1000),

(1122,'【无锡】2018年全国空手道锦标系列赛总决赛','163003_n.jpg',50,'无锡太湖国际博览中心 - 无锡',7,'320200','各路高手齐聚锡城，共同为赢得胜利，踏上勇夺空手道全国冠军之路！',0,3,'2018-01-06 00:00:00','2018-11-06 00:00:00',NULL,1000),

(1123,'【上海】全呈体育篮球培训（凯德七宝洛克公园校区）','160592_n.jpg',9.9,'全呈体育凯德七宝洛克公园校区 - 上海',7,'310000','全呈体育篮球培训（凯德七宝洛克公园校区）',0,3,'2018-01-06 00:00:00','2018-11-06 00:00:00',9800,1000),

(1124,'【南宁】邕穆剑道','153406_n.jpg',9.9,'邕穆剑道馆 - 南宁',7,'450100','邕穆剑道',0,2,'2018-01-06 00:00:00','2018-11-06 00:00:00',1800,1000),

(1125,'【成都】一拳馆少儿拳击/私教体验·星月里店','154818_n.jpg',7000,'一拳馆（星月里店） - 成都',7,'510100','快乐生活，健康运动。',0,2,'2018-01-06 00:00:00','2018-11-06 00:00:00',8800,1000),

(1126,'【成都】CMD舞蹈空间街舞体验课 成人/少儿','146323_n.jpg',100,'CMD舞蹈空间 - 成都',7,'510100','现在，体验学院级街舞教学的机会——CMD舞蹈空间街舞体验卡来袭！',0,3,'2018-01-06 00:00:00','2018-11-06 00:00:00',269,1000),

(1127,'【成都】一拳馆白领拳击/私教体验·星月里店','154760_n.jpg',2568,'一拳馆（星月里店） - 成都',7,'510100','让大家了解拳击这项优雅，阳光，勇敢以及智慧的运动。',0,2,'2018-01-06 00:00:00','2018-11-06 00:00:00',7000,1000),

(1128,'【南宁】佼佼者击剑馆·击剑培训课程','153466_n.jpg',79,'广西佼佼者击剑馆 - 南宁',7,'450100','此次比赛是广西第一个官方举办的中小学生击剑公开赛。',0,2,'2018-01-06 00:00:00','2018-11-06 00:00:00',3800,1000),

(1129,'【南宁】邕穆弓道','153410_n.jpg',60,'邕穆剑道馆 - 南宁',7,'450100','邕穆弓道',0,2,'2018-01-06 00:00:00','2018-11-06 00:00:00',3600,1000),

(1130,'【重庆】巴山虎俱乐部攀岩单次/单日体验','141230_n.jpg',19.9,'巴山虎攀岩俱乐部 - 重庆',7,'500000','重庆巴山虎攀岩俱乐部有限公司成立于2015年7月，场馆总面积500多平方米。',0,2,'2018-01-06 00:00:00','2018-11-06 00:00:00',80,1000),

(1131,'【成都】一拳馆专业拳击/职业体验·星月里店','155371_n.jpg',800,'一拳馆（星月里店） - 成都',7,'510100','一拳馆专业拳击/职业体验•星月里店期待您的参与。',0,3,'2018-01-06 00:00:00','2018-11-06 00:00:00',3880,1000),

(1132,'【上海】全呈体育篮球培训（世博黄浦体育园）','158549_n.jpg',9.9,'世博黄浦体育园 - 上海',7,'310000','更多的进阶训练，帮助孩子掌握更多复杂的技术动作，成熟的技术动作让孩子在比赛中更为游刃有余。',0,2,'2018-01-06 00:00:00','2018-11-06 00:00:00',9800,1000),

(1133,'【上海】全呈体育篮球培训（西乡洛克）','158555_n.jpg',9.9,'西乡洛克 - 上海',7,'310000','更多的进阶训练，帮助孩子掌握更多复杂的技术动作，成熟的技术动作让孩子在比赛中更为游刃有余。',0,2,'2018-01-06 00:00:00','2018-11-06 00:00:00',9800,1000),

(1134,'【上海】全呈体育篮球培训（徐汇斯波特）','158563_n.jpg',9.9,'徐汇斯波特 - 上海',7,'310000','更多的进阶训练，帮助孩子掌握更多复杂的技术动作，成熟的技术动作让孩子在比赛中更为游刃有余',0,2,'2018-01-06 00:00:00','2018-11-06 00:00:00',9800,1000),

(1135,'【杭州】2018第14届FINA世界游泳锦标赛（25米）-杭州','O1CN012GdS6X8LOHKtypa_!!0-item_pic.jpg',50,'杭州奥体博览城体育中心三号馆网球中心 - 杭州',7,'330100','',0,2,'2018-01-06 00:00:00','2018-11-06 00:00:00',1200,1000),

(1136,'【杭州】2018-2019赛季CBA-浙江稠州银行队常规赛主场赛事-杭州','O1CN012GdS72A0dBMHwuA_!!0-item_pic.jpg',60,'滨江体育馆 - 杭州',7,'330100','',0,2,'2018-01-06 00:00:00','2018-11-06 00:00:00',300,1000),

(1137,'【绍兴】“大麦送你去现场”2018-2019赛季CBA广厦球迷大巴车-绍兴','O1CN012GdS6uyyFfPFQxd_!!0-item_pic.jpg',0,'浙江农林大学暨阳学院体育馆 - 绍兴',7,'330600','',0,3,'2018-01-06 00:00:00','2018-11-06 00:00:00',NULL,1000),

(1138,'【绍兴】2018-2019赛季CBA—浙江广厦男篮常规赛主场比赛-绍兴','O1CN012GdS6qhuDuH3lpL_!!0-item_pic.jpg',60,'浙江农林大学暨阳学院体育馆 - 绍兴',7,'330600','',0,3,'2018-01-06 00:00:00','2018-11-06 00:00:00',580,1000),

(1139,'【广州】Hello Kitty Run CHINA 2018 广州站','166718_n.jpg',100,'广州国际媒体港 - 广州',7,'440100','12月1日，一大波粉色Hello Kitty将会逼近',0,3,'2018-01-06 00:00:00','2018-11-06 00:00:00',328,1000),

(1140,'【南京】2018中超联赛第30轮 江苏苏宁易购 VS 河南建业','167714_n.jpg',111,'南京奥体中心体育场 - 南京',7,'320100','2018中超联赛第30轮 江苏苏宁易购 VS 河南建业',0,3,'2018-01-06 00:00:00','2018-11-06 00:00:00',NULL,1000),

(1141,'【太原】2018-19赛季 CBA 山西汾酒男篮主场赛季年卡','165490_n.jpg',2760,'山西体育中心体育馆 - 太原',7,'140100','2018-2019新赛季，山西队不仅要重新冲击季后赛行列，显然还有着更大的期待和抱负。',0,3,'2018-01-06 00:00:00','2018-11-06 00:00:00',18354,1000),

(1142,'【杭州】14th FINA WORLD SWIMMING CHAMPIONSHIPS\n                                (25m) 2018','165277_n.jpg',50,'杭州奥体博览城体育中心三号馆网球中心 - 杭州',7,'330100','2018年第14届FINA世界游泳锦标赛（25米）',0,3,'2018-01-06 00:00:00','2018-11-06 00:00:00',1200,1000),

(1143,'【重庆】2018重庆摇滚马拉松赛','162602_n.jpg',120,'西永广场 - 重庆',7,'500000','“欢乐尽情释放，重庆摇滚马拉松！”',0,3,'2018-01-06 00:00:00','2018-11-06 00:00:00',200,1000),

(1144,'【广州】2018年The Color Run 广州站（上午场）','163758_n.jpg',228,'广州市越秀区二沙岛体育公园 - 广州',7,'440100','本场活动仅在大麦App及M站销售，请您提前下载大麦App，感谢您的支持!',0,2,'2018-01-06 00:00:00','2018-11-06 00:00:00',NULL,1000),

(1145,'【上海】全呈体育篮球培训（徐汇西岸洛克）','158564_n.jpg',9.9,'徐汇西岸洛克 - 上海',7,'310000','更多的进阶训练，帮助孩子掌握更多复杂的技术动作，成熟的技术动作让孩子在比赛中更为游刃有余。',0,3,'2018-01-06 00:00:00','2018-11-06 00:00:00',9800,1000),

(1146,'【南昌】2018-2019赛季CBA常规赛八一南昌红谷滩主场比赛','165821_n.jpg',60,'南昌国际体育中心体育馆 - 南昌',7,'360100','八一男篮将阔别扎根了20年的浙江宁波，将主场迁往江西南昌。',0,3,'2018-01-06 00:00:00','2018-11-06 00:00:00',380,1000),

(1147,'【杭州】2018亚瑟士酷萌跑杭州站','166728_n.jpg',128,'杭州玉皇山公园 - 杭州',7,'330100','2018亚瑟士酷萌跑杭州站',0,3,'2018-01-06 00:00:00','2018-11-06 00:00:00',468,1000),

(1148,'【南昌】2018-2019赛季CBA常规赛八一南昌红谷滩常规赛主场比赛（年卡套票）','165848_n.jpg',1200,'南昌国际体育中心体育馆 - 南昌',7,'360100','八一男篮将阔别扎根了20年的浙江宁波，将主场迁往江西南昌。',0,3,'2018-01-06 00:00:00','2018-11-06 00:00:00',2800,1000),

(1149,'【济南】亚洲羽毛球精英巡回赛·济南团体锦标赛','167256_n.jpg',80,'皇亭体育馆 - 济南',7,'370100','赛事以\"健康中国、羽动亚洲\"为办赛理念。',0,3,'2018-01-06 00:00:00','2018-11-06 00:00:00',100,1000),

(1150,'【上海】交大寻宝','167574_n.jpg',65,'交通大学(徐汇校区) - 上海',7,'310000','带你走进交大校园，感受交大人文艺术气息！',0,3,'2018-01-06 00:00:00','2018-11-06 00:00:00',NULL,1000),

(1151,'【南昌】2018-2019赛季WCBA联赛八一南昌红谷滩主场赛事','166003_n.jpg',30,'南昌国际体育中心体育馆 - 南昌',7,'360100','本赛季八一女篮与沈部女篮进行了合并在著名教练展淑萍的率领下争创佳绩。',0,3,'2018-01-06 00:00:00','2018-11-06 00:00:00',80,1000),

(1152,'【重庆】2018重庆亲子迷你马拉松','167418_n.jpg',168,'照母山森林公园 - 重庆',7,'500000','2018重庆亲子迷你马拉松期待您的到来。',0,3,'2018-01-06 00:00:00','2018-11-06 00:00:00',NULL,1000),

(1153,'【广州】2018年The Color Run 广州站（下午场）','165942_n.jpg',228,'广州市越秀区二沙岛体育公园 - 广州',7,'440100','The Color Run ，被誉为\"地球上最快乐5公里\"，旨在宣传健康、快乐、大众参与的跑步。',0,4,'2018-01-06 00:00:00','2018-11-06 00:00:00',NULL,1000),

(1154,'【西安】2018中国足球协会乙级联赛 陕西大秦之水主场赛事（散票）','147161_n.jpg',15,'陕西省体育场 - 西安',7,'610100','2018赛季我们也期待和大家一同，携手努力，共创陕西足球美好未来！',0,3,'2018-01-06 00:00:00','2018-11-06 00:00:00',50,1000),

(1155,'【北京】2018-2019赛季WCBA联赛北京首钢主场赛事','165388_n.jpg',50,'北京首钢篮球中心 - 北京',7,'110000','2018-2019赛季WCBA联赛北京首钢主场赛事',0,3,'2018-01-06 00:00:00','2018-11-06 00:00:00',NULL,1000),

(1156,'【武汉】2018-2019中国乒乓球俱乐部超级联赛武汉主场比赛','165703_n.jpg',60,'黄陂体育馆 - 武汉',7,'420100','安心百分百在乒超联赛中连克强敌，两度夺得乒超联赛女团总冠军。',0,3,'2018-01-06 00:00:00','2018-11-06 00:00:00',120,1000),

(1157,'【惠州】金融街2018巽寮湾滨海半程马拉松','165233_n.jpg',50,'惠州金融街 海世界体验中心 - 惠州',7,'441300','半程马拉松',0,3,'2018-01-06 00:00:00','2018-11-06 00:00:00',100,1000),

(1158,'【深圳】2018赛季中国足球协会甲级联赛及足协杯深圳佳兆业主场赛季套票','143411_n.jpg',140,'深圳体育场 - 深圳',7,'440300','套票可观看深圳佳兆业队参与的2018赛季中国足球甲级联赛及中国足球协会杯赛的全部主场赛事',0,2,'2018-01-06 00:00:00','2018-11-06 00:00:00',NULL,1000),

(1159,'【东莞】2018-2019赛季CBA常规赛广东东莞银行主场常规赛套票预定','163638_n.jpg',2040,'东风日产文体中心（东莞篮球中心） - 东莞',7,'441900','这个赛季，广东东莞银行动作不断，阵容明显升级',0,3,'2018-01-06 00:00:00','2018-11-06 00:00:00',11840,1000),

(1160,'【安阳】2018-2019中国乒乓球俱乐部超级联赛-九安合作-宝舜赛区','165819_n.jpg',60,'安阳市体育馆 - 安阳',7,'410500','中国乒超联赛',0,2,'2018-01-06 00:00:00','2018-11-06 00:00:00',280,1000),

(1161,'【上海】2018 NCAA常规赛暨Pac-12联盟中国赛','162368_n.jpg',100,'上海宝山体育馆 - 上海',7,'310000','今年帕克十二联盟中国赛对抗双方为: 本联盟的加州大学伯克利分校 & 常春藤联盟的耶鲁大学',0,2,'2018-01-06 00:00:00','2018-11-06 00:00:00',780,1000),

(1162,'【成都】2018金温江半程马拉松赛','163332_n.jpg',120,'南熏大道 - 成都',7,'510100','2018金温江半程马拉松赛',0,2,'2018-01-06 00:00:00','2018-11-06 00:00:00',150,1000),

(1163,'【海口】2018赛季中乙联赛 - 海南博盈足球俱乐部主场赛事年卡','145046_n.jpg',380,'海南体育职业技术学院体育场 - 海口',7,'460100','球队引进了一批中超、中甲预备队的职业球员',0,2,'2018-01-06 00:00:00','2018-11-06 00:00:00',NULL,1000),

(1164,'【绍兴】2018赛季浙江毅腾足球俱乐部全年套票（年卡）','143896_n.jpg',400,'绍兴柯桥中国轻纺城体育中心(体育场) - 绍兴',7,'330600','2018赛季浙江毅腾足球俱乐部俱乐部全年套票（年卡）',0,3,'2018-01-06 00:00:00','2018-11-06 00:00:00',NULL,1000),

(1165,'【上海】2018上海崇明摇滚马拉松赛','161909_n.jpg',150,'上海外国语大学贤达经济人文学院 - 上海',7,'310000','欢乐尽情释放，上海摇滚马拉松',0,3,'2018-01-06 00:00:00','2018-11-06 00:00:00',300,1000),

(1166,'【乐山】2018乐山国际半程马拉松赛','164587_n.jpg',60,'乐沙城际生态大道 - 乐山',7,'511100','“乐山乐水，用脚步丈量赛道！”',0,3,'2018-01-06 00:00:00','2018-11-06 00:00:00',200,1000),

(1167,'【重庆】酷爽夏日套餐-2018重庆斯威主场票+为重庆而战纪念版啤酒','147704_n.jpg',99.9,'重庆奥体中心 - 重庆',7,'500000','购买套餐除重庆斯威主场单场门票外还可获赠\"为重庆而战\"限量版纪念啤酒6听',0,3,'2018-01-06 00:00:00','2018-11-06 00:00:00',119.9,1000),

(1168,'【金华】2018义乌国际半程马拉松','160439_n.jpg',50,'义乌梅湖体育中心(体育场) - 金华',7,'330700','义乌国际半程马拉松',0,3,'2018-01-06 00:00:00','2018-11-06 00:00:00',60,1000),

(1169,'【咸宁】2018咸宁国际温泉马拉松','160996_n.jpg',50,'咸宁大道人民广场 - 咸宁',7,'421200','马拉松精彩赛事',0,3,'2018-01-06 00:00:00','2018-11-06 00:00:00',150,1000),

(1170,'【天津】2018中国平安中国足球协会超级联赛天津权健主场赛事','136370_n.jpg',60,'天津海河教育园区体育场 - 天津',7,'120000','天津权健足球俱乐部隶属于权健集团，是一家致力于实现\"中国足球梦\"，打造\"健康足球梦\"的中国职业足球俱乐部。',0,3,'2018-01-06 00:00:00','2018-11-06 00:00:00',150,1000),

(1171,'【铜陵】昆仑决·决胜密码赛秀','162329_n.jpg',388,'铜陵市昆仑决-决胜密码赛秀场馆 - 铜陵',7,'340700','昆仑决《决胜密码》驻场赛秀是昆仑决新体育产业探索商体文旅宣五位一体模式的新型业态。',0,3,'2018-01-06 00:00:00','2018-11-06 00:00:00',NULL,1000),

(1172,'【北京】Twins \"LOL\"演唱会主题1比6精雕迷你人偶-LOL服装版','138746_n.jpg',999,'MAI商城 - 北京',8,'110000','祗为给喜爱Twins的粉丝呈现最完美的纪念艺术品！',0,3,'2018-01-06 00:00:00','2018-11-06 00:00:00',2332,1000),

(1173,'【北京】TWINS LOL 演唱会主题纪念无 缝铝杯','143501_n.jpg',80,'MAI商城 - 北京',8,'110000','无缝拼接铝材质',0,3,'2018-01-06 00:00:00','2018-11-06 00:00:00',120,1000),

(1174,'【北京】Twins \"LOL\"演唱会主题1比6精雕迷你人偶-LOL服装版','138746_n.jpg',999,'MAI商城 - 北京',8,'110000','祗为给喜爱Twins的粉丝呈现最完美的纪念艺术品！',0,3,'2018-01-06 00:00:00','2018-11-06 00:00:00',2332,1000),

(1175,'【北京】TWINS LOL 演唱会主题纪念无 缝铝杯','143501_n.jpg',80,'MAI商城 - 北京',8,'110000','无缝拼接铝材质',0,3,'2018-01-06 00:00:00','2018-11-06 00:00:00',120,1000),

(1176,'【北京】Twins \"LOL\"演唱会主题1比6精雕迷你人偶-LOL服装版','138746_n.jpg',999,'MAI商城 - 北京',8,'110000','祗为给喜爱Twins的粉丝呈现最完美的纪念艺术品！',0,3,'2018-01-06 00:00:00','2018-11-06 00:00:00',2332,1000),

(1177,'【北京】TWINS LOL 演唱会主题纪念无 缝铝杯','143501_n.jpg',80,'MAI商城 - 北京',8,'110000','无缝拼接铝材质',0,3,'2018-01-06 00:00:00','2018-11-06 00:00:00',120,1000),

(1178,'【北京】Twins \"LOL\"演唱会主题1比6精雕迷你人偶-LOL服装版','138746_n.jpg',999,'MAI商城 - 北京',8,'110000','祗为给喜爱Twins的粉丝呈现最完美的纪念艺术品！',0,3,'2018-01-06 00:00:00','2018-11-06 00:00:00',2332,1000),

(1179,'【北京】TWINS LOL 演唱会主题纪念无 缝铝杯','143501_n.jpg',80,'MAI商城 - 北京',8,'110000','无缝拼接铝材质',0,3,'2018-01-06 00:00:00','2018-11-06 00:00:00',120,1000),

(1180,'【深圳】遇见龙猫---宫崎骏 久石让多媒体视听音乐会','167336_n.jpg',100,'深圳市少年宫剧场 - 深圳',9,'440300','香港弦乐团倾情演奏，知名音乐家郑一成担任音乐总监。',0,3,'2018-01-06 00:00:00','2018-11-06 00:00:00',200,1000),

(1181,'【北京】北京文化艺术基金2018年度资助项目 英国动漫舞台剧《小羊肖恩》（12月）','167428_n.jpg',80,'中国木偶剧院-大剧场 - 北京',9,'110000','剧中主角小羊肖恩总是充满爱心，机灵勇敢，贯穿始终的英式幽默，会让观众看的捧腹大笑。',0,3,'2018-01-06 00:00:00','2018-11-06 00:00:00',780,1000),

(1182,'【珠海】第12届中国国际航空航天博览会(珠海航展)【身份证票】','163744_n.jpg',315,'珠海市金湾区三灶镇航展馆 - 珠海',9,'440400','将于今年11月6日-11日在珠海举行。',0,3,'2018-01-06 00:00:00','2018-11-06 00:00:00',500,1000),

(1183,'【北京】“千与千寻”久石让•宫崎骏动漫视听作品音乐会','166574_n.jpg',99,'隆福剧场 - 北京',9,'110000','伴随着一幅幅精彩而熟悉的电影画面，耳边传来一首首温馨浪漫的旋律',0,2,'2018-01-06 00:00:00','2018-11-06 00:00:00',540,1000),

(1184,'【北京】大型经典梦幻儿童剧《白雪公主》','166187_n.jpg',69,'海淀工人文化宫 - 北京',9,'110000','把你带回无忧无虑的童年快乐时光，走进梦幻迷离的亲子童话王国，众多孩子相聚，释放童真，感受亲情，给您和孩子留下永久回忆。',0,2,'2018-01-06 00:00:00','2018-11-06 00:00:00',79,1000),

(1185,'【成都】荷苗小剧场经典绘本童话剧系列 《海的女儿》','167181_n.jpg',80,'东郊记忆·荷苗小剧场（成华小礼堂） - 成都',9,'510100','改编自丹麦童话大师安徒生作品！',0,3,'2018-01-06 00:00:00','2018-11-06 00:00:00',200,1000),

(1186,'【上海】百老汇经典音乐剧《美女与野兽》中文版','152193_n.jpg',135,'华特迪士尼大剧院 - 上海',9,'310000','走进华特迪士尼大剧院，当场灯渐暗，一场“现在时”的浪漫爱情正在发生，和美女与野兽一起开启这段发现爱、自我和内在美的旅程吧!',0,3,'2018-01-06 00:00:00','2018-11-06 00:00:00',590,1000),

(1187,'【东莞】《龙的传人》','167679_n.jpg',0,'东城儿童剧场 - 东莞',9,'441900','儿歌化、韵律化的语言风格，在潜移默化中感受到中华语言的魅力。',0,3,'2018-01-06 00:00:00','2018-11-06 00:00:00',NULL,1000),

(1188,'【呼和浩特】“天空之城”—久石让 宫崎骏动漫经典音乐作品演奏会','167469_n.jpg',80,'乌兰恰特大剧院 - 呼和浩特',9,'150100','经典旋律全新演绎，音乐启蒙选择',0,3,'2018-01-06 00:00:00','2018-11-06 00:00:00',380,1000),

(1189,'【北京】“北京剧院2018戏剧节”儿童剧《海底小纵队4：极地大探险》','166641_n.jpg',80,'北京剧院 - 北京',9,'110000','美轮美奂的雪景，巨大逼真的冰川，强烈的冰天雪地场景扑面而来。',0,3,'2018-01-06 00:00:00','2018-11-06 00:00:00',1000,1000),

(1190,'【上海】上海·儿戏·双11亲子卡','167219_n.jpg',399,'Cosmo云峰剧院 - 上海',9,'310000','上海·儿戏·双11亲子卡',0,3,'2018-01-06 00:00:00','2018-11-06 00:00:00',NULL,1000),

(1191,'【天津】宝艺文化-英国正版授权大型互动式多媒体实景儿童舞台剧《海底小纵队之惊涛骇浪》','167289_n.jpg',40,'东丽大礼堂 - 天津',9,'120000','传说在广阔的东海里有一座神秘的宫殿，那里就是东海龙宫！',0,3,'2018-01-06 00:00:00','2018-11-06 00:00:00',420,1000),

(1192,'【海口】3D多媒体亲子音乐剧《绿野仙踪之奥兹国大冒险》','166915_n.jpg',180,'海口华人国际剧院 - 海口',9,'460100','想要去重温电影、动画片抑或木偶剧了吧',0,3,'2018-01-06 00:00:00','2018-11-06 00:00:00',320,1000),

(1193,'【上海】《四月是你的谎言》 ——“公生”与“薰”的钢琴小提琴唯美经典音乐集','167410_n.jpg',80,'东方艺术中心-音乐厅 - 上海',9,'310000','此生无悔入四月，来世愿做友人A',0,3,'2018-01-06 00:00:00','2018-11-06 00:00:00',680,1000),

(1194,'【呼和浩特】《宫崎骏·久石让动漫作品视听音乐会》','167472_n.jpg',126,'乌兰恰特大剧院 - 呼和浩特',9,'150100','动漫音乐史上的不朽传奇',0,3,'2018-01-06 00:00:00','2018-11-06 00:00:00',266,1000),

(1195,'【北京】动画奇幻夜—第二届儿童新春音乐会','167477_n.jpg',100,'北京音乐厅 - 北京',9,'110000','春节前夕，在动画的海洋中共同迎接春节的到来',0,3,'2018-01-06 00:00:00','2018-11-06 00:00:00',406,1000),

(1196,'【成都】荷苗小剧场儿童安全系列剧 农场来了陌生人','167164_n.jpg',60,'咔卡剧场 - 成都',9,'510100','荷苗第一部“安全教育”主题剧——“防拐卖”，培养孩子自我保护意识。',0,3,'2018-01-06 00:00:00','2018-11-06 00:00:00',260,1000),

(1197,'【北京】大型奇趣探索舞台剧《十万个为什么》','167441_n.jpg',100,'北京展览馆剧场 - 北京',9,'110000','在耳边呼吸的古代生物更有\"1:1\"尺寸打造的巨型\"活体\"恐龙超现实的临场体验惊艳你的眼睛耳朵',0,3,'2018-01-06 00:00:00','2018-11-06 00:00:00',380,1000),

(1198,'【贵阳】寻梦亲子音乐剧《Flight School\n                                飞行学校》贵阳站——2019贵阳文化惠民演出季','167307_n.jpg',60,'贵阳星光剧场 - 贵阳',9,'520100','寻梦亲子音乐剧《Flight School 飞行学校》贵阳站期待您的鉴赏。',0,3,'2018-01-06 00:00:00','2018-11-06 00:00:00',288,1000),

(1199,'【长沙】儿童励志童话剧《丑小鸭》','167451_n.jpg',80,'红色剧院 - 长沙',9,'430100','在逆境中坎坷前行，在困难前经历成长，让梦想点亮现实...',0,3,'2018-01-06 00:00:00','2018-11-06 00:00:00',280,1000),

(1200,'【武汉】木偶剧《小马过河》','166932_n.jpg',50,'武汉人民艺术剧院-亲子剧场 - 武汉',9,'420100','键时刻嗒嗒想起了爸爸的话，揭穿了狐狸的把戏，勇敢的走向河边……',0,3,'2018-01-06 00:00:00','2018-11-06 00:00:00',NULL,1000),

(1201,'【贵阳】经典童话人偶剧《小红帽》贵阳站——2019贵阳文化惠民演出季','167314_n.jpg',60,'贵阳星光剧场 - 贵阳',9,'520100','当“美食家”大灰狼遇上天真无邪的“小红帽”，惊险滑稽的故事将华丽展开！',0,3,'2018-01-06 00:00:00','2018-11-06 00:00:00',288,1000),

(1202,'【成都】【温江梦想剧场】冰雪奇缘之冰雪女王','167201_n.jpg',150,'温江梦想剧场 - 成都',9,'510100','在四面环海、风景如画的阿伦黛尔王国，生活着两位可爱美丽的小公主，艾莎和安娜。',0,3,'2018-01-06 00:00:00','2018-11-06 00:00:00',250,1000),

(1203,'【合肥】俄罗斯多媒体芭蕾舞剧院 经典芭蕾舞剧《胡桃夹子》（惠民）','167223_n.jpg',20,'安徽大剧院 - 合肥',9,'340100','百里挑一的演员，经验丰富的制作团队，前所未有的观赏体验。',0,3,'2018-01-06 00:00:00','2018-11-06 00:00:00',100,1000),

(1204,'【贵阳】多媒体创意改编童话剧《小王子》贵阳站——2019贵阳文化惠民演出季','167308_n.jpg',60,'贵阳星光剧场 - 贵阳',9,'520100','这是一部关于爱与寻找、感悟的童话剧，拒绝做无聊的大人！',0,3,'2018-01-06 00:00:00','2018-11-06 00:00:00',288,1000),

(1205,'【贵阳】奇幻亲子音乐剧《绿野仙踪》贵阳站——2019贵阳文化惠民演出季','167306_n.jpg',60,'贵阳星光剧场 - 贵阳',9,'520100','在这里，华丽多变的舞蹈与原创音乐相得益彰，拉开奇幻视觉盛宴的序幕！',0,2,'2018-01-06 00:00:00','2018-11-06 00:00:00',288,1000),

(1206,'【北京】大 船文 化·加拿大原版全场互动亲子剧《你是演奏家》','166924_n.jpg',180,'大麦·超剧场 - 北京',9,'110000','我们会引导孩子们用自己的身体做乐器，用身体来演绎一段打击节奏，成为小小演奏家。',0,3,'2018-01-06 00:00:00','2018-11-06 00:00:00',380,1000),

(1207,'【宁波】童话剧《白雪公主和七个小矮人》','166831_n.jpg',100,'宁波大剧院 - 宁波',9,'330200','女巫拥有一面魔镜，所以，她知道了白雪公主比她美丽，于是白雪公主危在旦夕……',0,3,'2018-01-06 00:00:00','2018-11-06 00:00:00',196,1000),

(1208,'【上海】木偶剧《龙门传说》','166952_n.jpg',80,'嘉定影剧院 - 上海',9,'310000','该剧表现是一个关于梦想的传说，重点表现了追寻梦想、努力奋斗、讴歌助人为乐的精神，体现了人与自然的和谐',0,3,'2018-01-06 00:00:00','2018-11-06 00:00:00',NULL,1000),

(1209,'【上海】上海·小顽家·双11亲子卡','167221_n.jpg',699,'中国票务在线上海站 - 上海',9,'310000','小顽家·双11亲子卡',0,3,'2018-01-06 00:00:00','2018-11-06 00:00:00',699,1000),

(1210,'【重庆】大型冰雪奇幻儿童音乐剧——《冰雪女王》','166992_n.jpg',60,'荷苗小剧场 - 重庆',9,'500000','再现安徒生经典童话，激发孩子内心的潜能，让孩子做真正的自己！',0,3,'2018-01-06 00:00:00','2018-11-06 00:00:00',240,1000),

(1211,'【广州】《小鸭奇幻漂流记》','166955_n.jpg',98,'广州南方剧院 - 广州',9,'440100','剧目场景庞大震撼，表现手法别出一格，整个故事内容跌宕起伏，爆笑过后让人潸然泪下，有深度，回味感强，时间与空间的跨度衔接精妙，是一部前所未有的原创亲情舞台剧目，适合全家人一起观赏',0,3,'2018-01-06 00:00:00','2018-11-06 00:00:00',168,1000),

(1212,'【北京】意大利亲子音乐会《玩具狂欢新年音乐会》','166626_n.jpg',180,'中华世纪坛-当代艺术馆剧场 - 北京',9,'110000','在新年之际聆听一场交响音乐会，用艺术开启新的一年',0,3,'2018-01-06 00:00:00','2018-11-06 00:00:00',380,1000),

(1213,'【北京】冰雪奇缘--经典动画名曲视听音乐会','166650_n.jpg',100,'北京音乐厅 - 北京',9,'110000','您将亲临由诸多经典动漫电影作品融汇而成的音乐海洋',0,3,'2018-01-06 00:00:00','2018-11-06 00:00:00',406,1000),

(1214,'【北京】辰星剧社原创儿童近景魔幻剧—— 大魔术师（11月）','166853_n.jpg',98,'正华星博剧场 - 北京',9,'110000','魔术的奇幻效果，融入戏中，别有一番风味！',0,3,'2018-01-06 00:00:00','2018-11-06 00:00:00',198,1000),

(1215,'【北京】大型经典木偶剧《美人鱼》（12月）','166583_n.jpg',80,'中国木偶剧院-大剧场 - 北京',9,'110000','在大海的深处美人鱼们整日轻歌曼舞，无忧无虑，可美丽的小公主海伦却时刻向往着陆地上人间的生活。',0,3,'2018-01-06 00:00:00','2018-11-06 00:00:00',260,1000),

(1216,'【上海】【大船文化】大船文化·德国原版绘本启蒙交响音乐会 《放屁大象吹低音号\n                                之动物交响乐团》','166742_n.jpg',102,'ET聚场（上海共舞台） - 上海',9,'310000','充满童趣的故事、鲜艳活泼的画面、风趣幽默的表演、精彩绝伦的交响乐现场演奏，献给孩子的人生第一场交响乐，选它就对了！',0,3,'2018-01-06 00:00:00','2018-11-06 00:00:00',380,1000),

(1217,'【南京】南京亲子戏剧体验季《魔毯·星空》','166631_n.jpg',280,'江苏大剧院多功能厅 - 南京',9,'320100','流动的画布，奇幻的旅程，孩子的舞蹈有改变世界的力量。',0,3,'2018-01-06 00:00:00','2018-11-06 00:00:00',798,1000),

(1218,'【合肥】大型传统寓言儿童剧《跟屁熊》','167125_n.jpg',70,'合肥大剧院多功能厅 - 合肥',9,'340100','每个孩子都是妈妈的跟屁熊，做妈妈的小尾巴是小宝宝们幼年的天性。',0,2,'2018-01-06 00:00:00','2018-11-06 00:00:00',NULL,1000),

(1219,'【上海】小顽家•新年 “撕纸秀” 《纸先生萨蒂》波兰形体剧','166789_n.jpg',180,'锦辉•可当代艺术中心 - 上海',9,'310000','用碎纸铺成的舞台，拔河、跳绳、折纸船、滚球、撕纸……脑洞有多大，就有多好玩',0,3,'2018-01-06 00:00:00','2018-11-06 00:00:00',480,1000),

(1220,'【北京】冰上迪士尼2018巡演北京站','155175_n.jpg',180,'北京工人体育馆 - 北京',9,'110000','准备好了吗？带上您的米奇耳朵，在冰上迪士尼之生日狂欢中体验一场终极互动盛会吧，向经典致敬！',0,3,'2018-01-06 00:00:00','2018-11-06 00:00:00',1380,1000),

(1221,'【广州】《真假孙悟空》','166462_n.jpg',80,'广州木偶艺术中心 - 广州',9,'440100','山一程，水一程，师徒四人又踏上了去西天取经的漫漫长路。',0,3,'2018-01-06 00:00:00','2018-11-06 00:00:00',158,1000),

(1222,'【北京】久石让.宫崎骏经典作品动漫视听音乐会《听.见风之谷》','165622_n.jpg',80,'世纪剧院 - 北京',9,'110000','在这里，可以欢乐，可以舞蹈，更可以忘记年龄大声地欢笑鼓掌，在这里，你会有享受不完的欢乐和童真。',0,3,'2018-01-06 00:00:00','2018-11-06 00:00:00',380,1000),

(1223,'【北京】“北京剧院2018戏剧节”正版授权合家欢舞台剧《爆笑虫子之囧游记》','166672_n.jpg',80,'北京剧院 - 北京',9,'110000','节奏紧凑，搞笑欢快，动感十足的合家欢舞台剧。',0,3,'2018-01-06 00:00:00','2018-11-06 00:00:00',1000,1000),

(1224,'【宁波】大型探索舞台剧《十万个为什么》','166827_n.jpg',100,'宁波文化广场大剧院 - 宁波',9,'330200','从海洋世界，到恐龙时代，再到广阔的外太空，舞台剧版《十万个为什么》将会创造一个完全不同于博物馆、科技馆、电影院的空间和视听体验。',0,3,'2018-01-06 00:00:00','2018-11-06 00:00:00',1200,1000),

(1225,'【福州】福建京剧院惠民演出——《大闹天宫》','166619_n.jpg',20,'福州凤凰剧院 - 福州',9,'350100','大闹天宫',0,3,'2018-01-06 00:00:00','2018-11-06 00:00:00',NULL,1000),

(1226,'【上海】魔幻泡泡剧《公主优优的奇幻之旅》','166628_n.jpg',80,'光影车间·静剧场 - 上海',9,'310000','国王年近迟暮，王国的重担无人继承，他只有一个可爱的女儿。公主为了王国的未来，带着父王给的权杖信物踏上了寻找魔法之旅。',0,3,'2018-01-06 00:00:00','2018-11-06 00:00:00',380,1000),

(1227,'【北京】澳大利亚奇趣装置互动人偶剧《机器人闺蜜》','166501_n.jpg',240,'天桥艺术中心-多功能厅 - 北京',9,'110000','机器人Beep因为原生星球日渐暗淡，开始寻找新的家园，一头栽在Mort居住的村庄，开始一段啼笑皆非的友谊和探险。',0,3,'2018-01-06 00:00:00','2018-11-06 00:00:00',684,1000),

(1228,'【南京】英国正版授权海洋探险儿童剧《海底小纵队4：极地大探险》','166178_n.jpg',80,'南京市文化艺术中心 - 南京',9,'320100','他们是一群活跃在海底的小小探险家，有着各自的爱好与特长，在团队核心巴克队长的带领下向着未知的海域不断探索前进。',0,3,'2018-01-06 00:00:00','2018-11-06 00:00:00',380,1000),

(1229,'【苏州】吉诺的奇幻之旅 英国亲子互动魔术剧14:00场次','166877_n.jpg',54,'金海岸文化艺术中心影视城大剧院 - 苏州',9,'320500','魔法世界已开启！来自英国的亲子互动魔术剧《吉诺的奇幻之旅》等待你的加入！',0,3,'2018-01-06 00:00:00','2018-11-06 00:00:00',90,1000),

(1230,'【佛山】美国原版授权科普亲子音乐剧《神奇校车·气候大挑战》','166861_n.jpg',120,'金马剧院 - 佛山',9,'440600','家庭音乐剧以海外原版引进，中文版制作为主导，面向亲子家庭，通过戏剧向观众传递感动，感动改变人生。',0,3,'2018-01-06 00:00:00','2018-11-06 00:00:00',230,1000),

(1231,'【北京】【斑马戏剧】浸没式亲子互动体验剧《嘿！梅特林克》冬季专场','166120_n.jpg',140,'隆福剧场-小剧场 - 北京',9,'110000','妙趣横生的剧情与浸没式亲子戏剧体验的无缝衔接',0,3,'2018-01-06 00:00:00','2018-11-06 00:00:00',360,1000),

(1232,'【杭州】英国BBC海洋探险儿童剧 海底小纵队4-极地大探险','166374_n.jpg',80,'杭州大剧院(歌剧院) - 杭州',9,'330100','一群活跃在海底的小小探险家，有着各自的爱好与特长，在团队核心巴克队长的带领下向着未知的海域不断探索前进。',0,3,'2018-01-06 00:00:00','2018-11-06 00:00:00',800,1000),

(1233,'【沈阳】1905国际当代戏剧节 儿童舞剧《稚子行·熊猫的家》','166751_n.jpg',80,'1905剧场 - 沈阳',9,'210100','东方元素，国际视角，一场中国文化的童趣探索。',0,3,'2018-01-06 00:00:00','2018-11-06 00:00:00',150,1000),

(1234,'【上海】“冰上迪士尼”2018巡演上海站','156934_n.jpg',180,'梅赛德斯-奔驰文化中心 - 上海',9,'310000','在米奇生日来临之际，米妮、唐老鸭、高飞陪伴他，开启了寻找自己一直以来最美好记忆的神奇之旅。',0,3,'2018-01-06 00:00:00','2018-11-06 00:00:00',980,1000),

(1235,'【昆明】品质舞台季 英国舞蹈剧场作品《虎生·童话》','166738_n.jpg',100,'云南大剧院多功能厅小剧场 - 昆明',9,'530100','让无数观众脸上浮现欢愉的笑容，同时流下泪水——当然，这是欢乐的泪水。',0,3,'2018-01-06 00:00:00','2018-11-06 00:00:00',680,1000),

(1236,'【成都】邮储银行四川省分行信用卡十周年之夜 开心麻花爆笑舞台剧《皇帝的新娘》第1轮','166749_n.jpg',100,'四川歌舞大剧院 - 成都',9,'510100','《皇帝的新衣》中那位不穿衣服的国王又来了！',0,3,'2018-01-06 00:00:00','2018-11-06 00:00:00',980,1000),

(1237,'【无锡】三只小猪','166520_n.jpg',56,'无锡演艺剧院 - 无锡',9,'320200','三只小猪听妈妈的话要出去建房子，走着，走着，看见前面一堆稻草。',0,2,'2018-01-06 00:00:00','2018-11-06 00:00:00',112,1000),

(1238,'【南京】南京市文化消费补贴剧目 恐龙科教儿童舞台剧《恐龙归来之小精灵探险记》','166006_n.jpg',70,'南京市文化艺术中心 - 南京',9,'320100','恐龙科教儿童舞台剧《恐龙归来之小精灵探险记》',0,3,'2018-01-06 00:00:00','2018-11-06 00:00:00',600,1000),

(1239,'【长沙】大型儿童舞台人偶剧《青蛙王子之童话奇缘》','166815_n.jpg',80,'湖南大剧院 - 长沙',9,'430100','本剧目承袭了经典童话的创作构思，故事情节引人入胜、充满幻想',0,3,'2018-01-06 00:00:00','2018-11-06 00:00:00',280,1000),

(1240,'【北京】3D泡泡秀--泡泡王子的舞会','166581_n.jpg',99,'隆福剧场 - 北京',9,'110000','你想自己动手做泡泡蛋糕吗？',0,3,'2018-01-06 00:00:00','2018-11-06 00:00:00',280,1000),

(1241,'【上海】凯迪拉克·上海音乐厅2018音乐季\n                                “筝”心“筝”意2——2018家庭音乐会','166612_n.jpg',50,'凯迪拉克·上海音乐厅小厅 - 上海',9,'310000','轻拢慢拈抹拂挑，行云流水万魅生。',0,3,'2018-01-06 00:00:00','2018-11-06 00:00:00',100,1000),

(1242,'【肇庆】原创全家欢儿童音乐剧《孙悟空智斗牛魔王》肇庆站','166721_n.jpg',68,'肇庆市星岩礼堂 - 肇庆',9,'441200','为中国年轻家庭留下最美亲子时光！',0,2,'2018-01-06 00:00:00','2018-11-06 00:00:00',474,1000),

(1243,'【深圳】百老汇经典音乐剧《音乐之声》中文版','156211_n.jpg',180,'深圳保利剧院 - 深圳',9,'440300','孩子的音乐启蒙 大人的童年回忆',0,3,'2018-01-06 00:00:00','2018-11-06 00:00:00',880,1000),

(1244,'【南京】《放牛班的春天》','165063_n.jpg',100,'江苏大剧院音乐厅 - 南京',9,'320100','《放牛班的春天》原唱法国圣马可童声合唱团携迪士尼电影金曲来华巡演',0,3,'2018-01-06 00:00:00','2018-11-06 00:00:00',1200,1000),

(1245,'【北京】亲子儿童剧《花果山漫游》','166535_n.jpg',60,'隆福剧场 - 北京',9,'110000','孙小圣和孙大圣究竟在花果山遇到了什么？看花果山漫游记，有不一样的孙大圣……',0,2,'2018-01-06 00:00:00','2018-11-06 00:00:00',460,1000),

(1246,'【上海】你是钢琴家——古典音乐启蒙钢琴名曲欢乐互动多媒体亲子音乐会','166591_n.jpg',160,'上海大剧院-别克中剧场 - 上海',9,'310000','这是由一架钢琴和一个幽默的“钢琴家”用钢琴演奏＋幽默表演，讲述成为“钢琴家”的故事！',0,3,'2018-01-06 00:00:00','2018-11-06 00:00:00',280,1000),

(1247,'【杭州】【杭州站】香港原版欧式布偶童话剧《睡美人》','166347_n.jpg',90,'丰马剧场 - 杭州',9,'330100','这一个《睡美人》与以往的都不一样。',0,2,'2018-01-06 00:00:00','2018-11-06 00:00:00',190,1000),

(1248,'【长春】经典动漫视听音乐会《龙猫和他的小伙伴们》','166223_n.jpg',80,'桃李梅大剧院 - 长春',9,'220100','唤醒心中那一份纯真的童年记忆。',0,3,'2018-01-06 00:00:00','2018-11-06 00:00:00',380,1000),

(1249,'【南京】南京市文化消费政府补贴剧目【小橙堡】温馨亲子舞台剧《泰迪熊》--南京站','166399_n.jpg',56,'江南剧院 - 南京',9,'320100','泰迪熊化身魔幻天使，踏上了改变世界的旅程。',0,3,'2018-01-06 00:00:00','2018-11-06 00:00:00',140,1000),

(1250,'【青岛】DOING文化--神话儿童剧《宝莲灯》','165936_n.jpg',10,'青岛市市北区文化馆 - 青岛',9,'370200','加入现代的舞美特技元素，富有神话气息和童趣!',0,3,'2018-01-06 00:00:00','2018-11-06 00:00:00',60,1000),

(1251,'【北京】中国儿童艺术剧院 大型儿童剧《宝船》','165630_n.jpg',50,'中国儿童剧场 - 北京',9,'110000','为夺回宝船，王小二在李八十的帮助下，和朋友们乔装改扮混进皇宫……',0,3,'2018-01-06 00:00:00','2018-11-06 00:00:00',660,1000),

(1252,'【武汉】第五届武汉国际戏剧演出季 加拿大冰屋音乐故事会《北极光》','165583_n.jpg',100,'中南剧场大剧场 - 武汉',9,'420100','冰屋、星河、北极熊、海豹......将最美极地世界展现在人们眼前',0,3,'2018-01-06 00:00:00','2018-11-06 00:00:00',240,1000),

(1253,'【上海】中华民族文化歌舞系列《宝贝爱中华——彝族专场》','165993_n.jpg',180,'上海儿童艺术剧场（上汽荣威儿童文化中心） - 上海',9,'310000','“口弦”\n                                    ，“月琴”，“火塘”，“砣砣肉”、“杆杆酒”，“火把节”，也是凉山彝族；而这一切，都比不上美轮美奂，天资独得的彝族歌舞。',0,3,'2018-01-06 00:00:00','2018-11-06 00:00:00',380,1000),

(1254,'【北京】我和星空有个约会：天文科普亲子夜观星空','165458_n.jpg',358,'国家天文台 - 北京',9,'110000','如果你为宇宙星空着迷，如果你总想知道万物起源的奥秘，那就和我们一起来吧！',0,3,'2018-01-06 00:00:00','2018-11-06 00:00:00',458,1000),

(1255,'【深圳】冰上迪士尼2018巡演深圳站','160359_n.jpg',180,'华润深圳湾体育中心“春茧”体育馆 - 深圳',9,'440300','带上您的米奇耳朵，在冰上迪士尼之生日狂欢中体验一场终极互动盛会吧，向经典致敬！',0,3,'2018-01-06 00:00:00','2018-11-06 00:00:00',980,1000),

(1256,'【沈阳】【元旦狂欢】2019中韩联创·大型多媒体合家欢式舞台卡通剧《爆笑虫子》','167057_n.jpg',80,'辽宁中华剧场 - 沈阳',9,'210100','大型多媒体合家欢式舞台卡通剧《爆笑虫子》',0,3,'2018-01-06 00:00:00','2018-11-06 00:00:00',288,1000),

(1257,'【北京】课本剧《老虎拔牙》《丑小鸭》《小鼠舞》','165743_n.jpg',100,'中国木偶剧院-小铃铛精品剧场 - 北京',9,'110000','课本剧《老虎拔牙》《丑小鸭》《小鼠舞》',0,3,'2018-01-06 00:00:00','2018-11-06 00:00:00',NULL,1000),

(1258,'【杭州】【小橙堡】经典亲子童话剧《胡桃夹子》','165987_n.jpg',50,'浙话艺术剧院 - 杭州',9,'330100','天马行空的故事充满神秘的童话色彩，经典童话全新演绎梦里的奇幻冒险',0,3,'2018-01-06 00:00:00','2018-11-06 00:00:00',380,1000),

(1259,'【北京】中国儿童艺术剧院 儿童剧《国王在姆咪谷》','165737_n.jpg',50,'中国儿童剧场 - 北京',9,'110000','儿童剧《国王在姆咪谷》',0,3,'2018-01-06 00:00:00','2018-11-06 00:00:00',660,1000),

(1260,'【苏州】“冰上迪士尼”2018巡演苏州站','164554_n.jpg',180,'苏州奥林匹克体育中心体育馆 - 苏州',9,'320500','冰上迪士尼将花样滑冰与华丽的迪士尼服装相融合，颠覆性地全新诠释了无数家喻户晓的迪士尼经典故事。',0,3,'2018-01-06 00:00:00','2018-11-06 00:00:00',980,1000),

(1261,'【杭州】玩库光影奇幻探险儿童剧《格列佛人类史》','166154_n.jpg',60,'杭州魔方剧院 - 杭州',9,'330100','为了拯救因资源过度开采和不当利用而日益衰竭的地球，冒险号启航仪式后，格列佛船长便带着“吃货”费列罗和“女汉子”德芙，壮志满满地踏上寻找高科技文明的未知旅程。',0,3,'2018-01-06 00:00:00','2018-11-06 00:00:00',160,1000),

(1262,'【广州】【小橙堡】经典童话人偶剧《小红帽》','165866_n.jpg',50,'郭兰英剧院 - 广州',9,'440100','只有充分发挥自己的聪明才智，才能在困难和危险面前临危不惧，勇敢战胜邪恶',0,3,'2018-01-06 00:00:00','2018-11-06 00:00:00',300,1000),

(1263,'【合肥】《睡美人》','166640_n.jpg',30,'安徽省话剧院“群众剧场” - 合肥',9,'340100','睡美人',0,3,'2018-01-06 00:00:00','2018-11-06 00:00:00',NULL,1000),

(1264,'【北京】大型卡通舞台剧《熊猫和小鼹鼠》（11月）','165437_n.jpg',50,'中国木偶剧院-大剧场 - 北京',9,'110000','大型卡通舞台剧《熊猫和小鼹鼠》',0,3,'2018-01-06 00:00:00','2018-11-06 00:00:00',260,1000),

(1265,'【北京】瑞典旅行日记音乐会《爱·漫游》','153090_n.jpg',180,'大麦·超剧场 - 北京',9,'110000','他们用时20年，从全世界55国家搜集整理的音乐，分享独家旅行日记，娓娓唱享“一场有故事的音乐会”。',0,3,'2018-01-06 00:00:00','2018-11-06 00:00:00',780,1000),

(1266,'【上海】《天空之城》钢琴曲——龙猫乐队演奏会','163872_n.jpg',80,'凯迪拉克·上海音乐厅大厅 - 上海',9,'310000','票价亲民，百元以内就可以欣赏到龙猫乐队演奏的高质量的音乐盛宴。',0,3,'2018-01-06 00:00:00','2018-11-06 00:00:00',360,1000),

(1267,'【北京】北京文化艺术基金2018年度资助项目 英国动漫舞台剧《小羊肖恩》','165635_n.jpg',80,'中国木偶剧院-大剧场 - 北京',9,'110000','它不是一部低幼的儿童剧，它会让男女老少一起开怀大笑。',0,3,'2018-01-06 00:00:00','2018-11-06 00:00:00',780,1000),

(1268,'【嘉兴】乌克兰互动滑稽默剧《塑料的狂想》','165560_n.jpg',100,'嘉兴大剧院 - 嘉兴',9,'330400','MIMIRICHI小丑剧团将生活中常用的塑料成了一个伟大的表演和即兴创作的源泉。',0,3,'2018-01-06 00:00:00','2018-11-06 00:00:00',320,1000),

(1269,'【天津】长耳朵与智慧壳之花仙子','165161_n.jpg',60,'天津滨海演艺中心歌剧厅 - 天津',9,'120000','又是一年春天，万物复苏，长耳朵和智慧壳的好朋友花仙子，再次与他们相见。',0,2,'2018-01-06 00:00:00','2018-11-06 00:00:00',180,1000),

(1270,'【济南】英国BBC大型互动式多媒体儿童舞台剧《海底小纵队之惊涛骇浪》','165053_n.jpg',50,'山东剧院 - 济南',9,'370100','探索(Explore) ！拯救(Rescue) ！保护(Protect) ！',0,3,'2018-01-06 00:00:00','2018-11-06 00:00:00',700,1000),

(1271,'【南京】“冰上迪士尼”2018巡演南京站','158652_n.jpg',180,'五台山中国银联体育馆 - 南京',9,'320100','冰上迪士尼将花样滑冰与华丽的迪士尼服装相融合，再将这种全新的艺术形式，辅以炫目的舞台特 效',0,3,'2018-01-06 00:00:00','2018-11-06 00:00:00',980,1000),

(1272,'【杭州】【小橙堡】奇幻穿越历险主题儿童剧《历险恐龙岛》','165992_n.jpg',50,'浙话艺术剧院 - 杭州',9,'330100','超震撼的少儿穿越拯救大戏即将上演！',0,2,'2018-01-06 00:00:00','2018-11-06 00:00:00',380,1000),

(1273,'【杭州】【小魔方】官方版童话剧《小王子》','164359_n.jpg',120,'杭州魔方剧院 - 杭州',9,'330100','故事的讲述者是一个因飞机故障而迫降在沙漠之中的飞行员，他遇到了神秘的、来自B-612星球的小王子。',0,3,'2018-01-06 00:00:00','2018-11-06 00:00:00',480,1000),

(1274,'【北京】中国儿童艺术剧院 儿童剧《鹬·蚌·鱼》','165747_n.jpg',100,'中国儿童剧场-假日经典小剧场 - 北京',9,'110000','有一个中国成语叫\"鹬蚌相争，渔翁得利\"。',0,2,'2018-01-06 00:00:00','2018-11-06 00:00:00',150,1000),

(1275,'【深圳】百老汇音乐剧《灰姑娘》','163084_n.jpg',180,'深圳保利剧院 - 深圳',9,'440300','百老汇音乐剧《灰姑娘》中文版再度降临深圳让魔法发生在眼前',0,2,'2018-01-06 00:00:00','2018-11-06 00:00:00',880,1000),

(1276,'【深圳】正版授权大型多媒体舞台剧《爆笑虫子囧游记》','166900_n.jpg',135,'万象天地剧场 - 深圳',9,'440300','剧情搞笑，轻松幽默，适合全家人一起观看的放松剧目',0,2,'2018-01-06 00:00:00','2018-11-06 00:00:00',1160,1000),

(1277,'【杭州】英国原版引进——小猪佩奇舞台剧《佩奇欢乐派对》','158523_n.jpg',108,'杭州剧院 - 杭州',9,'330100','英国原版引进——小猪佩奇舞台剧《佩奇欢乐派对》',0,2,'2018-01-06 00:00:00','2018-11-06 00:00:00',480,1000),

(1278,'【南京】天空之城-宫崎骏经典动漫视听音乐会','163940_n.jpg',50,'南京市文化艺术中心 - 南京',9,'320100','同步经典动画画面，音画合一，开启音乐之旅...',0,3,'2018-01-06 00:00:00','2018-11-06 00:00:00',660,1000),

(1279,'【贵阳】《海底小纵队3：惊涛骇浪》-贵阳站','163664_n.jpg',64,'贵州饭店国际会议中心（北京路） - 贵阳',9,'520100','BBC热播儿童海洋探险动画！',0,3,'2018-01-06 00:00:00','2018-11-06 00:00:00',304,1000),

(1280,'【上海】多媒体亲子音乐剧《爱丽丝之镜中奇遇》','165336_n.jpg',50,'上海保利大剧院-大剧场 - 上海',9,'310000','超越既往的好看--炫酷的“镜中世界”里颠倒乾坤',0,3,'2018-01-06 00:00:00','2018-11-06 00:00:00',380,1000),

(1281,'【南昌】大型魔幻科教互动儿童剧《超能战队之小白科研室》','165318_n.jpg',80,'江西艺术中心大剧院 - 南昌',9,'360100','与机械人神童和他的超能战队一起体验神奇有趣的科学实验；',0,3,'2018-01-06 00:00:00','2018-11-06 00:00:00',160,1000),

(1282,'【南京】南京市文化消费政府补贴剧目 安徒生童话音乐剧《海的女儿·黎明钟声》','164529_n.jpg',70,'江苏荔枝大剧院 - 南京',9,'320100','现代感恰到好处，代入感强又不破坏你心中完美童话梦。',0,3,'2018-01-06 00:00:00','2018-11-06 00:00:00',301,1000),

(1283,'【天津】儿童剧《美人鱼》','160763_n.jpg',40,'津湾大剧院小剧场 - 天津',9,'120000','作为一条可爱的美人鱼，爱丽儿公主向往的却是人鱼法律禁止她们接触的人类世界。',0,3,'2018-01-06 00:00:00','2018-11-06 00:00:00',100,1000),

(1284,'【重庆】原创儿童剧《霸王龙》','165286_n.jpg',50,'施光南大剧院 - 重庆',9,'500000','妈妈昨天自己还是宝宝，何尝不是第一次学做“妈妈”？妈妈是英雄！是幸福！',0,3,'2018-01-06 00:00:00','2018-11-06 00:00:00',150,1000),

(1285,'【武汉】英国BBC大型多媒体儿童舞台剧《海底小纵队之火山大冒险》-武汉站','160840_n.jpg',11.11,'武汉剧院 - 武汉',9,'420100','运用全新的多媒体技术，充满悬念的故事情节，还有超级炫酷的舞美，经典版《火山大冒险》再次返场。',0,3,'2018-01-06 00:00:00','2018-11-06 00:00:00',520,1000),

(1286,'【重庆】公益赠课︱全市青少年免费领取4节体育课程','162396_n.jpg',0,'大麦重庆站 - 重庆',9,'500000','公益赠课来啦！',0,2,'2018-01-06 00:00:00','2018-11-06 00:00:00',NULL,1000),

(1287,'【南京】南京市文化消费政府补贴剧目 大型魔幻儿童剧《哪吒闹海》','164648_n.jpg',70,'江苏荔枝大剧院 - 南京',9,'320100','当沉稳老练的太乙真人，变成诙谐幽默的小老头，当一群蟹将“竖着”走在舞台，当调皮可爱的哪吒真正生起气来的时候，舞台上发生了什么样的精彩故事呢？',0,3,'2018-01-06 00:00:00','2018-11-06 00:00:00',301,1000),

(1288,'【苏州】华艺星空.2018苏州儿童新年交响音乐会','165209_n.jpg',80,'苏州独墅湖影剧院 - 苏州',9,'320500','在优雅婉转的钢琴名曲熏陶下，同时多种乐器伴奏，启发孩子对音乐的追求，培养感受爱与美的天赋。',0,2,'2018-01-06 00:00:00','2018-11-06 00:00:00',1000,1000),

(1289,'【上海】玩库多媒体探险儿童剧《地心游记-名著里的科学》','164566_n.jpg',60,'人民大舞台 - 上海',9,'310000','该剧改编自“科幻小说之父”儒勒·凡尔纳同名小说《地心游记》。',0,3,'2018-01-06 00:00:00','2018-11-06 00:00:00',380,1000),

(1290,'【北京】中国儿童中心《新年音乐会》','165035_n.jpg',80,'中国儿童中心-剧院 - 北京',9,'110000','北京音乐家协会青少年爱乐乐团',0,3,'2018-01-06 00:00:00','2018-11-06 00:00:00',550,1000),

(1291,'【南京】南京市文化消费政府补贴剧目 加拿大多媒体音乐剧《爱丽丝梦游仙境》','164430_n.jpg',70,'江苏荔枝大剧院 - 南京',9,'320100','给家长以感叹，给孩子以启迪的儿童剧。',0,3,'2018-01-06 00:00:00','2018-11-06 00:00:00',301,1000),

(1292,'【绍兴】儿童剧《白雪公主与七个小矮人》','164390_n.jpg',80,'绍兴大剧院 - 绍兴',9,'330600','女巫拥有一面魔镜。所以，她知道了白雪公主比她美丽，于是白雪公主危在旦夕······',0,3,'2018-01-06 00:00:00','2018-11-06 00:00:00',180,1000),

(1293,'【重庆】英国BBC大型互动式多媒体儿童舞台剧 《海底小纵队4：极地大探险》','164243_n.jpg',50,'重庆文化宫大剧院 - 重庆',9,'500000','英国BBC授权，央视热播动画改编',0,3,'2018-01-06 00:00:00','2018-11-06 00:00:00',1000,1000),

(1294,'【杭州】图书馆奇幻夜之《冰雪奇缘2》','164990_n.jpg',56,'杭州剧院 - 杭州',9,'330100','将世界名曲和经典动漫混搭，陪大小观众们度过一个温情、温暖、温馨的冬天。',0,3,'2018-01-06 00:00:00','2018-11-06 00:00:00',480,1000),

(1296,'【北京】“千与千寻”久石让•宫崎骏动漫视听作品音乐会','166574_n.jpg',99,'隆福剧场 - 北京',10,'110000','伴随着一幅幅精彩而熟悉的电影画面，耳边传来一首首温馨浪漫的旋律',0,3,'2018-01-06 00:00:00','2018-11-06 00:00:00',540,1000),

(1297,'【北京】北京文化艺术基金2018年度资助项目 英国动漫舞台剧《小羊肖恩》（12月）','167428_n.jpg',80,'中国木偶剧院-大剧场 - 北京',10,'110000','剧中主角小羊肖恩总是充满爱心，机灵勇敢，贯穿始终的英式幽默，会让观众看的捧腹大笑。',0,3,'2018-01-06 00:00:00','2018-11-06 00:00:00',780,1000),

(1298,'【北京】动画奇幻夜—第二届儿童新春音乐会','167477_n.jpg',100,'北京音乐厅 - 北京',10,'110000','春节前夕，在动画的海洋中共同迎接春节的到来',0,2,'2018-01-06 00:00:00','2018-11-06 00:00:00',406,1000),

(1299,'【北京】久石让.宫崎骏经典作品动漫视听音乐会《听.见风之谷》','165622_n.jpg',80,'世纪剧院 - 北京',10,'110000','在这里，可以欢乐，可以舞蹈，更可以忘记年龄大声地欢笑鼓掌，在这里，你会有享受不完的欢乐和童真。',0,2,'2018-01-06 00:00:00','2018-11-06 00:00:00',380,1000),

(1300,'【上海】【SPYAIR超级粉丝会/迷你不插电】','167311_n.jpg',480,'万代南梦宫上海文化艺术中心 梦想剧场 - 上海',10,'310000','分别为震撼鲜师、死神、堂吉诃德、机动战士高达AGE阿瑟姆篇、蜘蛛侠、潜入侦探蜥蜴等等演唱过主题曲的他们，时隔一年，将再次重临上海开唱',0,3,'2018-01-06 00:00:00','2018-11-06 00:00:00',780,1000),

(1301,'【北京】《火影忍者》动画实境展 首降帝都！','163054_n.jpg',68,'合生汇5F - 北京',10,'110000','火影忍者动画实境展 首降帝都！',0,3,'2018-01-06 00:00:00','2018-11-06 00:00:00',368,1000),

(1302,'【上海】《天空之城》钢琴曲——龙猫乐队演奏会','163872_n.jpg',80,'凯迪拉克·上海音乐厅大厅 - 上海',10,'310000','票价亲民，百元以内就可以欣赏到龙猫乐队演奏的高质量的音乐盛宴。',0,3,'2018-01-06 00:00:00','2018-11-06 00:00:00',360,1000),

(1303,'【长春】经典动漫视听音乐会《龙猫和他的小伙伴们》','166223_n.jpg',80,'桃李梅大剧院 - 长春',10,'220100','唤醒心中那一份纯真的童年记忆。',0,3,'2018-01-06 00:00:00','2018-11-06 00:00:00',380,1000),

(1304,'【北京】天空之城—久石让·宫崎骏动漫作品视听音乐会','164649_n.jpg',100,'北京音乐厅 - 北京',10,'110000','弦乐和打击乐的完美配合，既高雅又通俗、好听又好看、最受观众喜爱的视听音乐会',0,3,'2018-01-06 00:00:00','2018-11-06 00:00:00',406,1000),

(1305,'【北京】千与千寻—宫崎骏•久石让经典动漫原声视听大型交响音乐会','163658_n.jpg',100,'北京音乐厅 - 北京',10,'110000','伴随着一幅幅精彩而熟悉的电影画面，耳边传来一首首温馨浪漫的旋律，定会给演出现场带来无与伦比的震撼效果，让观众朋友们享受美轮美奂的视听盛宴！',0,3,'2018-01-06 00:00:00','2018-11-06 00:00:00',680,1000),

(1306,'【上海】天空之城-久石让•宫崎骏大型动漫作品视听音乐会','155619_n.jpg',120,'东方艺术中心-音乐厅 - 上海',10,'310000','一幅幅精彩画面伴随着温馨、浪漫而又大气磅礴的交响音乐的震撼效果迎面扑来，对于喜爱“宫崎骏电影配乐”的观众来说，无疑是一次视觉和听觉的绝佳享受。',0,3,'2018-01-06 00:00:00','2018-11-06 00:00:00',580,1000),

(1307,'【上海】《四月是你的谎言》钢琴小提琴唯美经典音乐集','149085_n.jpg',160,'上海大剧院-别克中剧场 - 上海',10,'310000','正因为有了音乐，才有了相遇的瞬间，有了相会的感动，有了相逢的人们，有了邂逅的思念。',0,3,'2018-01-06 00:00:00','2018-11-06 00:00:00',280,1000),

(1308,'【上海】天空之城-久石让•宫崎骏动漫作品音乐会','142878_n.jpg',120,'上海商城剧院 - 上海',10,'310000','十部最经典的电影，十首气势磅礴的交响组曲，七首脍炙人口的歌曲，超大屏幕精彩电影画面的的视觉享受，绝对超值的视听盛宴',0,3,'2018-01-06 00:00:00','2018-11-06 00:00:00',380,1000),

(1309,'【上海】菊次郎的夏天——久石让钢琴曲龙猫乐队梦幻之旅演奏会','149084_n.jpg',160,'上海大剧院-别克中剧场 - 上海',10,'310000','聆听久石让经典钢琴曲，回味宫崎骏动漫与北野武电影',0,3,'2018-01-06 00:00:00','2018-11-06 00:00:00',360,1000),

(1310,'【北京】2019新年音乐会-久石让・宫崎骏经典版动漫视听音乐会','164346_n.jpg',100,'中山音乐堂 - 北京',10,'110000','每一曲熟悉的旋律，都能触及你心底最柔软的地方',0,3,'2018-01-06 00:00:00','2018-11-06 00:00:00',580,1000),

(1311,'【上海】咪拉动漫花园——经典动漫钢琴曲极致纯音演奏会','152441_n.jpg',80,'凯迪拉克·上海音乐厅大厅 - 上海',10,'310000','深爱《罪恶王冠》，美妙的琴音，唤醒我们与《罪恶王冠》一起的记忆。',0,3,'2018-01-06 00:00:00','2018-11-06 00:00:00',360,1000),

(1312,'【成都】中世爱乐乐团“天空之城”——久石让&宫崎骏经典动漫视听音乐会成都站','166400_n.jpg',120,'大喜时代剧场 - 成都',10,'510100','经典动漫画面与魅力音乐的相映互动',0,3,'2018-01-06 00:00:00','2018-11-06 00:00:00',1050,1000),

(1313,'【天津】【万有音乐系】“魔女宅急便”宫崎骏·久石让动漫视听系列主题音乐会','143284_n.jpg',80,'天津红旗剧院 - 天津',10,'120000','每一曲动人的旋律，用最奇幻的色彩，勾勒出一幅幅素雅的绝美画面。',0,2,'2018-01-06 00:00:00','2018-11-06 00:00:00',280,1000),

(1314,'【昆明】千与千寻”宫崎骏·久石让动漫视听系列主题音乐会','137796_n.jpg',12,'抗战胜利堂 - 昆明',10,'530100','勾勒出一幅幅素雅的绝美画面，装点了每个纯美无暇的梦。',0,3,'2018-01-06 00:00:00','2018-11-06 00:00:00',520,1000),

(1315,'【青岛】《四月是你的谎言》——“公生”与“薰”的钢琴小提琴唯美经典音乐集','157308_n.jpg',100,'青岛市人民会堂 - 青岛',10,'370200','此生无悔入四月，来世愿做友人A',0,3,'2018-01-06 00:00:00','2018-11-06 00:00:00',580,1000),

(1316,'【上海】扶桑社官方授权舞台剧《孤独的美食家》 久住昌之原作 谷口治郎作画','160445_n.jpg',80,'上剧场 - 上海',10,'310000','不被时间和社会所束缚，幸福地填饱肚子，短时间内变得随心所欲，变得‘自由’，不被谁打扰，毫不费神地吃东西的这种孤高行为，是现代人都平等地拥有的最 高治愈。',0,3,'2018-01-06 00:00:00','2018-11-06 00:00:00',580,1000),

(1317,'【上海】菊次郎的夏天——久石让钢琴曲龙猫乐队梦幻之旅演奏会','159970_n.jpg',80,'凯迪拉克·上海音乐厅大厅 - 上海',10,'310000','聆听久石让经典钢琴曲，回味宫崎骏动漫与北野武电影',0,3,'2018-01-06 00:00:00','2018-11-06 00:00:00',360,1000),

(1318,'【贵阳】【万有音乐系】宫崎骏·久石让动漫视听系列主题音乐会贵阳站——2018贵阳音乐季','154990_n.jpg',80,'贵阳星光剧场 - 贵阳',10,'520100','一代宗师匠心独具！',0,2,'2018-01-06 00:00:00','2018-11-06 00:00:00',449,1000),

(1319,'【天津】天空之城——久石让宫崎骏动漫视听龙猫乐队纯真之旅音乐会','156499_n.jpg',60,'津湾大剧院 - 天津',10,'120000','这是一场动画与音乐完美结合、适合全家人和小朋友一起看的视听音乐会',0,2,'2018-01-06 00:00:00','2018-11-06 00:00:00',600,1000),

(1320,'【成都】成都城市音乐会—“天空之城”宫崎骏·久石让动漫视听系列主题音乐会','155170_n.jpg',80,'特仑苏音乐厅 - 成都',10,'510100','“成都城市音乐会” “天空之城”宫崎骏·久石让动漫视听系列主题音乐会期待您的鉴赏。',0,3,'2018-01-06 00:00:00','2018-11-06 00:00:00',380,1000),

(1321,'【上海】卡农——古典情调钢琴曲心灵邂逅演奏会','149083_n.jpg',160,'上海大剧院-别克中剧场 - 上海',10,'310000','有人说，《卡农》是“the song of love”，关于《卡农》，还流传着一个凄美绝伦的爱情故事',0,2,'2018-01-06 00:00:00','2018-11-06 00:00:00',280,1000),

(1322,'【北京】北京文化艺术基金2018年度资助项目 英国动漫舞台剧《小羊肖恩》（12月）','167428_n.jpg',80,'中国木偶剧院-大剧场 - 北京',10,'110000','剧中主角小羊肖恩总是充满爱心，机灵勇敢，贯穿始终的英式幽默，会让观众看的捧腹大笑。',0,2,'2018-01-06 00:00:00','2018-11-06 00:00:00',780,1000),

(1323,'【北京】“千与千寻”久石让•宫崎骏动漫视听作品音乐会','166574_n.jpg',99,'隆福剧场 - 北京',10,'110000','伴随着一幅幅精彩而熟悉的电影画面，耳边传来一首首温馨浪漫的旋律',0,3,'2018-01-06 00:00:00','2018-11-06 00:00:00',540,1000),

(1324,'【北京】动画奇幻夜—第二届儿童新春音乐会','167477_n.jpg',100,'北京音乐厅 - 北京',10,'110000','春节前夕，在动画的海洋中共同迎接春节的到来',0,2,'2018-01-06 00:00:00','2018-11-06 00:00:00',406,1000),

(1325,'【北京】久石让.宫崎骏经典作品动漫视听音乐会《听.见风之谷》','165622_n.jpg',80,'世纪剧院 - 北京',10,'110000','在这里，可以欢乐，可以舞蹈，更可以忘记年龄大声地欢笑鼓掌，在这里，你会有享受不完的欢乐和童真。',0,3,'2018-01-06 00:00:00','2018-11-06 00:00:00',380,1000),

(1326,'【上海】【SPYAIR超级粉丝会/迷你不插电】','167311_n.jpg',480,'万代南梦宫上海文化艺术中心 梦想剧场 - 上海',10,'310000','分别为震撼鲜师、死神、堂吉诃德、机动战士高达AGE阿瑟姆篇、蜘蛛侠、潜入侦探蜥蜴等等演唱过主题曲的他们，时隔一年，将再次重临上海开唱',0,3,'2018-01-06 00:00:00','2018-11-06 00:00:00',780,1000),

(1327,'【长春】经典动漫视听音乐会《龙猫和他的小伙伴们》','166223_n.jpg',80,'桃李梅大剧院 - 长春',10,'220100','唤醒心中那一份纯真的童年记忆。',0,3,'2018-01-06 00:00:00','2018-11-06 00:00:00',380,1000),

(1328,'【北京】《火影忍者》动画实境展 首降帝都！','163054_n.jpg',68,'合生汇5F - 北京',10,'110000','火影忍者动画实境展 首降帝都！',0,3,'2018-01-06 00:00:00','2018-11-06 00:00:00',368,1000),

(1329,'【上海】《天空之城》钢琴曲——龙猫乐队演奏会','163872_n.jpg',80,'凯迪拉克·上海音乐厅大厅 - 上海',10,'310000','票价亲民，百元以内就可以欣赏到龙猫乐队演奏的高质量的音乐盛宴。',0,3,'2018-01-06 00:00:00','2018-11-06 00:00:00',360,1000),

(1330,'【北京】千与千寻—宫崎骏•久石让经典动漫原声视听大型交响音乐会','163658_n.jpg',100,'北京音乐厅 - 北京',10,'110000','伴随着一幅幅精彩而熟悉的电影画面，耳边传来一首首温馨浪漫的旋律，定会给演出现场带来无与伦比的震撼效果，让观众朋友们享受美轮美奂的视听盛宴！',0,3,'2018-01-06 00:00:00','2018-11-06 00:00:00',680,1000),

(1331,'【北京】天空之城—久石让·宫崎骏动漫作品视听音乐会','164649_n.jpg',100,'北京音乐厅 - 北京',10,'110000','弦乐和打击乐的完美配合，既高雅又通俗、好听又好看、最受观众喜爱的视听音乐会',0,3,'2018-01-06 00:00:00','2018-11-06 00:00:00',406,1000),

(1332,'【上海】天空之城-久石让•宫崎骏大型动漫作品视听音乐会','155619_n.jpg',120,'东方艺术中心-音乐厅 - 上海',10,'310000','一幅幅精彩画面伴随着温馨、浪漫而又大气磅礴的交响音乐的震撼效果迎面扑来，对于喜爱“宫崎骏电影配乐”的观众来说，无疑是一次视觉和听觉的绝佳享受。',0,3,'2018-01-06 00:00:00','2018-11-06 00:00:00',580,1000),

(1333,'【上海】《四月是你的谎言》钢琴小提琴唯美经典音乐集','149085_n.jpg',160,'上海大剧院-别克中剧场 - 上海',10,'310000','正因为有了音乐，才有了相遇的瞬间，有了相会的感动，有了相逢的人们，有了邂逅的思念。',0,3,'2018-01-06 00:00:00','2018-11-06 00:00:00',280,1000),

(1334,'【上海】天空之城-久石让•宫崎骏动漫作品音乐会','142878_n.jpg',120,'上海商城剧院 - 上海',10,'310000','十部最经典的电影，十首气势磅礴的交响组曲，七首脍炙人口的歌曲，超大屏幕精彩电影画面的的视觉享受，绝对超值的视听盛宴',0,3,'2018-01-06 00:00:00','2018-11-06 00:00:00',380,1000),

(1335,'【上海】菊次郎的夏天——久石让钢琴曲龙猫乐队梦幻之旅演奏会','149084_n.jpg',160,'上海大剧院-别克中剧场 - 上海',10,'310000','聆听久石让经典钢琴曲，回味宫崎骏动漫与北野武电影',0,3,'2018-01-06 00:00:00','2018-11-06 00:00:00',360,1000),

(1336,'【天津】【万有音乐系】“魔女宅急便”宫崎骏·久石让动漫视听系列主题音乐会','143284_n.jpg',80,'天津红旗剧院 - 天津',10,'120000','每一曲动人的旋律，用最奇幻的色彩，勾勒出一幅幅素雅的绝美画面。',0,3,'2018-01-06 00:00:00','2018-11-06 00:00:00',280,1000),

(1337,'【北京】2019新年音乐会-久石让・宫崎骏经典版动漫视听音乐会','164346_n.jpg',100,'中山音乐堂 - 北京',10,'110000','每一曲熟悉的旋律，都能触及你心底最柔软的地方',0,2,'2018-01-06 00:00:00','2018-11-06 00:00:00',580,1000),

(1338,'【上海】咪拉动漫花园——经典动漫钢琴曲极致纯音演奏会','152441_n.jpg',80,'凯迪拉克·上海音乐厅大厅 - 上海',10,'310000','深爱《罪恶王冠》，美妙的琴音，唤醒我们与《罪恶王冠》一起的记忆。',0,2,'2018-01-06 00:00:00','2018-11-06 00:00:00',360,1000),

(1339,'【上海】菊次郎的夏天——久石让钢琴曲龙猫乐队梦幻之旅演奏会','159970_n.jpg',80,'凯迪拉克·上海音乐厅大厅 - 上海',10,'310000','聆听久石让经典钢琴曲，回味宫崎骏动漫与北野武电影',0,2,'2018-01-06 00:00:00','2018-11-06 00:00:00',360,1000),

(1340,'【贵阳】【万有音乐系】宫崎骏·久石让动漫视听系列主题音乐会贵阳站——2018贵阳音乐季','154990_n.jpg',80,'贵阳星光剧场 - 贵阳',10,'520100','一代宗师匠心独具！',0,3,'2018-01-06 00:00:00','2018-11-06 00:00:00',449,1000),

(1341,'【昆明】千与千寻”宫崎骏·久石让动漫视听系列主题音乐会','137796_n.jpg',12,'抗战胜利堂 - 昆明',10,'530100','勾勒出一幅幅素雅的绝美画面，装点了每个纯美无暇的梦。',0,3,'2018-01-06 00:00:00','2018-11-06 00:00:00',520,1000),

(1342,'【成都】中世爱乐乐团“天空之城”——久石让&宫崎骏经典动漫视听音乐会成都站','166400_n.jpg',120,'大喜时代剧场 - 成都',10,'510100','经典动漫画面与魅力音乐的相映互动',0,3,'2018-01-06 00:00:00','2018-11-06 00:00:00',1050,1000),

(1343,'【青岛】《四月是你的谎言》——“公生”与“薰”的钢琴小提琴唯美经典音乐集','157308_n.jpg',100,'青岛市人民会堂 - 青岛',10,'370200','此生无悔入四月，来世愿做友人A',0,3,'2018-01-06 00:00:00','2018-11-06 00:00:00',580,1000),

(1344,'【上海】扶桑社官方授权舞台剧《孤独的美食家》 久住昌之原作 谷口治郎作画','160445_n.jpg',80,'上剧场 - 上海',10,'310000','不被时间和社会所束缚，幸福地填饱肚子，短时间内变得随心所欲，变得‘自由’，不被谁打扰，毫不费神地吃东西的这种孤高行为，是现代人都平等地拥有的最 高治愈。',0,3,'2018-01-06 00:00:00','2018-11-06 00:00:00',580,1000),

(1345,'【天津】天空之城——久石让宫崎骏动漫视听龙猫乐队纯真之旅音乐会','156499_n.jpg',60,'津湾大剧院 - 天津',10,'120000','这是一场动画与音乐完美结合、适合全家人和小朋友一起看的视听音乐会',0,3,'2018-01-06 00:00:00','2018-11-06 00:00:00',600,1000),

(1346,'【上海】卡农——古典情调钢琴曲心灵邂逅演奏会','149083_n.jpg',160,'上海大剧院-别克中剧场 - 上海',10,'310000','有人说，《卡农》是“the song of love”，关于《卡农》，还流传着一个凄美绝伦的爱情故事',0,3,'2018-01-06 00:00:00','2018-11-06 00:00:00',280,1000),

(1347,'【成都】成都城市音乐会—“天空之城”宫崎骏·久石让动漫视听系列主题音乐会','155170_n.jpg',80,'特仑苏音乐厅 - 成都',10,'510100','“成都城市音乐会” “天空之城”宫崎骏·久石让动漫视听系列主题音乐会期待您的鉴赏。',0,3,'2018-01-06 00:00:00','2018-11-06 00:00:00',380,1000),

(1348,'【北京】北京文化艺术基金2018年度资助项目 英国动漫舞台剧《小羊肖恩》（12月）','167428_n.jpg',80,'中国木偶剧院-大剧场 - 北京',10,'110000','剧中主角小羊肖恩总是充满爱心，机灵勇敢，贯穿始终的英式幽默，会让观众看的捧腹大笑。',0,3,'2018-01-06 00:00:00','2018-11-06 00:00:00',780,1000),

(1349,'【北京】“千与千寻”久石让•宫崎骏动漫视听作品音乐会','166574_n.jpg',99,'隆福剧场 - 北京',10,'110000','伴随着一幅幅精彩而熟悉的电影画面，耳边传来一首首温馨浪漫的旋律',0,3,'2018-01-06 00:00:00','2018-11-06 00:00:00',540,1000),

(1350,'【北京】动画奇幻夜—第二届儿童新春音乐会','167477_n.jpg',100,'北京音乐厅 - 北京',10,'110000','春节前夕，在动画的海洋中共同迎接春节的到来',0,3,'2018-01-06 00:00:00','2018-11-06 00:00:00',406,1000),

(1351,'【北京】久石让.宫崎骏经典作品动漫视听音乐会《听.见风之谷》','165622_n.jpg',80,'世纪剧院 - 北京',10,'110000','在这里，可以欢乐，可以舞蹈，更可以忘记年龄大声地欢笑鼓掌，在这里，你会有享受不完的欢乐和童真。',0,3,'2018-01-06 00:00:00','2018-11-06 00:00:00',380,1000),

(1352,'【上海】【SPYAIR超级粉丝会/迷你不插电】','167311_n.jpg',480,'万代南梦宫上海文化艺术中心 梦想剧场 - 上海',10,'310000','分别为震撼鲜师、死神、堂吉诃德、机动战士高达AGE阿瑟姆篇、蜘蛛侠、潜入侦探蜥蜴等等演唱过主题曲的他们，时隔一年，将再次重临上海开唱',0,3,'2018-01-06 00:00:00','2018-11-06 00:00:00',780,1000),

(1353,'【长春】经典动漫视听音乐会《龙猫和他的小伙伴们》','166223_n.jpg',80,'桃李梅大剧院 - 长春',10,'220100','唤醒心中那一份纯真的童年记忆。',0,3,'2018-01-06 00:00:00','2018-11-06 00:00:00',380,1000),

(1354,'【北京】《火影忍者》动画实境展 首降帝都！','163054_n.jpg',68,'合生汇5F - 北京',10,'110000','火影忍者动画实境展 首降帝都！',0,3,'2018-01-06 00:00:00','2018-11-06 00:00:00',368,1000),

(1355,'【上海】《天空之城》钢琴曲——龙猫乐队演奏会','163872_n.jpg',80,'凯迪拉克·上海音乐厅大厅 - 上海',10,'310000','票价亲民，百元以内就可以欣赏到龙猫乐队演奏的高质量的音乐盛宴。',0,3,'2018-01-06 00:00:00','2018-11-06 00:00:00',360,1000),

(1356,'【北京】千与千寻—宫崎骏•久石让经典动漫原声视听大型交响音乐会','163658_n.jpg',100,'北京音乐厅 - 北京',10,'110000','伴随着一幅幅精彩而熟悉的电影画面，耳边传来一首首温馨浪漫的旋律，定会给演出现场带来无与伦比的震撼效果，让观众朋友们享受美轮美奂的视听盛宴！',0,3,'2018-01-06 00:00:00','2018-11-06 00:00:00',680,1000),

(1357,'【北京】天空之城—久石让·宫崎骏动漫作品视听音乐会','164649_n.jpg',100,'北京音乐厅 - 北京',10,'110000','弦乐和打击乐的完美配合，既高雅又通俗、好听又好看、最受观众喜爱的视听音乐会',0,3,'2018-01-06 00:00:00','2018-11-06 00:00:00',406,1000),

(1358,'【上海】天空之城-久石让•宫崎骏大型动漫作品视听音乐会','155619_n.jpg',120,'东方艺术中心-音乐厅 - 上海',10,'310000','一幅幅精彩画面伴随着温馨、浪漫而又大气磅礴的交响音乐的震撼效果迎面扑来，对于喜爱“宫崎骏电影配乐”的观众来说，无疑是一次视觉和听觉的绝佳享受。',0,3,'2018-01-06 00:00:00','2018-11-06 00:00:00',580,1000),

(1359,'【上海】《四月是你的谎言》钢琴小提琴唯美经典音乐集','149085_n.jpg',160,'上海大剧院-别克中剧场 - 上海',10,'310000','正因为有了音乐，才有了相遇的瞬间，有了相会的感动，有了相逢的人们，有了邂逅的思念。',0,3,'2018-01-06 00:00:00','2018-11-06 00:00:00',280,1000),

(1360,'【上海】天空之城-久石让•宫崎骏动漫作品音乐会','142878_n.jpg',120,'上海商城剧院 - 上海',10,'310000','十部最经典的电影，十首气势磅礴的交响组曲，七首脍炙人口的歌曲，超大屏幕精彩电影画面的的视觉享受，绝对超值的视听盛宴',0,3,'2018-01-06 00:00:00','2018-11-06 00:00:00',380,1000),

(1361,'【上海】菊次郎的夏天——久石让钢琴曲龙猫乐队梦幻之旅演奏会','149084_n.jpg',160,'上海大剧院-别克中剧场 - 上海',10,'310000','聆听久石让经典钢琴曲，回味宫崎骏动漫与北野武电影',0,3,'2018-01-06 00:00:00','2018-11-06 00:00:00',360,1000),

(1362,'【北京】2019新年音乐会-久石让・宫崎骏经典版动漫视听音乐会','164346_n.jpg',100,'中山音乐堂 - 北京',10,'110000','每一曲熟悉的旋律，都能触及你心底最柔软的地方',0,3,'2018-01-06 00:00:00','2018-11-06 00:00:00',580,1000),

(1363,'【成都】中世爱乐乐团“天空之城”——久石让&宫崎骏经典动漫视听音乐会成都站','166400_n.jpg',120,'大喜时代剧场 - 成都',10,'510100','经典动漫画面与魅力音乐的相映互动',0,3,'2018-01-06 00:00:00','2018-11-06 00:00:00',1050,1000),

(1364,'【天津】【万有音乐系】“魔女宅急便”宫崎骏·久石让动漫视听系列主题音乐会','143284_n.jpg',80,'天津红旗剧院 - 天津',10,'120000','每一曲动人的旋律，用最奇幻的色彩，勾勒出一幅幅素雅的绝美画面。',0,3,'2018-01-06 00:00:00','2018-11-06 00:00:00',280,1000),

(1365,'【上海】咪拉动漫花园——经典动漫钢琴曲极致纯音演奏会','152441_n.jpg',80,'凯迪拉克·上海音乐厅大厅 - 上海',10,'310000','深爱《罪恶王冠》，美妙的琴音，唤醒我们与《罪恶王冠》一起的记忆。',0,2,'2018-01-06 00:00:00','2018-11-06 00:00:00',360,1000),

(1366,'【上海】扶桑社官方授权舞台剧《孤独的美食家》 久住昌之原作 谷口治郎作画','160445_n.jpg',80,'上剧场 - 上海',10,'310000','不被时间和社会所束缚，幸福地填饱肚子，短时间内变得随心所欲，变得‘自由’，不被谁打扰，毫不费神地吃东西的这种孤高行为，是现代人都平等地拥有的最 高治愈。',0,2,'2018-01-06 00:00:00','2018-11-06 00:00:00',580,1000),

(1367,'【青岛】《四月是你的谎言》——“公生”与“薰”的钢琴小提琴唯美经典音乐集','157308_n.jpg',100,'青岛市人民会堂 - 青岛',10,'370200','此生无悔入四月，来世愿做友人A',0,2,'2018-01-06 00:00:00','2018-11-06 00:00:00',580,1000),

(1368,'【昆明】千与千寻”宫崎骏·久石让动漫视听系列主题音乐会','137796_n.jpg',12,'抗战胜利堂 - 昆明',10,'530100','勾勒出一幅幅素雅的绝美画面，装点了每个纯美无暇的梦。',0,3,'2018-01-06 00:00:00','2018-11-06 00:00:00',520,1000),

(1369,'【上海】卡农——古典情调钢琴曲心灵邂逅演奏会','149083_n.jpg',160,'上海大剧院-别克中剧场 - 上海',10,'310000','有人说，《卡农》是“the song of love”，关于《卡农》，还流传着一个凄美绝伦的爱情故事',0,3,'2018-01-06 00:00:00','2018-11-06 00:00:00',280,1000),

(1370,'【贵阳】【万有音乐系】宫崎骏·久石让动漫视听系列主题音乐会贵阳站——2018贵阳音乐季','154990_n.jpg',80,'贵阳星光剧场 - 贵阳',10,'520100','一代宗师匠心独具！',0,3,'2018-01-06 00:00:00','2018-11-06 00:00:00',449,1000),

(1371,'【上海】菊次郎的夏天——久石让钢琴曲龙猫乐队梦幻之旅演奏会','159970_n.jpg',80,'凯迪拉克·上海音乐厅大厅 - 上海',10,'310000','聆听久石让经典钢琴曲，回味宫崎骏动漫与北野武电影',0,3,'2018-01-06 00:00:00','2018-11-06 00:00:00',360,1000),

(1372,'【成都】成都城市音乐会—“天空之城”宫崎骏·久石让动漫视听系列主题音乐会','155170_n.jpg',80,'特仑苏音乐厅 - 成都',10,'510100','“成都城市音乐会” “天空之城”宫崎骏·久石让动漫视听系列主题音乐会期待您的鉴赏。',0,3,'2018-01-06 00:00:00','2018-11-06 00:00:00',380,1000),

(1373,'【天津】天空之城——久石让宫崎骏动漫视听龙猫乐队纯真之旅音乐会','156499_n.jpg',60,'津湾大剧院 - 天津',10,'120000','这是一场动画与音乐完美结合、适合全家人和小朋友一起看的视听音乐会',0,3,'2018-01-06 00:00:00','2018-11-06 00:00:00',600,1000),

(1374,'【上海】【棉花糖与白日梦】 交互艺术体验展','164130_n.jpg',50,'中海环宇荟 - 上海',11,'310000','与一般的“网红打卡展”不同，“棉花糖与白日梦”通过超大空间，15个展览单元，10种主题气味，10个沉浸互动式体验装置，35+风格各异的拍照场景，10+可以品尝的滋味，带给参观者不一样的沉浸式互动体验。',0,3,'2018-01-06 00:00:00','2018-11-06 00:00:00',128,1000),

(1375,'【上海】致敬达芬奇，一场横跨500年的时空对话','167440_n.jpg',60,'上海环球金融中心 - 上海',11,'310000','将带你一起探索达芬奇的前世今生，解开蒙娜丽莎的秘密！',0,3,'2018-01-06 00:00:00','2018-11-06 00:00:00',120,1000),

(1376,'【上海】掠影藏花-瞬间艺术中的永恒之美','167247_n.jpg',30,'杜若云章画廊 - 上海',11,'310000','杜若云章每年都为大家带来一次摄影艺术之旅，希望这个与我们似亲又疏的媒介，通过不同摄影艺术家的作品，增添我们的赏识、丰富我们的生活。',0,3,'2018-01-06 00:00:00','2018-11-06 00:00:00',268,1000),

(1377,'【上海】2018上海“万象花卉杯”多肉植物展','166070_n.jpg',25,'上海世博会博物馆 - 上海',11,'310000','本次多肉植物展规模和声势庞大，有来自国外荷兰、美国、德国、韩国、日本，等珍稀多肉植物参展，囊括了各科属多肉植物近千盆，各大多肉大咖、珍稀品种将一一亮相',0,3,'2018-01-06 00:00:00','2018-11-06 00:00:00',30,1000),

(1378,'【上海】2018 ART021上海廿一当代艺术博览会','165205_n.jpg',60,'上海展览中心 - 上海',11,'310000','本届博览会不仅延续之前三个主要板块：主画廊单元（MAIN\n                                    GALLERIES）、APPROACH单元和BEYOND公共项目单元，还全新推出BEYOND-EXTENDS单元，并且新增加了DETOUR“绕行”全新策展单元。',0,3,'2018-01-06 00:00:00','2018-11-06 00:00:00',100,1000),

(1379,'【上海】浮世绘大师展','162926_n.jpg',66,'中金国际广场新华中心2层新空间 - 上海',11,'310000','本次展览展示了浮世绘美术史和日本社会发展史的一个重要缩影。',0,3,'2018-01-06 00:00:00','2018-11-06 00:00:00',138,1000),

(1380,'【上海】Hello，Banana Milk','166484_n.jpg',78,'上海大悦城 - 上海',11,'310000','挂满香蕉的秋千屋，香蕉厨房，香蕉海洋池，随手涂鸦墙，粉蕉浴室，霓虹走廊等多个好玩又时髦的场景，随手就拍出网“黄”照来。',0,3,'2018-01-06 00:00:00','2018-11-06 00:00:00',180,1000),

(1381,'【上海】减压展2.0-十八项奇葩体验','152180_n.jpg',48,'新华联大厦B1 - 上海',11,'310000','生活中有一种东西是不可或缺的，那就是安排休息与玩笑的时间。',0,3,'2018-01-06 00:00:00','2018-11-06 00:00:00',188,1000),

(1382,'【南京】Notion&Origin主题展 第一期\n                                Ge就Ge位之“十二星座”','166249_n.jpg',68,'弘阳生活馆 - 南京',11,'320100','不同的色彩和元素搭配，每个场景有有不一样的感觉，快来找到自己的星座屋，Ge就Ge位吧！',0,3,'2018-01-06 00:00:00','2018-11-06 00:00:00',NULL,1000),

(1383,'【上海】辛迪•舍曼（Cindy Sherman）中国首展','164983_n.jpg',50,'复星艺术中心 - 上海',11,'310000','本次展览将多元呈现171件涵盖艺术家不同历史时期、不同系列的摄影代表作品，以及曾使用过的拍摄道具、有关文献和影像资料等',0,3,'2018-01-06 00:00:00','2018-11-06 00:00:00',120,1000),

(1384,'【上海】2018 INNERSECT 国际潮流文化体验展','160124_n.jpg',198,'上海新国际博览中心 - 上海',11,'310000','打开INNERSECT，在这国际潮流视听的饕餮飨宴，去融合、去感知、去创造，「文化在此发生」',0,2,'2018-01-06 00:00:00','2018-11-06 00:00:00',620,1000),

(1385,'【上海】众妙之门','163857_n.jpg',80,'上海当代艺术馆 - 上海',11,'310000','“众妙之门”旨在链接科学与艺术的视野呈现人类学话题，在当代艺术中注入多元学科的能量，拓展艺术探索和展示的边界，美术馆新元年“跨界+”的理念于此正式启航。',0,2,'2018-01-06 00:00:00','2018-11-06 00:00:00',NULL,1000),

(1386,'【上海】潮拍快闪 潮拍体验展：独角兽与幻乐园——限时UNICORN变身时间到！','164805_n.jpg',38,'保利时光里 - 上海',11,'310000','拥有纯真内心的人才能进入幻境之门，探索彩虹彼端的所有关于Unicorn的秘密……',0,3,'2018-01-06 00:00:00','2018-11-06 00:00:00',88,1000),

(1387,'【上海】TP国际当代首饰双年展：三世之界','164852_n.jpg',30,'昊美术馆 - 上海',11,'310000','回溯首饰数千年的历史发展，映射一个时空下的社会与文化对“价值”的认知',0,3,'2018-01-06 00:00:00','2018-11-06 00:00:00',50,1000),

(1388,'【上海】魔都殿堂级艺术据点，邀你玩味盛夏集 KikyoSpace','164811_n.jpg',99,'KikyoSpace艺术空间 - 上海',11,'310000','魔都殿堂级艺术据点，邀你玩味夏日新时尚',0,3,'2018-01-06 00:00:00','2018-11-06 00:00:00',129,1000),

(1389,'【上海】玩趣工厂“玩创世界”互动展-上海站','163569_n.jpg',40,'兴业太古汇南广场 - 上海',11,'310000','酝酿8年 全球56位玩创艺术家陪你潜能发酵',0,3,'2018-01-06 00:00:00','2018-11-06 00:00:00',NULL,1000),

(1390,'【上海】波普艺术大师罗素·杨之造星时代中国首展','164103_n.jpg',30,'艺仓美术馆 - 上海',11,'310000','罗素·杨是一位以大型丝网印刷闻名的艺术家，其艺术创作深受波普艺术领袖安迪·沃霍尔的影响。',0,3,'2018-01-06 00:00:00','2018-11-06 00:00:00',90,1000),

(1391,'【上海】隈研吾的材料研究室','161998_n.jpg',60,'虹桥国际展汇 - 上海',11,'310000','材料是有生命的，因而它才深奥，它才千方百计地抵抗。',0,3,'2018-01-06 00:00:00','2018-11-06 00:00:00',NULL,1000),

(1392,'【上海】时间剧场展览 - 震撼人心的沉浸艺术情感大展','158874_n.jpg',11,'上海万象城 - 上海',11,'310000','全新的交互体验，不止是好玩而已',0,3,'2018-01-06 00:00:00','2018-11-06 00:00:00',150,1000),

(1393,'【上海】NBA冠军主题展','160329_n.jpg',50,'拉法耶艺术设计中心 - 上海',11,'310000','近3000平米展览现场融汇72年点滴历史，五大板块、二十余个展项多维度呈现那些不可复制的荣耀时刻，不只是冠军，还有这条路上每个人的梦想。',0,3,'2018-01-06 00:00:00','2018-11-06 00:00:00',200,1000),

(1394,'【上海】白夜星辰-沉浸式星空娱乐展全球巡展 上海站','166734_n.jpg',68,'长宁来福士户外大草坪 - 上海',11,'310000','星空是众神的舞台，我们向星空许下了许多美好的誓言，星空下，一个吻，两颗心，我们相拥晚安。',0,3,'2018-01-06 00:00:00','2018-11-06 00:00:00',148,1000),

(1395,'【上海】好奇柜2 妙幻博物馆','162383_n.jpg',50,'朵云轩艺术中心 - 上海',11,'310000','本次展览配合好奇柜主题，精选了妙幻博物馆中陈庆庆二十余载创作脉络中极具代表性的装置作品百余件，包括抽屉装置、蔴系列、雕塑、灯箱、版画等。',0,3,'2018-01-06 00:00:00','2018-11-06 00:00:00',120,1000),

(1396,'【上海】开启一场找自己的旅程 KikyoGallery 对号入座 等你入座','164321_n.jpg',89,'kikyo gallery艺术空间 - 上海',11,'310000','焦虑与兴奋全天候不断切换，让我们不同程度地患上了千奇百怪的“都市青年病”',0,3,'2018-01-06 00:00:00','2018-11-06 00:00:00',109,1000),

(1397,'【上海】“干杯！“&“存在·感”—— 盈艺术11月艺术季','167446_n.jpg',30,'盈艺术中心 - 上海',11,'310000','传达3位艺术家构架出一个以躯体和空间多重呈现，交织出一种强烈存在感知的展览，三位艺术家以他们的逻辑和思考，独立表达和创造着多重存在。这些“存在”不光表现在作品的语言上',0,3,'2018-01-06 00:00:00','2018-11-06 00:00:00',NULL,1000),

(1398,'【上海】呢喃的泥土-卡塔琳娜·格罗斯中国首次个展','163605_n.jpg',60,'chi K11美术馆 - 上海',11,'310000','格罗斯以工业喷枪作为主要绘画工具，把斑驳陆离的颜料涂覆整个展览空间，以及与展场环境融合的物品，营造沉浸式的复杂景观。',0,3,'2018-01-06 00:00:00','2018-11-06 00:00:00',200,1000),

(1399,'【常州】光影常州 国际艺术大展X法国里昂灯光节','165302_n.jpg',50,'常州购物中心 - 常州',11,'320400','全常州的小哥哥小姐姐都来打卡啦！快来体验光影的魅力吧！',0,3,'2018-01-06 00:00:00','2018-11-06 00:00:00',NULL,1000),

(1400,'【上海】环球奇趣体验馆','109114_n.jpg',48,'环球奇趣体验馆 - 上海',11,'310000','恣意体验无所不能的奇幻世界',0,3,'2018-01-06 00:00:00','2018-11-06 00:00:00',168,1000),

(1401,'【苏州】玩库多媒体美术启蒙儿童剧《从达芬奇到毕加索》','163007_n.jpg',60,'苏州市会议中心 - 苏州',11,'320500','大师级作品全维度展现。',0,3,'2018-01-06 00:00:00','2018-11-06 00:00:00',380,1000),

(1402,'【南京】《大有不“童”国际绘本展》','162599_n.jpg',49,'南京中海环宇城 - 南京',11,'320100','7大作品区&众多互动装置让孩子乐翻天，寓教于乐！',0,3,'2018-01-06 00:00:00','2018-11-06 00:00:00',119,1000),

(1403,'【武汉】汉古艺术馆：汉古阁近现代精品文物展','143517_n.jpg',28.5,'汉古艺术馆 - 武汉',11,'420100','汉古阁艺术馆内设陶瓷、佛造像、家具、鼻烟壶、书画等展览。展陈以开放、互动、人性化的设计，强调人与历史的沟通融合。',0,3,'2018-01-06 00:00:00','2018-11-06 00:00:00',NULL,1000),

(1404,'【南京】《遇见·印象派》光影互动艺术展','161764_n.jpg',49,'河西金鹰世界 - 南京',11,'320100','采用高清投影技术，将印象派经典画作在大型投影幕中动态展现，颠覆传统的动态展览。',0,3,'2018-01-06 00:00:00','2018-11-06 00:00:00',59,1000),

(1405,'【上海】浦江郊野公园·奇迹花园 2018年秋季艺术花展','162133_n.jpg',27,'上海浦江郊野公园 - 上海',11,'310000','花语星愿·同道大叔探秘奇迹花园',0,3,'2018-01-06 00:00:00','2018-11-06 00:00:00',NULL,1000),

(1406,'【上海】溯·源：近现代书画名家作品收藏展','159279_n.jpg',50,'上海喜玛拉雅美术馆 - 上海',11,'310000','此次展览集合源自晚清、民国到建国前后总计二十八位书画、国学名家的创作二十九件。',0,3,'2018-01-06 00:00:00','2018-11-06 00:00:00',NULL,1000),

(1407,'【西安】《印象陕北》原生陕北民歌特色演出','152751_n.jpg',60,'陕北民歌大舞台 - 西安',12,'610100','一场黄土地上的深情诉说，一代民族文化的经典传承。',0,3,'2018-01-06 00:00:00','2018-11-06 00:00:00',288,1000),

(1408,'【上海】奇思妙想的时空洞','107713_n.jpg',180,'奇思妙想的时空洞 - 上海',12,'310000','这是一个将各种体验集合在一起的展馆，真正的体验馆大团购。',0,3,'2018-01-06 00:00:00','2018-11-06 00:00:00',NULL,1000),

(1409,'【上海】上海杂技之夜《魅力东方》','121116_n.jpg',180,'三林世博文化中心（三林影剧院） - 上海',12,'310000','这是一场传统与时尚完美结合，激情碰撞下的震撼表演',0,3,'2018-01-06 00:00:00','2018-11-06 00:00:00',480,1000),

(1410,'【贵阳】《多彩贵州风》大型民族歌舞晚会','96811_n.jpg',178,'贵阳大剧院 - 贵阳',12,'520100','大型民族歌舞《多彩贵州风》，到贵州必看的一场演出。',0,3,'2018-01-06 00:00:00','2018-11-06 00:00:00',268,1000);

/*Table structure for table `t_ticket` */

DROP TABLE IF EXISTS `t_ticket`;

CREATE TABLE `t_ticket` (
  `ticket_id` BIGINT(20) NOT NULL AUTO_INCREMENT COMMENT '主键，票id',
  `ticket_price` DOUBLE NOT NULL COMMENT '票价',
  `ticket_num` BIGINT(20) NOT NULL COMMENT '票库存数',
  `show_id` BIGINT(20) NOT NULL COMMENT '外键，演出id',
  `time_id` BIGINT(20) NOT NULL COMMENT '外键，演出时间id',
  PRIMARY KEY (`ticket_id`),
  KEY `show_id` (`show_id`),
  CONSTRAINT `t_ticket_ibfk_4` FOREIGN KEY (`show_id`) REFERENCES `t_show` (`show_id`) ON DELETE CASCADE ON UPDATE CASCADE,
  CONSTRAINT `t_show_id_7891` FOREIGN KEY (`show_id`) REFERENCES `t_show` (`show_id`),
  CONSTRAINT `t_ticket_ibfk_1` FOREIGN KEY (`show_id`) REFERENCES `t_show` (`show_id`) ON DELETE CASCADE ON UPDATE CASCADE,
  CONSTRAINT `t_ticket_ibfk_2` FOREIGN KEY (`show_id`) REFERENCES `t_show` (`show_id`) ON DELETE CASCADE ON UPDATE CASCADE,
  CONSTRAINT `t_ticket_ibfk_3` FOREIGN KEY (`show_id`) REFERENCES `t_show` (`show_id`) ON DELETE CASCADE ON UPDATE CASCADE
) ENGINE=INNODB AUTO_INCREMENT=1325 DEFAULT CHARSET=utf8;

/*Data for the table `t_ticket` */

INSERT  INTO `t_ticket`(`ticket_id`,`ticket_price`,`ticket_num`,`show_id`,`time_id`) VALUES

(1,260,1000,174,1),

(2,260,1000,174,1),

(3,400,1000,174,2),

(4,380,0,175,4),

(5,580,0,175,4),

(6,1280,1000,175,4),

(7,250,1000,176,5),

(8,280,0,176,5),

(9,250,0,176,7),

(10,149,0,177,8),

(11,169,1000,177,8),

(12,249,0,177,8),

(13,269,1000,177,8),

(14,399,0,177,8),

(15,499,1000,177,8),

(16,499,0,177,8),

(17,549,1000,177,8),

(18,180,0,178,9),

(19,280,1000,178,9),

(20,380,1000,178,9),

(21,560,1000,178,9),

(22,260,1000,179,10),

(23,300,0,179,10),

(24,460,1000,179,10),

(25,260,1000,179,11),

(26,300,0,179,11),

(27,460,1000,179,11),

(28,420,1000,179,12),

(29,299,0,179,13),

(30,399,1000,179,13),

(31,599,1000,179,13),

(32,899,1000,179,13),

(33,1199,1000,179,13),

(34,1299,1000,179,13),

(35,1999,1000,179,13),

(36,80,1000,180,14),

(37,180,1000,180,14),

(38,252,1000,180,14),

(39,280,1000,180,14),

(40,380,1000,180,14),

(41,392,1000,180,14),

(42,480,1000,180,14),

(43,532,1000,180,14),

(44,672,1000,180,14),

(45,680,1000,180,14),

(46,880,1000,180,14),

(47,952,1000,180,14),

(48,1808,1000,180,14),

(49,1232,1000,180,14),

(50,80,1000,180,15),

(51,180,1000,180,15),

(52,252,1000,180,15),

(53,280,1000,180,15),

(54,380,1000,180,15),

(55,392,1000,180,15),

(56,480,1000,180,15),

(57,532,1000,180,15),

(58,672,1000,180,15),

(59,680,1000,180,15),

(60,880,1000,180,15),

(61,952,1000,180,15),

(62,1808,1000,180,15),

(63,1232,1000,180,15),

(64,80,1000,180,16),

(65,180,1000,180,16),

(66,252,1000,180,16),

(67,280,1000,180,16),

(68,380,1000,180,16),

(69,392,1000,180,16),

(70,480,1000,180,16),

(71,532,1000,180,16),

(72,672,1000,180,16),

(73,680,1000,180,16),

(74,880,1000,180,16),

(75,952,1000,180,16),

(76,1808,1000,180,16),

(77,1232,1000,180,16),

(78,80,1000,180,17),

(79,180,1000,180,17),

(80,252,1000,180,17),

(81,380,1000,180,17),

(82,392,1000,180,17),

(83,480,1000,180,17),

(84,532,1000,180,17),

(85,672,1000,180,17),

(86,680,1000,180,17),

(87,880,1000,180,17),

(88,952,1000,180,17),

(89,1808,1000,180,17),

(90,1232,1000,180,17),

(91,80,1000,181,18),

(92,128,1000,181,18),

(93,180,1000,181,18),

(94,280,1000,181,18),

(95,288,1000,181,18),

(96,380,1000,181,18),

(97,448,1000,181,18),

(98,480,1000,181,18),

(99,1080,1000,181,18),

(100,80,1000,181,18),

(101,128,1000,181,18),

(102,180,1000,181,18),

(103,280,1000,181,18),

(104,188,100,181,18),

(105,380,1000,181,18),

(106,448,1000,181,18),

(107,480,1000,181,18),

(108,608,1000,181,18),

(109,680,1000,181,18),

(110,768,1000,181,18),

(111,880,1000,181,18),

(112,1080,1000,181,18),

(113,1088,1000,181,18),

(114,80,1000,181,19),

(115,128,1000,181,19),

(116,180,1000,181,19),

(117,280,1000,181,19),

(118,288,1000,181,19),

(119,380,1000,181,19),

(120,448,1000,181,19),

(121,480,1000,181,19),

(122,608,1000,181,19),

(123,680,1000,181,19),

(124,768,1000,181,19),

(125,1080,1000,181,19),

(126,1088,1000,181,19),

(127,80,1000,181,20),

(128,128,1000,181,20),

(129,180,1000,181,20),

(130,280,1000,181,20),

(131,288,1000,181,20),

(132,380,1000,181,20),

(133,448,1000,181,20),

(134,480,1000,181,20),

(135,608,1000,181,20),

(136,680,1000,181,20),

(137,768,1000,181,20),

(138,1080,1000,181,20),

(139,1088,1000,181,20),

(140,80,1000,181,21),

(141,128,1000,181,21),

(142,180,1000,181,21),

(143,280,1000,181,21),

(144,288,1000,181,21),

(145,380,1000,181,21),

(146,448,1000,181,21),

(147,480,1000,181,21),

(148,608,1000,181,21),

(149,680,1000,181,21),

(150,768,1000,181,21),

(151,1080,1000,181,21),

(152,1088,1000,181,21),

(153,80,1000,181,22),

(154,128,1000,181,22),

(155,180,1000,181,22),

(156,280,1000,181,22),

(157,288,1000,181,22),

(158,380,1000,181,22),

(159,448,1000,181,22),

(160,480,1000,181,22),

(161,608,1000,181,22),

(162,680,1000,181,22),

(163,768,1000,181,22),

(164,1080,1000,181,22),

(165,1088,1000,181,22),

(166,80,0,182,23),

(167,128,1000,182,23),

(168,180,1000,182,23),

(169,280,1000,182,23),

(170,380,1000,182,23),

(171,480,1000,182,23),

(172,680,1000,182,23),

(173,900,1000,182,23),

(174,1200,1000,182,23),

(175,80,0,182,24),

(176,128,1000,182,24),

(177,180,1000,182,24),

(178,280,1000,182,24),

(179,380,1000,182,24),

(180,480,1000,182,24),

(181,680,1000,182,24),

(182,900,1000,182,24),

(183,1200,1000,182,24),

(184,80,0,182,25),

(185,128,1000,182,25),

(186,180,1000,182,25),

(187,280,1000,182,25),

(188,380,1000,182,25),

(189,480,1000,182,25),

(190,680,1000,182,25),

(191,900,1000,182,25),

(192,1200,1000,182,25),

(193,80,0,182,26),

(194,128,1000,182,26),

(195,180,1000,182,26),

(196,280,1000,182,26),

(197,380,1000,182,26),

(198,480,1000,182,26),

(199,680,1000,182,26),

(200,900,1000,182,26),

(201,1200,1000,182,26),

(202,80,0,182,27),

(203,128,1000,182,27),

(204,180,1000,182,27),

(205,280,1000,182,27),

(206,380,1000,182,27),

(207,480,1000,182,27),

(208,680,1000,182,27),

(209,900,1000,182,27),

(210,1200,1000,182,27),

(211,100,1000,183,28),

(212,150,1000,183,28),

(213,180,1000,183,28),

(214,270,1000,183,28),

(215,280,1000,183,28),

(216,380,1000,183,28),

(217,420,1000,183,28),

(218,480,1000,183,28),

(219,570,1000,183,28),

(220,680,1000,183,28),

(221,720,1000,183,28),

(222,880,1000,183,28),

(223,1020,1000,183,28),

(224,1320,1000,183,28),

(225,100,1000,183,29),

(226,150,1000,183,29),

(227,180,1000,183,29),

(228,270,1000,183,29),

(229,280,1000,183,29),

(230,380,1000,183,29),

(231,420,1000,183,29),

(232,480,1000,183,29),

(233,570,1000,183,29),

(234,680,1000,183,29),

(235,720,1000,183,29),

(236,880,1000,183,29),

(237,1020,1000,183,29),

(238,1320,1000,183,29),

(239,100,1000,183,30),

(240,150,1000,183,30),

(241,180,1000,183,30),

(242,230,1000,183,30),

(243,280,1000,183,30),

(244,330,1000,183,30),

(245,380,1000,183,30),

(246,430,1000,183,30),

(247,480,1000,183,30),

(248,530,1000,183,30),

(249,680,1000,183,30),

(250,730,1000,183,30),

(251,880,1000,183,30),

(252,930,1000,183,30),

(253,100,1000,183,31),

(254,150,1000,183,31),

(255,180,1000,183,31),

(256,230,1000,183,31),

(257,280,1000,183,31),

(258,330,1000,183,31),

(259,380,1000,183,31),

(260,430,1000,183,31),

(261,480,1000,183,31),

(262,530,1000,183,31),

(263,680,1000,183,31),

(264,730,1000,183,31),

(265,880,1000,183,31),

(266,930,1000,183,31),

(267,100,1000,184,32),

(268,160,1000,184,32),

(269,240,1000,184,32),

(270,350,1000,184,32),

(271,400,1000,184,32),

(272,480,1000,184,32),

(273,500,1000,184,32),

(274,800,1000,184,32),

(275,100,1000,184,33),

(276,160,1000,184,33),

(277,240,1000,184,33),

(278,350,1000,184,33),

(279,400,1000,184,33),

(280,480,1000,184,33),

(281,500,1000,184,33),

(282,800,1000,184,33),

(283,100,1000,184,34),

(284,160,1000,184,34),

(285,240,1000,184,34),

(286,350,1000,184,34),

(287,400,1000,184,34),

(288,480,1000,184,34),

(289,500,1000,184,34),

(290,800,1000,184,34),

(291,100,1000,184,35),

(292,160,1000,184,35),

(293,240,1000,184,35),

(294,350,1000,184,35),

(295,400,1000,184,35),

(296,480,1000,184,35),

(297,500,1000,184,35),

(298,800,1000,184,35),

(299,100,1000,184,36),

(300,160,1000,184,36),

(301,240,1000,184,36),

(302,350,1000,184,36),

(303,400,1000,184,36),

(304,480,1000,184,36),

(305,500,1000,184,36),

(306,800,1000,184,36),

(307,100,1000,184,37),

(308,200,1000,184,37),

(309,300,1000,184,37),

(310,480,1000,184,37),

(311,680,1000,184,37),

(312,880,1000,184,37),

(313,100,1000,185,38),

(314,200,1000,185,38),

(315,300,1000,185,38),

(316,480,1000,185,38),

(317,680,1000,185,38),

(318,880,1000,185,38),

(319,50,0,186,39),

(320,100,0,186,39),

(321,180,1000,186,39),

(322,280,1000,186,39),

(323,380,1000,186,39),

(324,50,0,186,40),

(325,100,0,186,40),

(326,180,1000,186,40),

(327,280,1000,186,40),

(328,380,1000,186,40),

(329,50,0,186,41),

(330,100,0,186,41),

(331,180,1000,186,41),

(332,280,1000,186,41),

(333,380,1000,186,41),

(334,50,0,186,42),

(335,100,0,186,42),

(336,180,1000,186,42),

(337,280,1000,186,42),

(338,380,1000,186,42),

(339,50,0,186,43),

(340,100,1000,186,43),

(341,180,1000,186,43),

(342,280,1000,186,43),

(343,380,1000,186,43),

(344,50,1000,186,44),

(345,100,0,186,44),

(346,180,0,186,44),

(347,280,1000,186,44),

(348,380,1000,186,44),

(349,120,1000,187,45),

(350,150,0,187,45),

(351,120,1000,187,46),

(352,150,0,187,46),

(353,120,1000,187,47),

(354,150,0,187,47),

(355,90,1000,187,48),

(356,110,0,187,48),

(357,90,1000,187,49),

(358,110,0,187,49),

(359,120,1000,187,50),

(360,150,0,187,50),

(361,180,0,188,53),

(362,240,1000,188,53),

(363,280,0,188,53),

(364,420,1000,188,53),

(365,400,1000,188,54),

(366,280,0,189,55),

(367,380,1000,189,55),

(368,580,1000,189,55),

(369,280,0,190,56),

(370,480,1000,190,56),

(371,680,1000,190,56),

(372,880,1000,190,56),

(373,1180,1000,190,56),

(374,1380,1000,190,56),

(375,350,1000,191,57),

(376,350,1000,191,58),

(377,700,1000,191,59),

(378,280,0,192,60),

(379,380,0,192,60),

(380,480,1000,192,60),

(381,580,1000,192,60),

(382,780,1000,192,60),

(383,980,0,192,60),

(384,1280,1000,192,60),

(385,188,0,193,61),

(386,388,1000,193,61),

(387,588,1000,193,61),

(388,688,1000,193,61),

(389,988,1000,193,61),

(390,1288,1000,193,61),

(391,1818,0,193,61),

(392,680,0,193,62),

(393,980,1000,193,62),

(394,1680,1000,193,62),

(395,1980,1000,193,62),

(396,680,0,193,63),

(397,980,1000,193,63),

(398,1680,1000,193,63),

(399,1980,1000,193,63),

(400,680,0,193,64),

(401,980,1000,193,64),

(402,1680,1000,193,64),

(403,1980,1000,193,64),

(404,180,0,194,65),

(405,300,0,194,65),

(406,280,0,195,66),

(407,380,0,195,66),

(408,580,1000,195,66),

(409,680,0,195,66),

(410,980,1000,195,66),

(411,1280,1000,195,66),

(412,260,1000,196,67),

(413,290,0,196,67),

(414,420,0,196,67),

(415,260,1000,196,68),

(416,290,0,196,68),

(417,420,0,196,68),

(418,420,1000,196,69),

(419,488,0,197,70),

(420,588,1000,197,70),

(421,788,1000,197,70),

(422,1088,1000,197,70),

(423,1488,1000,197,70),

(424,380,0,198,71),

(425,580,0,198,71),

(426,880,1000,198,71),

(427,1280,0,198,71),

(428,1480,0,198,71),

(429,1680,0,198,71),

(430,200,0,199,72),

(431,260,1000,199,72),

(432,320,0,199,72),

(433,480,1000,199,72),

(434,460,1000,199,73),

(435,200,1000,199,74),

(436,260,1000,199,74),

(437,320,0,199,74),

(438,460,1000,199,74),

(439,380,0,200,75),

(440,580,0,200,75),

(441,780,0,200,75),

(442,980,1000,200,75),

(443,1280,1000,200,75),

(444,224,1000,201,76),

(445,280,0,201,76),

(446,384,1000,201,76),

(447,480,0,201,76),

(448,544,1000,201,76),

(449,680,0,201,76),

(450,704,1000,201,76),

(451,880,0,201,76),

(452,180,0,202,77),

(453,280,1000,202,77),

(454,380,1000,202,77),

(455,480,1000,202,77),

(456,580,1000,202,77),

(457,158,1000,203,78),

(458,286,1000,203,79),

(459,158,1000,203,80),

(460,80,1000,204,81),

(461,180,1000,204,81),

(462,280,1000,204,81),

(463,380,1000,204,81),

(464,400,1000,204,81),

(465,480,1000,204,81),

(466,600,1000,204,81),

(467,680,1000,204,81),

(468,700,1000,204,81),

(469,280,0,205,82),

(470,380,0,205,82),

(471,480,1000,205,82),

(472,580,1000,205,82),

(473,780,1000,205,82),

(474,980,1000,205,82),

(475,1280,1000,205,82),

(476,1680,1000,205,82),

(477,380,0,206,83),

(478,680,1000,206,83),

(479,980,1000,206,83),

(480,1180,1000,206,83),

(481,1380,1000,206,83),

(482,380,0,206,83),

(483,680,1000,206,83),

(484,980,1000,206,83),

(485,1180,1000,206,83),

(486,1380,1000,206,83),

(487,180,1000,207,84),

(488,380,1000,207,84),

(489,580,1000,207,84),

(490,780,1000,207,84),

(491,980,1000,207,84),

(492,1080,1000,207,84),

(493,1280,1000,207,84),

(494,1680,1000,207,84),

(495,480,1000,208,85),

(496,880,1000,208,85),

(497,399,1000,209,86),

(498,599,1000,209,86),

(499,699,1000,209,86),

(500,999,1000,209,86),

(501,1299,1000,209,86),

(502,180,1000,210,87),

(503,280,1000,210,87),

(504,380,1000,210,87),

(505,188,0,211,88),

(506,388,1000,211,88),

(507,588,1000,211,88),

(508,888,1000,211,88),

(509,1088,1000,211,88),

(510,380,0,212,89),

(511,680,0,212,89),

(512,880,1000,212,89),

(513,1080,1000,212,89),

(514,1380,1000,212,89),

(515,1580,1000,212,89),

(516,280,1000,213,90),

(517,480,1000,213,90),

(518,680,1000,213,90),

(519,880,1000,213,90),

(520,1280,1000,213,90),

(521,190,0,214,91),

(522,390,1000,214,91),

(523,552,1000,214,91),

(524,690,0,214,91),

(525,952,0,214,91),

(526,1190,1000,214,91),

(527,1280,1000,214,91),

(528,1780,1000,214,91),

(529,100,0,215,92),

(530,150,1000,215,92),

(531,180,0,215,92),

(532,210,1000,215,92),

(533,380,0,216,93),

(534,580,1000,216,93),

(535,780,1000,216,93),

(536,980,1000,216,93),

(537,1380,1000,216,93),

(538,480,0,217,94),

(539,680,1000,217,94),

(540,880,1000,217,94),

(541,380,0,218,95),

(542,680,0,218,95),

(543,880,1000,218,95),

(544,1080,1000,218,95),

(545,1380,1000,218,95),

(546,1580,1000,218,95),

(547,150,0,218,96),

(548,180,0,218,96),

(549,150,1000,219,97),

(550,180,0,219,97),

(551,150,1000,219,98),

(552,180,0,219,98),

(553,260,1000,219,99),

(554,300,0,219,99),

(555,80,1000,220,100),

(556,180,1000,220,100),

(557,280,1000,220,100),

(558,380,1000,220,100),

(559,488,1000,220,100),

(560,608,1000,220,100),

(561,688,1000,220,100),

(562,899,1000,220,100),

(563,180,1000,221,101),

(564,580,0,221,101),

(565,280,1000,222,102),

(566,380,1000,222,102),

(567,480,1000,222,102),

(568,580,1000,222,102),

(569,880,1000,222,102),

(570,1200,1000,222,102),

(571,1280,1000,222,102),

(572,120,1000,223,103),

(573,220,1000,223,103),

(574,280,0,224,104),

(575,380,1000,224,104),

(576,480,1000,224,104),

(577,680,1000,224,104),

(578,880,1000,224,104),

(579,1280,1000,224,104),

(580,100,1000,225,105),

(581,460,1000,226,106),

(582,560,1000,226,106),

(583,500,1000,226,107),

(584,600,1000,226,107),

(585,380,0,227,108),

(586,580,1000,227,108),

(587,780,1000,227,108),

(588,980,1000,227,108),

(589,1280,1000,227,108),

(590,1580,1000,227,108),

(591,90,1000,228,109),

(592,380,1000,229,110),

(593,580,1000,229,110),

(594,880,1000,229,110),

(595,880,0,229,110),

(596,1280,1000,229,110),

(597,1280,0,229,110),

(598,1280,1000,229,110),

(599,1299,0,229,110),

(600,1680,1000,229,110),

(601,1680,1000,229,110),

(602,1999,0,229,110),

(603,380,0,230,111),

(604,680,0,230,111),

(605,980,0,230,111),

(606,1280,0,230,111),

(607,190,0,231,112),

(608,390,0,231,112),

(609,690,1000,231,112),

(610,1000,1000,231,112),

(611,1280,1000,231,112),

(612,1780,1000,231,112),

(613,80,1000,232,113),

(614,180,1000,232,113),

(615,280,1000,232,113),

(616,380,1000,232,113),

(617,420,1000,232,113),

(618,570,1000,232,113),

(619,580,1000,232,113),

(620,870,1000,232,113),

(621,1180,1000,232,113),

(622,1770,1000,232,113),

(623,80,1000,232,114),

(624,180,1000,232,114),

(625,280,1000,232,114),

(626,380,1000,232,114),

(627,420,1000,232,114),

(628,570,1000,232,114),

(629,580,1000,232,114),

(630,870,1000,232,114),

(631,1180,1000,232,114),

(632,1770,1000,232,114),

(633,80,1000,232,115),

(634,180,1000,232,115),

(635,280,1000,232,115),

(636,380,1000,232,115),

(637,420,1000,232,115),

(638,570,1000,232,115),

(639,580,1000,232,115),

(640,870,1000,232,115),

(641,1180,1000,232,115),

(642,1770,1000,232,115),

(643,100,1000,232,116),

(644,200,1000,232,116),

(645,280,1000,232,116),

(646,420,1000,232,116),

(647,480,1000,232,116),

(648,680,1000,232,116),

(649,720,1000,232,116),

(650,1020,1000,232,116),

(651,1180,1000,232,116),

(652,1770,1000,232,116),

(653,100,1000,232,117),

(654,200,1000,232,117),

(655,280,1000,232,117),

(656,420,1000,232,117),

(657,480,1000,232,117),

(658,680,1000,232,117),

(659,720,1000,232,117),

(660,1020,1000,232,117),

(661,1180,1000,232,117),

(662,1770,1000,232,117),

(663,100,1000,232,118),

(664,200,1000,232,118),

(665,280,1000,232,118),

(666,420,1000,232,118),

(667,480,1000,232,118),

(668,680,1000,232,118),

(669,720,1000,232,118),

(670,1020,1000,232,118),

(671,1180,1000,232,118),

(672,1770,1000,232,118),

(673,80,1000,232,119),

(674,180,1000,232,119),

(675,280,1000,232,119),

(676,380,1000,232,119),

(677,420,1000,232,119),

(678,570,1000,232,119),

(679,580,1000,232,119),

(680,870,1000,232,119),

(681,1180,1000,232,119),

(682,1770,1000,232,119),

(683,80,1000,232,120),

(684,180,1000,232,120),

(685,280,1000,232,120),

(686,380,1000,232,120),

(687,420,1000,232,120),

(688,570,1000,232,120),

(689,580,1000,232,120),

(690,870,1000,232,120),

(691,1180,1000,232,120),

(692,1770,1000,232,120),

(693,100,1000,232,121),

(694,200,1000,232,121),

(695,280,1000,232,121),

(696,420,1000,232,121),

(697,480,1000,232,121),

(698,680,1000,232,121),

(699,720,1000,232,121),

(700,1020,1000,232,121),

(701,1180,1000,232,121),

(702,1770,1000,232,121),

(703,100,1000,232,122),

(704,200,1000,232,122),

(705,280,1000,232,122),

(706,420,1000,232,122),

(707,480,1000,232,122),

(708,680,1000,232,122),

(709,720,1000,232,122),

(710,1020,1000,232,122),

(711,1180,1000,232,122),

(712,1770,1000,232,122),

(713,80,1000,233,123),

(714,128,1000,233,123),

(715,180,1000,233,123),

(716,280,1000,233,123),

(717,288,1000,233,123),

(718,380,1000,233,123),

(719,448,1000,233,123),

(720,480,1000,233,123),

(721,608,1000,233,123),

(722,680,1000,233,123),

(723,768,1000,233,123),

(724,880,1000,233,123),

(725,1080,1000,233,123),

(726,1088,1000,233,123),

(727,80,1000,233,124),

(728,128,1000,233,124),

(729,180,1000,233,124),

(730,280,1000,233,124),

(731,288,1000,233,124),

(732,380,1000,233,124),

(733,448,1000,233,124),

(734,480,1000,233,124),

(735,608,1000,233,124),

(736,680,1000,233,124),

(737,768,1000,233,124),

(738,880,1000,233,124),

(739,1080,1000,233,124),

(740,1088,1000,233,124),

(741,80,1000,233,125),

(742,128,1000,233,125),

(743,180,1000,233,125),

(744,280,1000,233,125),

(745,288,1000,233,125),

(746,380,1000,233,125),

(747,448,1000,233,125),

(748,480,1000,233,125),

(749,608,1000,233,125),

(750,680,1000,233,125),

(751,768,1000,233,125),

(752,880,1000,233,125),

(753,1080,1000,233,125),

(754,1088,1000,233,125),

(755,180,1000,234,127),

(756,280,1000,234,127),

(757,380,1000,234,127),

(758,580,1000,234,127),

(759,880,1000,234,127),

(760,180,1000,234,128),

(761,280,1000,234,128),

(762,380,1000,234,128),

(763,580,1000,234,128),

(764,880,1000,234,128),

(765,180,1000,234,129),

(766,280,1000,234,129),

(767,380,1000,234,129),

(768,580,1000,234,129),

(769,880,1000,234,129),

(770,100,1000,235,130),

(771,160,1000,235,130),

(772,220,1000,235,130),

(773,380,1000,235,130),

(774,100,1000,235,131),

(775,160,1000,235,131),

(776,220,1000,235,131),

(777,380,1000,235,131),

(778,100,1000,235,132),

(779,160,1000,235,132),

(780,220,1000,235,132),

(781,380,1000,235,132),

(782,100,1000,235,133),

(783,160,1000,235,133),

(784,220,1000,235,133),

(785,380,1000,235,133),

(786,102,1000,236,134),

(787,120,1000,236,134),

(788,153,1000,236,134),

(789,180,1000,236,134),

(790,238,1000,236,134),

(791,280,1000,236,134),

(792,323,1000,236,134),

(793,38,1000,236,134),

(794,102,1000,236,135),

(795,120,1000,236,135),

(796,153,1000,236,135),

(797,180,1000,236,135),

(798,238,1000,236,135),

(799,280,1000,236,135),

(800,323,1000,236,135),

(801,38,1000,236,135),

(802,102,1000,236,136),

(803,120,1000,236,136),

(804,153,1000,236,136),

(805,180,1000,236,136),

(806,238,1000,236,136),

(807,280,1000,236,136),

(808,323,1000,236,136),

(809,38,1000,236,136),

(810,80,1000,237,137),

(811,150,1000,237,137),

(812,210,1000,237,137),

(813,220,1000,237,137),

(814,280,1000,237,137),

(815,308,1000,237,137),

(816,380,1000,237,137),

(817,392,1000,237,137),

(818,532,1000,237,137),

(819,80,1000,238,138),

(820,180,1000,238,138),

(821,280,1000,238,138),

(822,380,1000,238,138),

(823,80,1000,238,139),

(824,180,1000,238,139),

(825,280,1000,238,139),

(826,380,1000,238,139),

(827,80,0,239,140),

(828,180,0,239,140),

(829,280,0,239,140),

(830,380,0,239,140),

(831,580,1000,239,140),

(832,180,1000,240,141),

(833,280,1000,240,141),

(834,380,1000,240,141),

(835,480,1000,240,141),

(836,680,0,240,141),

(837,80,1000,241,142),

(838,120,1000,241,142),

(839,180,1000,241,142),

(840,220,1000,241,142),

(841,280,1000,241,142),

(842,380,1000,241,142),

(843,80,0,242,143),

(844,280,0,242,143),

(845,380,1000,242,143),

(846,480,1000,242,143),

(847,680,1000,242,143),

(848,680,1000,242,143),

(849,60,0,243,144),

(850,80,1000,243,144),

(851,120,1000,243,144),

(852,280,1000,243,144),

(853,480,1000,243,144),

(854,500,1000,243,144),

(855,680,1000,243,144),

(856,800,1000,243,144),

(857,880,1000,243,144),

(858,1149,1000,243,144),

(859,1200,1000,243,144),

(860,1499,1000,243,144),

(861,380,1000,244,145),

(862,580,1000,244,145),

(863,680,1000,244,145),

(864,880,1000,244,145),

(865,1080,1000,244,145),

(866,1080,0,244,145),

(867,1620,0,244,145),

(868,1680,1000,244,145),

(869,1680,0,244,145),

(870,2520,0,244,145),

(871,180,1000,245,146),

(872,280,1000,245,146),

(873,380,1000,245,146),

(874,580,1000,245,146),

(875,780,1000,245,146),

(876,980,1000,245,146),

(877,80,1000,246,147),

(878,120,1000,246,147),

(879,180,1000,246,147),

(880,280,1000,246,147),

(881,300,1000,246,147),

(882,380,1000,246,147),

(883,480,1000,246,147),

(884,600,1000,246,147),

(885,100,0,248,149),

(886,180,1000,248,149),

(887,280,1000,248,149),

(888,380,1000,248,149),

(889,480,1000,248,149),

(890,580,1000,248,149),

(891,680,1000,248,149),

(892,880,1000,248,149),

(893,1080,1000,248,149),

(894,25,1000,249,150),

(895,30,1000,249,150),

(896,40,1000,249,150),

(897,50,1000,249,150),

(898,50,1000,249,150),

(899,50,1000,249,150),

(900,280,0,250,151),

(901,380,0,250,151),

(902,580,1000,250,151),

(903,780,1000,250,151),

(904,980,1000,250,151),

(905,1280,1000,250,151),

(906,280,0,251,152),

(907,480,1000,251,152),

(908,680,1000,251,152),

(909,980,1000,251,152),

(910,1280,1000,251,152),

(911,1600,1000,251,152),

(912,2400,1000,251,152),

(913,50,1000,252,153),

(914,100,1000,252,153),

(915,100,1000,252,153),

(916,280,0,253,154),

(917,480,0,253,154),

(918,680,0,253,154),

(919,880,0,253,154),

(920,100,0,254,155),

(921,180,1000,254,155),

(922,280,1000,254,155),

(923,380,1000,254,155),

(924,580,1000,254,155),

(925,100,0,254,156),

(926,180,1000,254,156),

(927,280,1000,254,156),

(928,380,1000,254,156),

(929,580,1000,254,156),

(930,100,0,254,157),

(931,180,1000,254,157),

(932,280,1000,254,157),

(933,380,1000,254,157),

(934,580,1000,254,157),

(935,100,0,254,158),

(936,180,1000,254,158),

(937,280,1000,254,158),

(938,380,1000,254,158),

(939,580,1000,254,158),

(940,100,0,254,159),

(941,180,0,254,159),

(942,280,1000,254,159),

(943,380,1000,254,159),

(944,580,1000,254,159),

(945,100,0,254,160),

(946,180,0,254,160),

(947,280,1000,254,160),

(948,380,1000,254,160),

(949,580,1000,254,160),

(950,100,0,254,161),

(951,180,1000,254,161),

(952,280,1000,254,161),

(953,380,1000,254,161),

(954,580,1000,254,161),

(955,20,1000,255,162),

(956,40,1000,255,162),

(957,280,1000,256,163),

(958,380,1000,256,163),

(959,380,1000,256,163),

(960,580,1000,256,163),

(961,980,1000,256,163),

(962,1380,1000,256,163),

(963,280,1000,256,164),

(964,380,0,256,164),

(965,380,1000,256,164),

(966,580,0,256,164),

(967,980,1000,256,164),

(968,1380,0,256,164),

(969,49,1000,257,165),

(970,79,0,257,166),

(971,119,0,257,166),

(972,169,0,257,166),

(973,120,1000,258,167),

(974,120,1000,258,168),

(975,11.11,0,259,169),

(976,30,1000,259,169),

(977,60,1000,259,169),

(978,90,1000,259,169),

(979,50,1000,260,170),

(980,80,1000,261,171),

(981,120,1000,261,171),

(982,180,1000,261,171),

(983,180,1000,261,171),

(984,280,1000,261,171),

(985,380,1000,261,171),

(986,450,1000,261,171),

(987,80,1000,261,172),

(988,120,1000,261,172),

(989,180,1000,261,172),

(990,180,1000,261,172),

(991,280,1000,261,172),

(992,380,1000,261,172),

(993,450,1000,261,172),

(994,100,0,262,173),

(995,180,0,262,173),

(996,280,1000,262,173),

(997,380,1000,262,173),

(998,480,1000,262,173),

(999,580,0,262,173),

(1000,780,1000,262,173),

(1001,100,1000,262,174),

(1002,180,1000,262,174),

(1003,280,1000,262,174),

(1004,380,1000,262,174),

(1005,480,1000,262,174),

(1006,580,1000,262,174),

(1007,780,1000,262,174),

(1008,100,1000,262,175),

(1009,180,1000,262,175),

(1010,280,1000,262,175),

(1011,380,1000,262,175),

(1012,480,1000,262,175),

(1013,580,1000,262,175),

(1014,780,1000,262,175),

(1015,180,1000,263,176),

(1016,280,1000,263,176),

(1017,480,1000,263,176),

(1018,680,1000,263,176),

(1019,680,1000,263,176),

(1020,880,1000,263,176),

(1021,880,1000,263,176),

(1022,680,1000,263,176),

(1023,880,1000,263,176),

(1024,100,1000,264,349),

(1025,280,1000,264,349),

(1026,480,1000,264,349),

(1027,680,1000,264,349),

(1028,880,1000,264,349),

(1029,1080,1000,264,349),

(1030,100,1000,264,350),

(1031,280,1000,264,350),

(1032,480,1000,264,350),

(1033,680,1000,264,350),

(1034,880,1000,264,350),

(1035,1080,1000,264,350),

(1036,100,1000,264,351),

(1037,280,1000,264,351),

(1038,480,1000,264,351),

(1039,680,1000,264,351),

(1040,880,1000,264,351),

(1041,1080,1000,264,351),

(1042,100,0,265,352),

(1043,160,0,265,352),

(1044,240,0,265,352),

(1045,300,0,265,352),

(1046,380,0,265,352),

(1047,100,0,265,353),

(1048,160,1000,265,353),

(1049,240,1000,265,353),

(1050,300,1000,265,353),

(1051,380,1000,265,353),

(1052,100,1000,265,353),

(1053,160,1000,265,353),

(1054,240,1000,265,353),

(1055,300,1000,265,353),

(1056,380,1000,265,353),

(1057,60,1000,266,355),

(1058,100,0,266,355),

(1059,160,1000,266,355),

(1060,260,1000,266,355),

(1061,360,1000,266,355),

(1062,460,1000,266,355),

(1063,760,1000,266,355),

(1064,960,1000,266,355),

(1065,60,1000,266,356),

(1066,100,1000,266,356),

(1067,160,1000,266,356),

(1068,260,1000,266,356),

(1069,360,1000,266,356),

(1070,460,1000,266,356),

(1071,760,1000,266,356),

(1072,960,1000,266,356),

(1073,1150,1000,266,357),

(1074,50,1000,266,358),

(1075,80,1000,266,358),

(1076,100,1000,266,358),

(1077,160,1000,266,358),

(1078,260,1000,266,358),

(1079,360,1000,266,358),

(1080,560,1000,266,358),

(1081,760,1000,266,358),

(1082,1,1000,267,359),

(1083,9.9,0,267,360),

(1084,99.9,1000,267,360),

(1085,180,1000,267,360),

(1086,800,1000,267,361),

(1087,1200,1000,267,361),

(1088,1,1000,267,362),

(1089,180,1000,267,363),

(1090,280,1000,267,363),

(1091,18,1000,267,364),

(1092,180,1000,267,364),

(1093,1,1000,267,365),

(1094,800,1000,267,366),

(1095,1200,1000,267,366),

(1096,180,1000,267,367),

(1097,280,1000,267,367),

(1098,1800,1000,267,368),

(1099,50,1000,268,369),

(1100,98,1000,268,369),

(1101,99,1000,268,369),

(1102,138,1000,268,369),

(1103,168,1000,268,369),

(1104,199,1000,268,369),

(1105,299,1000,268,369),

(1106,399,1000,268,369),

(1107,880,1000,268,369),

(1108,50,1000,268,370),

(1109,98,1000,268,370),

(1110,99,1000,268,370),

(1111,138,1000,268,370),

(1112,168,1000,268,370),

(1113,199,1000,268,370),

(1114,299,1000,268,370),

(1115,399,1000,268,370),

(1116,880,1000,268,370),

(1117,50,1000,268,371),

(1118,98,1000,268,371),

(1119,99,1000,268,371),

(1120,138,1000,268,371),

(1121,168,1000,268,371),

(1122,199,1000,268,371),

(1123,299,1000,268,371),

(1124,399,1000,268,371),

(1125,880,1000,268,371),

(1126,50,1000,268,372),

(1127,98,1000,268,372),

(1128,99,1000,268,372),

(1129,138,1000,268,372),

(1130,168,1000,268,372),

(1131,199,1000,268,372),

(1132,299,1000,268,372),

(1133,399,1000,268,372),

(1134,880,1000,268,372),

(1135,50,1000,268,373),

(1136,98,1000,268,373),

(1137,99,1000,268,373),

(1138,138,1000,268,373),

(1139,168,1000,268,373),

(1140,199,1000,268,373),

(1141,299,1000,268,373),

(1142,399,1000,268,373),

(1143,880,1000,268,373),

(1144,50,1000,268,374),

(1145,98,1000,268,374),

(1146,99,1000,268,374),

(1147,138,1000,268,374),

(1148,168,1000,268,374),

(1149,199,1000,268,374),

(1150,299,1000,268,374),

(1151,399,1000,268,374),

(1152,880,1000,268,374),

(1153,50,1000,268,375),

(1154,98,1000,268,375),

(1155,99,1000,268,375),

(1156,138,1000,268,375),

(1157,168,1000,268,375),

(1158,199,1000,268,375),

(1159,299,1000,268,375),

(1160,399,1000,268,375),

(1161,880,1000,268,375),

(1162,50,0,268,376),

(1163,98,1000,268,376),

(1164,99,1000,268,376),

(1165,108,1000,268,376),

(1166,168,1000,268,376),

(1167,199,1000,268,376),

(1168,299,1000,268,376),

(1169,399,1000,268,376),

(1170,880,1000,268,376),

(1171,50,0,268,377),

(1172,98,1000,268,377),

(1173,99,1000,268,377),

(1174,168,1000,268,377),

(1175,199,1000,268,377),

(1176,299,1000,268,377),

(1177,399,1000,268,377),

(1178,880,1000,268,377),

(1179,50,1000,268,378),

(1180,98,1000,268,378),

(1181,99,1000,268,378),

(1182,108,1000,268,378),

(1183,168,1000,268,378),

(1184,199,1000,268,378),

(1185,299,1000,268,378),

(1186,399,1000,268,378),

(1187,880,1000,268,378),

(1188,50,0,268,379),

(1189,98,1000,268,379),

(1190,99,0,268,379),

(1191,108,1000,268,379),

(1192,168,1000,268,379),

(1193,199,1000,268,379),

(1194,299,1000,268,379),

(1195,399,1000,268,379),

(1196,880,1000,268,379),

(1197,999,1000,269,0),

(1198,999,1000,269,0),

(1199,2332,1000,269,0),

(1200,102,1000,270,380),

(1201,120,1000,270,380),

(1202,153,1000,270,380),

(1203,180,1000,270,380),

(1204,238,1000,270,380),

(1205,280,1000,270,380),

(1206,323,1000,270,380),

(1207,380,1000,270,380),

(1208,102,1000,270,381),

(1209,120,1000,270,381),

(1210,153,1000,270,381),

(1211,180,1000,270,381),

(1212,238,1000,270,381),

(1213,280,1000,270,381),

(1214,323,1000,270,381),

(1215,380,1000,270,381),

(1216,102,1000,270,382),

(1217,120,1000,270,382),

(1218,153,1000,270,382),

(1219,180,1000,270,382),

(1220,238,1000,270,382),

(1221,280,1000,270,382),

(1222,323,1000,270,382),

(1223,380,1000,270,382),

(1224,80,1000,271,383),

(1225,100,1000,271,383),

(1226,180,1000,271,383),

(1227,280,1000,271,383),

(1228,380,1000,271,383),

(1229,480,1000,271,383),

(1230,650,1000,271,383),

(1231,700,1000,271,383),

(1232,1000,1000,271,383),

(1233,80,1000,271,384),

(1234,100,1000,271,384),

(1235,180,1000,271,384),

(1236,280,1000,271,384),

(1237,380,1000,271,384),

(1238,480,1000,271,384),

(1239,650,1000,271,384),

(1240,700,1000,271,384),

(1241,1000,1000,271,384),

(1242,120,1000,272,385),

(1243,180,1000,272,385),

(1244,280,1000,272,385),

(1245,380,1000,272,385),

(1246,480,1000,272,385),

(1247,500,1000,272,385),

(1248,700,1000,272,385),

(1249,750,1000,272,385),

(1250,1050,1000,272,385),

(1251,120,1000,272,386),

(1252,180,1000,272,386),

(1253,280,1000,272,386),

(1254,380,1000,272,386),

(1255,480,1000,272,386),

(1256,500,1000,272,386),

(1257,700,1000,272,386),

(1258,750,1000,272,386),

(1259,1050,1000,272,386),

(1260,135,1000,273,387),

(1261,180,1000,273,387),

(1262,210,1000,273,387),

(1263,280,1000,273,387),

(1264,285,1000,273,387),

(1265,360,1000,273,387),

(1266,380,1000,273,387),

(1267,450,1000,273,387),

(1268,480,1000,273,387),

(1269,920,1000,273,387),

(1270,1160,1000,273,387),

(1271,135,1000,273,388),

(1272,180,1000,273,388),

(1273,210,1000,273,388),

(1274,280,1000,273,388),

(1275,285,1000,273,388),

(1276,360,1000,273,388),

(1277,380,1000,273,388),

(1278,450,1000,273,388),

(1279,480,1000,273,388),

(1280,920,1000,273,388),

(1281,1160,1000,273,388),

(1282,80,1000,274,389),

(1283,160,1000,274,389),

(1284,260,1000,274,389),

(1285,360,1000,274,389),

(1286,360,1000,274,389),

(1287,80,1000,274,390),

(1288,160,1000,274,390),

(1289,260,1000,274,390),

(1290,360,1000,274,390),

(1291,360,1000,274,390),

(1292,120,1000,275,391),

(1293,180,1000,275,391),

(1294,280,1000,275,391),

(1295,380,1000,275,391),

(1296,480,1000,275,391),

(1297,500,1000,275,391),

(1298,700,1000,275,391),

(1299,750,1000,275,391),

(1300,1050,1000,275,391),

(1301,25,1000,276,392),

(1302,30,1000,276,392),

(1303,90,1000,277,393),

(1304,150,1000,277,393),

(1305,180,0,278,394),

(1306,99,1000,279,395),

(1307,99,0,279,395),

(1308,180,1000,279,395),

(1309,180,0,279,395),

(1310,220,1000,279,395),

(1311,280,1000,279,395),

(1312,280,0,279,395),

(1313,380,0,279,395),

(1314,380,1000,279,395),

(1315,400,1000,279,395),

(1316,400,1000,279,395),

(1317,540,1000,279,395),

(1318,25,1000,280,396),

(1319,30,0,280,396),

(1320,90,1000,281,397),

(1321,150,1000,281,397),

(1322,90,1000,282,398),

(1323,150,1000,282,398),

(1324,180,0,283,399);

/*Table structure for table `t_ticketholder` */

DROP TABLE IF EXISTS `t_ticketholder`;

CREATE TABLE `t_ticketholder` (
  `id` INT(10) NOT NULL AUTO_INCREMENT COMMENT '（主键）',
  `name` VARCHAR(20) NOT NULL COMMENT '购票人姓名',
  `type` INT(10) NOT NULL COMMENT '证件类型(1.身份证,2.护照,3.港澳通行证,4.台胞证)',
  `document` VARCHAR(20) NOT NULL COMMENT '证件号',
  `t_user` INT(10) NOT NULL COMMENT '用户id(用户表外键)',
  PRIMARY KEY (`id`),
  KEY `t_user` (`t_user`),
  CONSTRAINT `t_ticketholder_ibfk_4` FOREIGN KEY (`t_user`) REFERENCES `t_user` (`id`) ON DELETE CASCADE ON UPDATE CASCADE,
  CONSTRAINT `t_ticketholder_ibfk_1` FOREIGN KEY (`t_user`) REFERENCES `t_user` (`id`),
  CONSTRAINT `t_ticketholder_ibfk_2` FOREIGN KEY (`t_user`) REFERENCES `t_user` (`id`) ON DELETE CASCADE ON UPDATE CASCADE,
  CONSTRAINT `t_ticketholder_ibfk_3` FOREIGN KEY (`t_user`) REFERENCES `t_user` (`id`) ON DELETE CASCADE ON UPDATE CASCADE
) ENGINE=INNODB AUTO_INCREMENT=24 DEFAULT CHARSET=utf8 COMMENT='常用购票人';

/*Data for the table `t_ticketholder` */

INSERT  INTO `t_ticketholder`(`id`,`name`,`type`,`document`,`t_user`) VALUES

(1,'嬴渠梁',1,'431026199209246517',2),

(2,'赢泗',1,'431028188209246517',2),

(3,'侯亮平',1,'431026199209246516',10),

(4,'杨过',1,'431026199209246515',11),

(5,'小龙女',1,'431026199209246555',11),

(6,'段誉',1,'431026199209246513',13),

(7,'黄姑娘',1,'431026199209246573',13),

(8,'虚竹',1,'431026199209246512',14),

(9,'戒色',1,'431026167209246592',14),

(10,'萧峰',1,'431026199209246511',15),

(11,'萧远山',1,'431026111509246510',15),

(12,'高育良',1,'431026199209246510',16),

(13,'高小琴',1,'431026199209236510',16),

(14,'吴惠芬',1,'431026199209116510',16),

(15,'黄蓉',1,'431026199209246109',18),

(16,'黄老邪',1,'431026190009246109',18),

(17,'郭靖',1,'431026190909246109',18),

(18,'张无忌',1,'431026139209246508',19),

(19,'杨不悔',1,'431026134209246508',19),

(20,'赵敏',1,'431026134277246508',19),

(21,'周芷若',1,'431026134277246508',19),

(23,'张翠山',1,'431026222277246508',19);

/*Table structure for table `t_time` */

DROP TABLE IF EXISTS `t_time`;

CREATE TABLE `t_time` (
  `time_id` BIGINT(20) NOT NULL AUTO_INCREMENT COMMENT '主键，演出时间id',
  `show_time` VARCHAR(255) NOT NULL COMMENT '演出时间',
  `show_id` BIGINT(20) NOT NULL COMMENT '外键，演出id',
  PRIMARY KEY (`time_id`),
  KEY `show_id` (`show_id`),
  CONSTRAINT `t_time_ibfk_3` FOREIGN KEY (`show_id`) REFERENCES `t_show` (`show_id`) ON DELETE CASCADE ON UPDATE CASCADE,
  CONSTRAINT `t_show_id_2341` FOREIGN KEY (`show_id`) REFERENCES `t_show` (`show_id`),
  CONSTRAINT `t_time_ibfk_1` FOREIGN KEY (`show_id`) REFERENCES `t_show` (`show_id`) ON DELETE CASCADE ON UPDATE CASCADE,
  CONSTRAINT `t_time_ibfk_2` FOREIGN KEY (`show_id`) REFERENCES `t_show` (`show_id`) ON DELETE CASCADE ON UPDATE CASCADE
) ENGINE=INNODB AUTO_INCREMENT=400 DEFAULT CHARSET=utf8;

/*Data for the table `t_time` */

INSERT  INTO `t_time`(`time_id`,`show_time`,`show_id`) VALUES

(1,'2018-11-03 周六 15:00（仅首次进场有效）',174),

(2,'2018-11-04 周日 15:00（仅首次进场有效）',174),

(3,'两日通票',174),

(4,'2019-01-12 周六 19:30',175),

(5,'2018-11-03 周六 15:30',175),

(6,'2018.11.3-2018.11.4',176),

(7,'2018-11-04 周日 15:30',177),

(8,'2018-11-10 周六 18:00',177),

(9,'2018-11-10 周六 19：30~23：30',177),

(10,'2018-11-10 周六 14:00',177),

(11,'2018-11-11 周日 14:00',177),

(12,'2018.11.10-11.11两日通票',177),

(13,'2018-12-31 周一 21:30',178),

(14,'2018-12-22 周六 14:00',178),

(15,'2018-12-22 周六 19:00',178),

(16,'2018-12-23 周日 19:00',178),

(17,'2018-12-24 周一 19:00',178),

(18,'2018-12-05周三19:30:00',179),

(19,'2018-12-06周四19:30:00',179),

(20,'2018-12-07周五19:30:00',179),

(21,'2018-12-08周六14:30:00',179),

(22,'2018-12-08周六19:30:00',179),

(23,'2019-01-10 周四 19:30',180),

(24,'2019-01-11 周五 19:30',180),

(25,'2019-01-12 周六 14:00',180),

(26,'2019-01-12 周六 19:30',180),

(27,'2019-01-13 周日 14:00',180),

(28,'2018-12-22 周六 19:30',181),

(29,'2018-12-23 周日 19:30',181),

(30,'2018-12-24 周一 19:30',181),

(31,'2018-12-25 周二 19:30',181),

(32,'2018-12-05 周三 19:30',182),

(33,'2018-12-06 周四 19:30',182),

(34,'2018-12-07 周五 19:30',182),

(35,'2018-12-08 周六 19:30',182),

(36,'2018-12-09 周日 19:30',182),

(37,'2018-12-29 周六 19:00',183),

(38,'2018-12-30 周日 19:00',183),

(39,'2018-11-06 周二 19:30',184),

(40,'2018-11-07 周三 19:30',184),

(41,'2018-11-08 周四 19:30',184),

(42,'2018-11-09 周五 19:30',184),

(43,'2018-11-10 周六 19:30',184),

(44,'2018-11-11 周日 14:30',184),

(45,'房东的猫 2018-11-12 周一 20:00',185),

(46,'GOSH 2018-11-13 周二 20:00',185),

(47,'明群 万晓利 2018-11-14 周三 20:00',185),

(48,'王胜男 花粥 2018-11-17 周六 20:00',185),

(52,'2018-11-24 周六 15:00',186),

(53,'2018-11-25 周日 15:00',186),

(54,'双日通票',186),

(55,'2018-11-17 周六 20:00',187),

(56,'2018-11-17 周六 19:30',187),

(57,'2018-11-03 周六 13:00',188),

(58,'2018-11-04 周日 15:00',188),

(59,'双日通票',188),

(60,'2018-11-10 周六 19:30',189),

(61,'2018-11-10 周六 19:30',189),

(62,'2018-12-28 周五 20:00',190),

(63,'2018-12-29 周六 20:00',190),

(64,'2018-12-30 周日 20:00',190),

(65,'2018-10-31 周三 21:00',190),

(66,'2018-11-24 周六 20:00',191),

(67,'2018-11-10 周六 14:30',192),

(68,'2018-11-11 周日 14:30',192),

(69,'两日通票',192),

(70,'2018-12-15 周六 19:00',193),

(71,'2018-12-22 周六 19:30',193),

(72,'2018-11-03 周六 14:30',194),

(73,'两日通票',194),

(74,'2018-11-04 周日 14:30',194),

(75,'2018-12-01 周六 19:30',195),

(76,'2018-11-17 周六 19:30',196),

(77,'2018-11-10 周六 19:30',197),

(78,'2018-11-10 周六 14:30',198),

(79,'双日通票',198),

(80,'2018-11-11 周日 14:30',198),

(81,'2018-11-23 周五 19:30',199),

(82,'2018-12-15 周六 19:30',200),

(83,'2018-11-25 周日 19:00',201),

(84,'2018-11-24 周六 19:30',201),

(85,'2018-11-09 周五 19:30',202),

(86,'2018-12-31 周一 21:00',203),

(87,'2018-12-14 周五 19:00',204),

(88,'2018-11-24 周六 19:30',205),

(89,'2018-12-08 周六 19:30',206),

(90,'2018-11-03 周六 19:30',207),

(91,'2018-12-01 周六 19:30',208),

(92,'2018.11.03 周六 20:30',209),

(93,'2018-11-03 周六 19:00',210),

(94,'2018-11-24 周六 20:00',211),

(95,'2018-12-22 周六 19:30',212),

(96,'2018-11-02 周五 14:00',213),

(97,'2018-11-03 周六 14:00',213),

(98,'2018-11-04 周日 14:00',213),

(99,'2018.11.02-11.04 三日通票',213),

(100,'2018-12-02 周日 20:00',214),

(101,'2018.11.11 周日 19:00',215),

(102,'2018-12-24 周一 19:30',216),

(103,'2018-11-11 周日 14:00',217),

(104,'2018-12-01 周六 20:15',218),

(105,'2018-11-09 周五 23:00',219),

(106,'2018-11-08 周四 19:30',219),

(107,'2018-11-09 周五 19:30',220),

(108,'2018-12-22 周六 19:30',221),

(109,'2018-11-03 周六 20:30',222),

(110,'2018-11-17 周六 19:30',223),

(111,'2018-11-10 周六 19:30',224),

(112,'2018-11-10 周六 19:30',225),

(113,'2018-12-27周四19:30:00',226),

(114,'2018-12-28周五19:30:00',226),

(115,'2018-12-29周六19:30:00',226),

(116,'2018-12-30周日19:30:00',226),

(117,'2018-12-31周一19:30:00',226),

(118,'2019-01-01周二19:30:00',226),

(119,'2019-01-03周四19:30:00',226),

(120,'2019-01-04周五19:30:00',226),

(121,'2019-01-05周六19:30:00',226),

(122,'2019-01-06周日14:30:00',226),

(123,'2018-10-31周三19:30:00',227),

(124,'2018-11-01周四19:30:00',227),

(125,'2018-11-02周五19:30:00',227),

(126,'2018-12-28 星期五 19:30',228),

(127,'2018-12-29 星期六 14:00',228),

(128,'2018-12-29 星期六 19:30',228),

(129,'2018-12-30 星期日 14:00',228),

(130,'2019-01-03 周四 19:30',229),

(131,'2019-01-04 周五 19:30',229),

(132,'2019-01-05 周六 14:30',229),

(133,'2019-01-05 周六 19:30',229),

(134,'2019-01-04 周五 19:30',230),

(135,'2019-01-05 周六 10:30',230),

(136,'2019-01-05 周六 15:30',230),

(137,'2018-12-24 周一 19:30',231),

(138,'2018-11-05 周一 19:30',232),

(139,'2018-11-17 周六 19:30',233),

(140,'2018-11-08 周四 20:00',234),

(141,'2018-11-17 周六 19:30',235),

(142,'2018-12-31 周一 19:30',236),

(143,'2018-12-29 周六 19:30',237),

(144,'2019-01-12 周六 19:30',238),

(145,'2019-01-12 周六 19:30',239),

(146,'2018-12-31 周一 19:30',240),

(147,'2018-12-22 19:30:00',241),

(148,'2018-11-11 周日 15:00',242),

(149,'2018-12-29 周六 19:30',243),

(150,'2018-11-25 10:30:00',244),

(151,'2018-12-15 周六 19:30',245),

(152,'2019-01-19 周六 20:00',246),

(153,'2018-11-25 14:00:00',247),

(154,'2018-12-01 周六 19:30',248),

(155,'2018-12-02 周日 19:30',248),

(156,'2018-12-03 周一 19:30',248),

(157,'2018-12-04 周二 19:30',248),

(158,'2018-12-06 周四 19:30',248),

(159,'2018-12-07 周五 19:30',248),

(160,'2018-12-08 周六 19:30',248),

(161,'2018-12-09 周日 19:30',248),

(162,'2018-11-10 星期六 14:00',249),

(163,'2018-11-24 周六 15:00',250),

(164,'2018-11-24 周六 20:00',250),

(165,'限时早鸟通票（2018.10.24-2019.03.29）',251),

(166,'通票（2019.03.30-06.30）',252),

(167,'“PART01幻想”：2018.11.03-12.14（周一闭馆）',253),

(168,'“PART02交织”：2018.12.15-2019.2.1（周一闭馆）',253),

(169,'2018年10月10日- 12月31日 9:00-17:00',254),

(170,'展览时间：2018年11月14-18日',255),

(171,'2018-11-25 周日 10:30',256),

(172,'2018-11-25 周日 14:30',256),

(173,'2018-11-15 周四 19:30',257),

(174,'2018-11-16 周五 19:30',257),

(175,'2018-11-17 周六 19:30',257),

(176,'2019-01-06 星期日 19:30',258),

(349,'2018-11-02 周五 20:00',259),

(350,'2018-11-03 周六 15:00',259),

(351,'2018-11-03 周六 20:00',259),

(352,'2008-10-31 周三 19:30 上海哔哩哔哩VS苏州肯帝亚',260),

(353,'2018-11-06 周二 19:30 上海哔哩哔哩VS北京首钢',260),

(354,'2018-11-08 周四 19:30 上海哔哩哔哩VS天津滨海云商',260),

(355,'2018-10-31周三19:35北京首钢vs浙江广厦控股',260),

(356,'2018-11-02周五19:35北京首钢vs上海哔哩哔哩',260),

(357,'三场小套票（C档价格）',260),

(358,'2018-11-04周日19:35北京首钢vs南京同曦大圣',260),

(359,'2018.11.16 【9:00-18:00生活节】',261),

(360,'2018.11.17  【9:00-12:00 马超上午场】',261),

(361,'2018.11.17   【9:00-12:00 马超vip上午场】',261),

(362,'2018.11.17 【13:30-18:00 马超下午场】',261),

(363,'2018.11.17  【13:30-18:00 马超vip下午场】',261),

(364,'2018.11.18  【9:00-12:00 马超上午场】',261),

(365,'2018.11.18 【9:00-18:00生活节】',261),

(366,'2018.11.18  【 9:00-12:00 马超vip上午场】',261),

(367,'2018.11.18  【13:30-18:00 马超下午场】',261),

(368,'2018.11.18   【13:30-18:00 马超vip下午场】',261),

(369,'2018-11-02 周五 19:35 深圳马可波罗VS新疆广汇汽车',262),

(370,'2018-12-08 周六 19:35  深圳马可波罗VS青岛国信双星',262),

(371,'2018-12-11 周二 19:35  深圳马可波罗VS辽宁本钢',262),

(372,'2019-01-10 周四 19:35 深圳马可波罗VS九台农商银行',262),

(373,'2019-01-15 周二 19:35  深圳马可波罗VS南京同曦大圣',262),

(374,'2019-01-22 周二 19:35  深圳马可波罗VS苏州肯帝亚',262),

(375,'2019-01-24 周四 19:35  深圳马可波罗VS山西汾酒股份',262),

(376,'2019-02-13 周三 19:35  深圳马可波罗VS八一南昌',262),

(377,'2019-03-03 周日 19:35 深圳马可波罗VS时代中国广州',262),

(378,'2019-03-05 周二 19:35 深圳马可波罗VS浙江稠州银行',262),

(379,'2019-03-13 周三 19:35 深圳马可波罗VS广东东莞银行',262),

(380,'2019-01-04 周五 19:30',263),

(381,'2019-01-05 周六 10:30',263),

(382,'2019-01-05 周六 15:30',263),

(383,'2018-11-17 周六 10:30',264),

(384,'2018-11-17 周六 15:30',264),

(385,'2019-01-13 周日 10:30',265),

(386,'2019-01-13 周日 15:00',265),

(387,'2018-12-23 周日 10:30',266),

(388,'2018-12-23 周日 15:00',266),

(389,'2018-11-11 19:30:00',267),

(390,'2018-12-11 19:30:00',267),

(391,'2019-01-05 周六 15:00',268),

(392,'通票（11.16-11.18）',268),

(393,'预售9.05-11.03  10:30',269),

(394,'通票',270),

(395,'2018-11-11 周日 15:00',270),

(396,'通票（11.16-11.18）',271),

(397,'预售9.05-11.03 10:30',272),

(398,'预售9.05-11.03 10:30',272),

(399,'通票',272);

/*Table structure for table `t_user` */

DROP TABLE IF EXISTS `t_user`;

CREATE TABLE `t_user` (
  `id` INT(10) NOT NULL AUTO_INCREMENT COMMENT '（主键）',
  `userName` VARCHAR(20) DEFAULT NULL COMMENT '用户真实姓名',
  `nickname` VARCHAR(20) DEFAULT NULL COMMENT '用户呢称',
  `password` VARCHAR(80) NOT NULL COMMENT '密码',
  `sex` INT(1) NOT NULL COMMENT '性别',
  `identityCode` VARCHAR(20) DEFAULT NULL COMMENT '身份证号',
  `date` DATE DEFAULT NULL COMMENT '出生日期',
  `loginName` VARCHAR(50) NOT NULL COMMENT '手机或电子邮箱(用户登入名)',
  `type` INT(1) NOT NULL COMMENT '用户类型',
  `imageName` VARCHAR(200) DEFAULT NULL COMMENT '图片文件名',
  `balance` DOUBLE DEFAULT '0' COMMENT '余额',
  `integral` BIGINT(20) DEFAULT '0' COMMENT '积分',
  `latelyLogin` TIMESTAMP NOT NULL DEFAULT CURRENT_TIMESTAMP COMMENT '最近一次登录时间',
  `login_phone` bigint(11) DEFAULT NULL COMMENT '手机登录',
  PRIMARY KEY (`id`),
  UNIQUE KEY `loginName` (`loginName`),
  UNIQUE KEY `identityCode` (`identityCode`)
) ENGINE=INNODB AUTO_INCREMENT=22 DEFAULT CHARSET=utf8 COMMENT='用户表';

/*Data for the table `t_user` */

INSERT  INTO `t_user`(`id`,`userName`,`nickname`,`password`,`sex`,`identityCode`,`date`,`loginName`,`type`,`imageName`,`balance`,`integral`,`latelyLogin`) VALUES

(2,'系统管理员','admin','f5e05a41724115d076bfb1fd2bd9613e',1,'431026199209246517','1990-02-03','15892335150',1,'u=1519862463,2134948269&fm=27&gp=0.jpg',1000,120,'2018-11-21 23:30:38'),

(10,'侯亮平','麦子','f5e05a41724115d076bfb1fd2bd9613e',1,'431026199209246516','2000-12-15','13366015011',0,'u=1983552499,3441228778&fm=27&gp=0.jpg',826,60,'2018-11-21 23:30:38'),

(11,'杨过','麦子','f5e05a41724115d076bfb1fd2bd9613e',1,'431026199209246515','1987-09-29','13366050010',0,'u=2750804369,2805066239&fm=27&gp=0.jpg',12,0,'2018-11-21 23:30:38'),

(12,'郭靖','麦子','f5e05a41724115d076bfb1fd2bd9613e',1,'431026199209246514','1995-08-04','13366055010',0,'u=1445021223,426127436&fm=26&gp=0.jpg',0,0,'2018-11-21 23:30:38'),

(13,'段誉','段誉','f5e05a41724115d076bfb1fd2bd9613e',1,'431026199209246513','2005-01-05','13323055010',0,'u=867242349,3484697129&fm=27&gp=0.jpg',45,0,'2018-11-21 23:30:38'),

(14,'虚竹','虚竹','f5e05a41724115d076bfb1fd2bd9613e',1,'431026199209246512','1999-12-01','13316055010',0,'u=113742873,3682558950&fm=26&gp=0.jpg',0,0,'2018-11-21 23:30:38'),

(15,'萧峰','萧峰','f5e05a41724115d076bfb1fd2bd9613e',1,'431026199209246511','1982-11-14','1042379606@qq.com',0,'u=2368085576,383221704&fm=27&gp=0.jpg',200,0,'2018-11-21 23:30:38'),

(16,'高育良','gyl','f5e05a41724115d076bfb1fd2bd9613e',1,'431026199209246510','1997-05-06','1042379610@qq.com',0,'u=2552034794,1082264067&fm=27&gp=0.jpg',0,0,'2018-11-21 23:30:38'),

(18,'黄蓉','huanron','f5e05a41724115d076bfb1fd2bd9613e',0,'431026199209246509','1992-09-24','1042379609@qq.com',0,'u=3991348147,3607193043&fm=26&gp=0.jpg',300,0,'2018-11-21 23:30:38'),

(19,'张无忌','zhangwuji','f5e05a41724115d076bfb1fd2bd9613e',1,'431026199209246508','2001-02-05','1042379608@qq.com',0,'u=365313977,213726801&fm=27&gp=0.jpg',650,60,'2018-11-21 23:30:38'),

(20,'李莫愁','limocou','f5e05a41724115d076bfb1fd2bd9613e',0,'43102619920924651X','1997-05-29','1042379607@qq.com',1,'u=757063043,1673176360&fm=27&gp=0.jpg',1500,180,'2018-11-21 23:30:38');


ALTER TABLE t_reduce ADD CONSTRAINT FOREIGN KEY(user_id) REFERENCES t_user(id) ON DELETE CASCADE
ON UPDATE CASCADE;
ALTER TABLE t_ticketHolder ADD CONSTRAINT FOREIGN KEY(t_user) REFERENCES t_user(id) ON DELETE CASCADE
ON UPDATE CASCADE;
ALTER TABLE t_address ADD CONSTRAINT FOREIGN KEY(user_id) REFERENCES t_user(id) ON DELETE CASCADE
ON UPDATE CASCADE;
ALTER TABLE t_order ADD CONSTRAINT FOREIGN KEY(user_id) REFERENCES t_user(id) ON DELETE CASCADE
ON UPDATE CASCADE;
ALTER TABLE t_order ADD CONSTRAINT FOREIGN KEY(address_id) REFERENCES t_address(address_id) ON DELETE CASCADE
ON UPDATE CASCADE;
ALTER TABLE t_order ADD CONSTRAINT FOREIGN KEY(show_id) REFERENCES t_show(show_id) ON DELETE CASCADE
ON UPDATE CASCADE;
ALTER TABLE t_time ADD CONSTRAINT FOREIGN KEY(show_id) REFERENCES t_show(show_id) ON DELETE CASCADE
ON UPDATE CASCADE;
ALTER TABLE t_ticket ADD CONSTRAINT FOREIGN KEY(show_id) REFERENCES t_show(show_id) ON DELETE CASCADE
ON UPDATE CASCADE;
ALTER TABLE t_order ADD CONSTRAINT FOREIGN KEY(address_id) REFERENCES t_address(address_id) ON DELETE CASCADE
ON UPDATE CASCADE;


/*!40101 SET SQL_MODE=@OLD_SQL_MODE */;
/*!40014 SET FOREIGN_KEY_CHECKS=@OLD_FOREIGN_KEY_CHECKS */;
/*!40014 SET UNIQUE_CHECKS=@OLD_UNIQUE_CHECKS */;
/*!40111 SET SQL_NOTES=@OLD_SQL_NOTES */;


/*用户表*/
SELECT * FROM t_user;

